import time: self [us] | cumulative | imported package
import time:       212 |        212 |   _io
import time:        25 |         25 |   marshal
import time:       208 |        208 |   posix
import time:       235 |        679 | _frozen_importlib_external
import time:        82 |         82 |   time
import time:        71 |        153 | zipimport
import time:        44 |         44 |     _codecs
import time:       200 |        244 |   codecs
import time:       293 |        293 |   encodings.aliases
import time:       463 |        999 | encodings
import time:       121 |        121 | encodings.utf_8
import time:        62 |         62 | _signal
import time:        27 |         27 |     _abc
import time:        77 |        103 |   abc
import time:        96 |        199 | io
import time:        28 |         28 |       _stat
import time:        35 |         63 |     stat
import time:       526 |        526 |     _collections_abc
import time:        31 |         31 |       genericpath
import time:        44 |         74 |     posixpath
import time:       216 |        877 |   os
import time:        38 |         38 |   _sitebuiltins
import time:       107 |        107 |     __future__
import time:       187 |        187 |         warnings
import time:       115 |        302 |       importlib
import time:        34 |        336 |     importlib.machinery
import time:       116 |        116 |       importlib._abc
import time:        79 |         79 |             itertools
import time:        83 |         83 |             keyword
import time:        44 |         44 |               _operator
import time:       224 |        267 |             operator
import time:       125 |        125 |             reprlib
import time:        41 |         41 |             _collections
import time:       514 |       1107 |           collections
import time:       234 |        234 |           types
import time:        34 |         34 |           _functools
import time:       470 |       1844 |         functools
import time:       139 |        139 |         _weakrefset
import time:       403 |       2385 |       threading
import time:        77 |       2576 |     importlib.util
import time:       895 |        895 |           enum
import time:       112 |        112 |             _sre
import time:       163 |        163 |               re._constants
import time:       266 |        428 |             re._parser
import time:        71 |         71 |             re._casefix
import time:       275 |        885 |           re._compiler
import time:       107 |        107 |           copyreg
import time:       411 |       2296 |         re
import time:        91 |       2387 |       fnmatch
import time:        43 |         43 |       errno
import time:        79 |         79 |         urllib
import time:        47 |         47 |         math
import time:      1450 |       1450 |         ipaddress
import time:       823 |       2398 |       urllib.parse
import time:       130 |        130 |         _winapi
import time:        48 |         48 |         nt
import time:        38 |         38 |         nt
import time:        37 |         37 |         nt
import time:        37 |         37 |         nt
import time:        35 |         35 |         nt
import time:        40 |         40 |         nt
import time:        57 |        418 |       ntpath
import time:       507 |       5750 |     pathlib
import time:       931 |       9698 |   __editable___sglang_0_5_19_dev20260908_g554f817948_finder
import time:        63 |         63 |               zlib
import time:       124 |        124 |                 _compression
import time:       213 |        213 |                 _bz2
import time:       211 |        547 |               bz2
import time:       193 |        193 |                 _lzma
import time:       146 |        338 |               lzma
import time:       453 |       1401 |             shutil
import time:        22 |         22 |                 _bisect
import time:        78 |        100 |               bisect
import time:        23 |         23 |               _random
import time:        23 |         23 |               _sha2
import time:       340 |        485 |             random
import time:       262 |        262 |             weakref
import time:       272 |       2418 |           tempfile
import time:       421 |        421 |           contextlib
import time:       670 |        670 |               _ast
import time:       900 |       1570 |             ast
import time:        22 |         22 |                 _opcode
import time:       264 |        286 |               opcode
import time:       619 |        904 |             dis
import time:       125 |        125 |             collections.abc
import time:        97 |         97 |                 token
import time:        21 |         21 |                 _tokenize
import time:       566 |        682 |               tokenize
import time:        89 |        771 |             linecache
import time:      1340 |       4707 |           inspect
import time:        31 |         31 |             _typing
import time:      1752 |       1783 |           typing
import time:       274 |        274 |           importlib.resources.abc
import time:       190 |        190 |           importlib.resources._adapters
import time:       272 |      10062 |         importlib.resources._common
import time:       129 |        129 |         importlib.resources._legacy
import time:        92 |      10281 |       importlib.resources
import time:       832 |      11113 |     importlib.abc
import time:        51 |         51 |         _locale
import time:       567 |        617 |       locale
import time:       379 |        379 |       signal
import time:        35 |         35 |       fcntl
import time:        81 |         81 |       msvcrt
import time:        15 |         15 |       _posixsubprocess
import time:        29 |         29 |       select
import time:       434 |        434 |       selectors
import time:       447 |       2034 |     subprocess
import time:       868 |      14014 |   _editable_skbc_tilelang
import time:       212 |        212 |   _distutils_hack
import time:       658 |        658 |     apport_python_hook
import time:       118 |        775 |   sitecustomize
import time:       101 |        101 |   usercustomize
import time:      2794 |      28505 | site
import time:       113 |        113 |           _wmi
import time:       493 |        605 |         platform
import time:        92 |         92 |           sglang.srt
import time:        50 |         50 |               _struct
import time:        85 |        135 |             struct
import time:        41 |         41 |             binascii
import time:       236 |        411 |           base64
import time:       131 |        131 |                 _json
import time:       246 |        376 |               json.scanner
import time:       282 |        657 |             json.decoder
import time:       343 |        343 |             json.encoder
import time:       131 |       1130 |           json
import time:      1073 |       2705 |         sglang.srt.environ
import time:       573 |        573 |                 gettext
import time:       623 |       1195 |               argparse
import time:       105 |        105 |                     concurrent
import time:       644 |        644 |                           textwrap
import time:       376 |       1020 |                         traceback
import time:        27 |         27 |                           _string
import time:       400 |        427 |                         string
import time:        32 |         32 |                         atexit
import time:      1127 |       2604 |                       logging
import time:       404 |       3008 |                     concurrent.futures._base
import time:       114 |       3226 |                   concurrent.futures
import time:        28 |         28 |                     _heapq
import time:       147 |        174 |                   heapq
import time:       132 |        132 |                     _socket
import time:       133 |        133 |                     array
import time:       975 |       1239 |                   socket
import time:      1348 |       1348 |                     _ssl
import time:      2543 |       3890 |                   ssl
import time:       177 |        177 |                   asyncio.constants
import time:        89 |         89 |                   asyncio.coroutines
import time:        99 |         99 |                       _contextvars
import time:        94 |        193 |                     contextvars
import time:        78 |         78 |                     asyncio.format_helpers
import time:       149 |        149 |                       asyncio.base_futures
import time:       126 |        126 |                       asyncio.exceptions
import time:        73 |         73 |                       asyncio.base_tasks
import time:       185 |        532 |                     _asyncio
import time:       316 |       1117 |                   asyncio.events
import time:       151 |        151 |                   asyncio.futures
import time:       107 |        107 |                   asyncio.protocols
import time:       168 |        168 |                     asyncio.transports
import time:        60 |         60 |                     asyncio.log
import time:       368 |        595 |                   asyncio.sslproto
import time:        68 |         68 |                       asyncio.mixins
import time:       349 |        416 |                     asyncio.locks
import time:       261 |        261 |                       asyncio.timeouts
import time:       258 |        519 |                     asyncio.tasks
import time:       181 |       1115 |                   asyncio.staggered
import time:       110 |        110 |                   asyncio.trsock
import time:       626 |      12609 |                 asyncio.base_events
import time:       182 |        182 |                 asyncio.runners
import time:       156 |        156 |                 asyncio.queues
import time:       219 |        219 |                 asyncio.streams
import time:       142 |        142 |                 asyncio.subprocess
import time:       113 |        113 |                 asyncio.taskgroups
import time:        54 |         54 |                 asyncio.threads
import time:       146 |        146 |                   asyncio.base_subprocess
import time:       346 |        346 |                   asyncio.selector_events
import time:       595 |       1086 |                 asyncio.unix_events
import time:       171 |      14727 |               asyncio
import time:       312 |        312 |                 _ctypes
import time:       203 |        203 |                 ctypes._endian
import time:       898 |       1412 |               ctypes
import time:        35 |         35 |               gc
import time:       172 |        172 |                 _compat_pickle
import time:        76 |         76 |                 _pickle
import time:       647 |        894 |               pickle
import time:       135 |        135 |               resource
import time:       121 |        121 |                 _uuid
import time:       357 |        477 |               uuid
import time:       126 |        126 |                 copy
import time:       430 |        555 |               dataclasses
import time:       284 |        284 |                   numbers
import time:       464 |        748 |                 _decimal
import time:        96 |        843 |               decimal
import time:        52 |         52 |                   _csv
import time:       294 |        346 |                 csv
import time:       106 |        106 |                 email
import time:       129 |        129 |                     zipfile._path.glob
import time:       316 |        444 |                   zipfile._path
import time:       559 |       1003 |                 zipfile
import time:       106 |        106 |                     quopri
import time:       146 |        146 |                         _datetime
import time:        79 |        224 |                       datetime
import time:       556 |        556 |                         calendar
import time:       157 |        713 |                       email._parseaddr
import time:        79 |         79 |                         email.base64mime
import time:       124 |        124 |                         email.quoprimime
import time:       736 |        736 |                         email.errors
import time:        67 |         67 |                         email.encoders
import time:       140 |       1145 |                       email.charset
import time:       299 |       2380 |                     email.utils
import time:       363 |        363 |                       email.header
import time:       211 |        574 |                     email._policybase
import time:       170 |        170 |                     email._encoded_words
import time:        80 |         80 |                     email.iterators
import time:       339 |       3646 |                   email.message
import time:       123 |        123 |                     importlib.metadata._functools
import time:        89 |        211 |                   importlib.metadata._text
import time:       151 |       4007 |                 importlib.metadata._adapters
import time:       263 |        263 |                 importlib.metadata._meta
import time:       179 |        179 |                 importlib.metadata._collections
import time:        67 |         67 |                 importlib.metadata._itertools
import time:       753 |       6720 |               importlib.metadata
import time:       210 |        210 |                   multiprocessing.process
import time:       178 |        178 |                   multiprocessing.reduction
import time:       417 |        805 |                 multiprocessing.context
import time:       165 |        970 |               multiprocessing
import time:       161 |        161 |                   unittest.util
import time:       170 |        331 |                 unittest.result
import time:       446 |        446 |                   difflib
import time:       212 |        212 |                   pprint
import time:       634 |       1290 |                 unittest.case
import time:       163 |        163 |                 unittest.suite
import time:       367 |        367 |                 unittest.loader
import time:        75 |         75 |                     unittest.signals
import time:       133 |        207 |                   unittest.runner
import time:       131 |        337 |                 unittest.main
import time:       141 |       2626 |               unittest
import time:       166 |        166 |                 numpy.version
import time:        71 |         71 |                 numpy._expired_attrs_2_0
import time:        91 |         91 |                     numpy._utils._convertions
import time:        81 |        172 |                   numpy._utils
import time:       232 |        403 |                 numpy._globals
import time:        22 |         22 |                   numpy._distributor_init_local
import time:        78 |         99 |                 numpy._distributor_init
import time:       212 |        212 |                           numpy.exceptions
import time:       193 |        193 |                           numpy._core._exceptions
import time:        82 |         82 |                           numpy._core.printoptions
import time:       159 |        159 |                           numpy.dtypes
import time:      8218 |       8862 |                         numpy._core._multiarray_umath
import time:       107 |        107 |                           numpy._utils._inspect
import time:       226 |        333 |                         numpy._core.overrides
import time:       439 |       9633 |                       numpy._core.multiarray
import time:       135 |        135 |                       numpy._core.umath
import time:       110 |        110 |                         numpy._core._dtype
import time:        69 |         69 |                         numpy._core._string_helpers
import time:       174 |        174 |                         numpy._core._type_aliases
import time:       215 |        567 |                       numpy._core.numerictypes
import time:       117 |        117 |                         numpy._core._ufunc_config
import time:       209 |        209 |                           numpy._core._methods
import time:       586 |        794 |                         numpy._core.fromnumeric
import time:       115 |       1025 |                       numpy._core._machar
import time:       742 |        742 |                           numpy._core.shape_base
import time:        87 |         87 |                           numpy._core._asarray
import time:       428 |        428 |                           numpy._core.arrayprint
import time:       478 |       1733 |                         numpy._core.numeric
import time:       178 |       1910 |                       numpy._core.einsumfunc
import time:       146 |        146 |                       numpy._core.function_base
import time:       205 |        205 |                       numpy._core.getlimits
import time:       109 |        109 |                       numpy._core.memmap
import time:       212 |        212 |                       numpy._core.records
import time:       647 |        647 |                       numpy._core._add_newdocs
import time:       229 |        229 |                       numpy._core._add_newdocs_scalars
import time:        78 |         78 |                       numpy._core._dtype_ctypes
import time:       522 |        522 |                       numpy._core._internal
import time:        97 |         97 |                       numpy._pytesttester
import time:       279 |      15788 |                     numpy._core
import time:        14 |      15801 |                   numpy._core._multiarray_umath
import time:       212 |      16013 |                 numpy.__config__
import time:       225 |        225 |                                   numpy._typing._nbit_base
import time:       313 |        313 |                                   numpy._typing._nested_sequence
import time:        98 |         98 |                                   numpy._typing._shape
import time:      5286 |       5921 |                                 numpy._typing._array_like
import time:       965 |        965 |                                 numpy._typing._char_codes
import time:      2014 |       2014 |                                 numpy._typing._dtype_like
import time:        91 |         91 |                                 numpy._typing._nbit
import time:        80 |         80 |                                 numpy._typing._scalars
import time:        60 |         60 |                                 numpy._typing._ufunc
import time:       271 |       9399 |                               numpy._typing
import time:       151 |        151 |                                 numpy.lib._stride_tricks_impl
import time:       216 |        367 |                               numpy.lib._twodim_base_impl
import time:        63 |         63 |                                 numpy.lib._array_utils_impl
import time:        74 |        137 |                               numpy.lib.array_utils
import time:       330 |        330 |                               numpy.linalg._umath_linalg
import time:      1020 |      11251 |                             numpy.linalg._linalg
import time:        88 |         88 |                             numpy.linalg.linalg
import time:       106 |      11444 |                           numpy.linalg
import time:       199 |      11643 |                         numpy.matrixlib.defmatrix
import time:        84 |      11726 |                       numpy.matrixlib
import time:       277 |        277 |                         numpy.lib._histograms_impl
import time:       718 |        995 |                       numpy.lib._function_base_impl
import time:        73 |         73 |                       numpy.lib.stride_tricks
import time:       256 |      13049 |                     numpy.lib._index_tricks_impl
import time:       235 |      13284 |                   numpy.lib._arraypad_impl
import time:       465 |        465 |                   numpy.lib._arraysetops_impl
import time:       116 |        116 |                   numpy.lib._arrayterator_impl
import time:       358 |        358 |                   numpy.lib._nanfunctions_impl
import time:       153 |        153 |                         numpy.lib._utils_impl
import time:       144 |        296 |                       numpy.lib._format_impl
import time:        68 |        364 |                     numpy.lib.format
import time:       160 |        160 |                     numpy.lib._datasource
import time:       303 |        303 |                     numpy.lib._iotools
import time:       402 |       1227 |                   numpy.lib._npyio_impl
import time:        82 |         82 |                       numpy.lib._ufunclike_impl
import time:       170 |        252 |                     numpy.lib._type_check_impl
import time:       346 |        597 |                   numpy.lib._polynomial_impl
import time:       260 |        260 |                   numpy.lib._shape_base_impl
import time:        89 |         89 |                   numpy.lib._version
import time:        58 |         58 |                   numpy.lib.introspect
import time:       169 |        169 |                   numpy.lib.mixins
import time:        55 |         55 |                   numpy.lib.npyio
import time:       174 |        174 |                     numpy.lib._scimath_impl
import time:        53 |        226 |                   numpy.lib.scimath
import time:       229 |      17127 |                 numpy.lib
import time:        92 |         92 |                 numpy._array_api_info
import time:      1553 |      35520 |               numpy
import time:       202 |        202 |                 orjson.orjson
import time:       244 |        445 |               orjson
import time:        40 |         40 |                 pwd
import time:       581 |        581 |                 psutil._common
import time:      2082 |       2082 |                 psutil._ntuples
import time:       312 |        312 |                   glob
import time:       392 |        392 |                   psutil._psposix
import time:       174 |        174 |                   psutil._psutil_linux
import time:      1517 |       2394 |                 psutil._pslinux
import time:      1575 |       6670 |               psutil
import time:       102 |        102 |                 pybase64._license
import time:        54 |         54 |                 pybase64._version
import time:       117 |        117 |                 pybase64._pybase64
import time:       181 |        452 |               pybase64
import time:       428 |        428 |                       http
import time:       405 |        405 |                         email.feedparser
import time:       125 |        530 |                       email.parser
import time:       621 |       1578 |                     http.client
import time:       611 |       2188 |                   urllib3.exceptions
import time:       197 |        197 |                           urllib3.util.timeout
import time:       185 |        382 |                         urllib3.util.connection
import time:        65 |         65 |                           urllib3.util.util
import time:       153 |        153 |                           brotlicffi
import time:        87 |         87 |                           brotli
import time:        81 |         81 |                           backports
import time:       425 |        809 |                         urllib3.util.request
import time:        95 |         95 |                         urllib3.util.response
import time:       302 |        302 |                         urllib3.util.retry
import time:       699 |        699 |                             _hashlib
import time:        73 |         73 |                             _blake2
import time:       174 |        945 |                           hashlib
import time:       160 |        160 |                           hmac
import time:      3868 |       3868 |                           urllib3.util.url
import time:       190 |        190 |                           urllib3.util.ssltransport
import time:       217 |       5378 |                         urllib3.util.ssl_
import time:        90 |         90 |                         urllib3.util.wait
import time:       109 |       7162 |                       urllib3.util
import time:        18 |       7179 |                     urllib3.util.connection
import time:       436 |       7615 |                   urllib3._base_connection
import time:       418 |        418 |                   urllib3._collections
import time:        88 |         88 |                   urllib3._version
import time:       164 |        164 |                       _queue
import time:       438 |        602 |                     queue
import time:       110 |        110 |                             _winapi
import time:        85 |         85 |                             winreg
import time:       194 |        388 |                           mimetypes
import time:       135 |        522 |                         urllib3.fields
import time:       122 |        643 |                       urllib3.filepost
import time:       101 |        101 |                         brotlicffi
import time:        81 |         81 |                         brotli
import time:        86 |         86 |                           urllib3.http2
import time:       115 |        115 |                           urllib3.http2.probe
import time:       183 |        183 |                           urllib3.util.ssl_match_hostname
import time:       491 |        874 |                         urllib3.connection
import time:       108 |        108 |                         backports
import time:       421 |       1583 |                       urllib3.response
import time:       167 |       2392 |                     urllib3._request_methods
import time:        82 |         82 |                     urllib3.util.proxy
import time:       283 |       3358 |                   urllib3.connectionpool
import time:       642 |        642 |                   urllib3.poolmanager
import time:       211 |      14516 |                 urllib3
import time:      1316 |       1316 |                           charset_normalizer.constant
import time:        63 |         63 |                             unicodedata
import time:       755 |        818 |                           charset_normalizer.utils
import time:       415 |       2547 |                         charset_normalizer.md
import time:      1886 |       4432 |                       charset_normalizer.cd
import time:       261 |        261 |                       charset_normalizer.models
import time:       123 |        123 |                       _multibytecodec
import time:      1388 |       6203 |                     charset_normalizer.api
import time:       106 |        106 |                     charset_normalizer.legacy
import time:        70 |         70 |                     charset_normalizer.version
import time:       104 |        104 |                     simplejson
import time:       109 |        109 |                           urllib.response
import time:       129 |        237 |                         urllib.error
import time:      1087 |       1324 |                       urllib.request
import time:      1640 |       2963 |                     http.cookiejar
import time:       733 |        733 |                     http.cookies
import time:       343 |      10518 |                   requests.compat
import time:       389 |      10907 |                 requests.exceptions
import time:       122 |        122 |                 chardet
import time:       120 |        120 |                       idna.idnadata
import time:        67 |         67 |                       idna.intranges
import time:       676 |        863 |                     idna.core
import time:        68 |         68 |                     idna.package_data
import time:       142 |       1071 |                   idna
import time:       279 |       1349 |                 requests.packages
import time:        95 |         95 |                       certifi.core
import time:       118 |        212 |                     certifi
import time:        76 |        288 |                   requests.certs
import time:        54 |         54 |                   requests.__version__
import time:       210 |        210 |                   requests._internal_utils
import time:       216 |        216 |                   requests._types
import time:       261 |        261 |                   requests.cookies
import time:       181 |        181 |                   requests.structures
import time:        52 |         52 |                       importlib.resources._itertools
import time:       182 |        233 |                     importlib.resources.readers
import time:       172 |        405 |                   importlib.readers
import time:       842 |       2452 |                 requests.utils
import time:       172 |        172 |                       requests.auth
import time:       209 |        209 |                           stringprep
import time:       167 |        375 |                         encodings.idna
import time:        74 |         74 |                         requests.hooks
import time:       228 |        228 |                         requests.status_codes
import time:       387 |       1062 |                       requests.models
import time:        83 |         83 |                         urllib3.contrib
import time:       128 |        128 |                         socks
import time:       168 |        378 |                       urllib3.contrib.socks
import time:       198 |       1809 |                     requests.adapters
import time:       198 |       2006 |                   requests.sessions
import time:       104 |       2109 |                 requests.api
import time:       211 |      31664 |               requests
import time:      1348 |       1348 |                 typing_extensions
import time:       708 |        708 |                 torch._utils
import time:        88 |         88 |                     torch._strobelight
import time:       139 |        139 |                       timeit
import time:       233 |        372 |                     torch._strobelight.cli_function_profiler
import time:       218 |        677 |                   torch._strobelight.compile_time_profiler
import time:       276 |        953 |                 torch._utils_internal
import time:        67 |         67 |                       torch._vendor
import time:       106 |        173 |                     torch._vendor.packaging
import time:        89 |         89 |                     torch._vendor.packaging._structures
import time:      1312 |       1572 |                   torch._vendor.packaging.version
import time:        94 |         94 |                   torch.version
import time:       114 |       1778 |                 torch.torch_version
import time:        25 |         25 |                 torch._rocm_init
import time:    452307 |     452307 |                 torch._C
import time:       108 |        108 |                   torch._namedtensor_internals
import time:      1179 |       1179 |                   torch.overrides
import time:       807 |       2092 |                 torch._tensor
import time:       247 |        247 |                   torch.types
import time:       553 |        800 |                 torch.storage
import time:       245 |        245 |                   torch.amp.autocast_mode
import time:       337 |        337 |                   torch.amp.grad_scaler
import time:       135 |        716 |                 torch.amp
import time:       107 |        107 |                 torch.random
import time:        51 |         51 |                     grp
import time:      1583 |       1634 |                   tarfile
import time:       232 |        232 |                   torch._weights_only_unpickler
import time:       330 |        330 |                   torch._sources
import time:       269 |        269 |                   mmap
import time:       865 |       3328 |                 torch.serialization
import time:       813 |        813 |                 torch._tensor_str
import time:       184 |        184 |                   torch.cuda._device_limits
import time:       106 |        106 |                   torch.cuda.gds
import time:       164 |        164 |                   torch.cuda._utils
import time:       264 |        264 |                   torch.cuda.graphs
import time:        98 |         98 |                   torch.cuda.green_contexts
import time:       131 |        131 |                   torch.cuda.streams
import time:       108 |        108 |                     amdsmi._version
import time:      5003 |       5003 |                       amdsmi.amdsmi_wrapper
import time:       242 |        242 |                       amdsmi.amdsmi_exception
import time:      5023 |      10266 |                     amdsmi.amdsmi_interface
import time:       397 |      10770 |                   amdsmi
import time:       289 |        289 |                     torch.cuda._memory_viz
import time:       474 |        763 |                   torch.cuda.memory
import time:       130 |        130 |                   torch.cuda.random
import time:       198 |        198 |                     torch.cuda.amp.autocast_mode
import time:        79 |         79 |                     torch.cuda.amp.common
import time:        89 |         89 |                     torch.cuda.amp.grad_scaler
import time:       113 |        477 |                   torch.cuda.amp
import time:       102 |        102 |                   torch.cuda.jiterator
import time:        89 |         89 |                   torch.cuda.nvtx
import time:        70 |         70 |                   torch.cuda.profiler
import time:        55 |         55 |                   torch.cuda.sparse
import time:       178 |        178 |                   torch.cuda.tunable
import time:      2592 |      16166 |                 torch.cuda
import time:       118 |        118 |                     torch.sparse._semi_structured_conversions
import time:       182 |        182 |                     torch.sparse._semi_structured_ops
import time:       388 |        688 |                   torch.sparse.semi_structured
import time:       198 |        885 |                 torch.sparse
import time:       150 |        150 |                 torch._compile
import time:        92 |         92 |                 torch._VF
import time:       261 |        261 |                       torch.nn.parameter
import time:       753 |        753 |                           torch._prims_common
import time:       203 |        203 |                               torch.utils.backcompat
import time:       429 |        429 |                               torch.utils.collect_env
import time:       104 |        104 |                                             torch.distributed._pycute.typing
import time:       189 |        292 |                                           torch.distributed._pycute.int_tuple
import time:       292 |        292 |                                           torch.distributed._pycute.layout
import time:       110 |        693 |                                         torch.distributed._pycute
import time:       711 |       1403 |                                       torch.distributed._mesh_layout
import time:       257 |        257 |                                       torch.utils._typing_utils
import time:       299 |        299 |                                             pkgutil
import time:      1232 |       1531 |                                           unittest.mock
import time:      1252 |       2783 |                                         torch.utils._config_module
import time:       398 |       3180 |                                       torch.distributed.config
import time:       133 |        133 |                                         torch.monitor
import time:        84 |         84 |                                           torch.distributed.logging_handlers
import time:       181 |        264 |                                         torch.distributed.c10d_logger
import time:      1097 |       1097 |                                         torch.distributed.constants
import time:       141 |        141 |                                         torch.distributed.rendezvous
import time:       206 |        206 |                                           torchcomms
import time:        11 |        216 |                                         torchcomms._comms
import time:     18477 |      20326 |                                       torch.distributed.distributed_c10d
import time:       814 |      25978 |                                     torch.distributed.device_mesh
import time:       235 |        235 |                                     torch.distributed.remote_device
import time:      2654 |      28867 |                                   torch.distributed
import time:       243 |        243 |                                                   torch.utils.data.datapipes._hook_iterator
import time:       341 |        583 |                                                 torch.utils.data.datapipes._typing
import time:       159 |        159 |                                                   torch.utils._import_utils
import time:        83 |         83 |                                                     torch.utils.data.datapipes.utils
import time:       329 |        412 |                                                   torch.utils.data.datapipes.utils.common
import time:       409 |        409 |                                                   torch.utils.data.dataset
import time:       112 |        112 |                                                     dill.__info__
import time:       252 |        252 |                                                       dill.logger
import time:       790 |        790 |                                                       _pyio
import time:       130 |        130 |                                                       dill._shims
import time:        63 |         63 |                                                       dill.settings
import time:       149 |        149 |                                                       winreg
import time:      1449 |       2831 |                                                     dill._dill
import time:       842 |        842 |                                                     dill.session
import time:        90 |         90 |                                                       dill.pointers
import time:       202 |        291 |                                                     dill.detect
import time:       226 |        226 |                                                     dill.source
import time:        94 |         94 |                                                     dill.temp
import time:        58 |         58 |                                                     dill.objtypes
import time:       271 |       4721 |                                                   dill
import time:       446 |       6145 |                                                 torch.utils.data.datapipes.datapipe
import time:       157 |       6884 |                                               torch.utils.data.datapipes._decorator
import time:       196 |        196 |                                                 torch.utils.data.datapipes.dataframe.dataframe_wrapper
import time:       144 |        339 |                                               torch.utils.data.datapipes.dataframe.structures
import time:       464 |       7685 |                                             torch.utils.data.datapipes.dataframe.dataframes
import time:       275 |        275 |                                             torch.utils.data.datapipes.dataframe.datapipes
import time:       156 |       8115 |                                           torch.utils.data.datapipes.dataframe
import time:       273 |        273 |                                                   torch.utils.data._utils.collate
import time:       181 |        181 |                                                   torch.utils.data._utils.fetch
import time:        95 |         95 |                                                   torch.utils.data._utils.pin_memory
import time:        80 |         80 |                                                   torch.utils.data._utils.signal_handling
import time:      1153 |       1153 |                                                   torch.utils.data._utils.worker
import time:       157 |       1937 |                                                 torch.utils.data._utils
import time:        14 |       1951 |                                               torch.utils.data._utils.collate
import time:       277 |       2227 |                                             torch.utils.data.datapipes.iter.callable
import time:       264 |        264 |                                               torch.utils.data.sampler
import time:       230 |        493 |                                             torch.utils.data.datapipes.iter.combinatorics
import time:       579 |        579 |                                             torch.utils.data.datapipes.iter.combining
import time:       109 |        109 |                                               torch.utils.data.datapipes.iter.utils
import time:       138 |        247 |                                             torch.utils.data.datapipes.iter.filelister
import time:       105 |        105 |                                             torch.utils.data.datapipes.iter.fileopener
import time:       260 |        260 |                                             torch.utils.data.datapipes.iter.grouping
import time:       168 |        168 |                                               torch.utils.data.datapipes.utils.decoder
import time:       129 |        296 |                                             torch.utils.data.datapipes.iter.routeddecoder
import time:       122 |        122 |                                             torch.utils.data.datapipes.iter.selecting
import time:       240 |        240 |                                             torch.utils.data.datapipes.iter.sharding
import time:       121 |        121 |                                             torch.utils.data.datapipes.iter.streamreader
import time:       153 |       4839 |                                           torch.utils.data.datapipes.iter
import time:       197 |        197 |                                             torch.utils.data.datapipes.map.callable
import time:       239 |        239 |                                             torch.utils.data.datapipes.map.combinatorics
import time:       207 |        207 |                                             torch.utils.data.datapipes.map.combining
import time:       138 |        138 |                                             torch.utils.data.datapipes.map.grouping
import time:        94 |         94 |                                             torch.utils.data.datapipes.map.utils
import time:       126 |        999 |                                           torch.utils.data.datapipes.map
import time:       160 |      14112 |                                         torch.utils.data.datapipes
import time:        80 |      14192 |                                       torch.utils.data.datapipes.iter
import time:        12 |      14203 |                                     torch.utils.data.datapipes.iter.sharding
import time:       170 |        170 |                                     torch.utils.data.graph
import time:       163 |      14535 |                                   torch.utils.data.graph_settings
import time:       430 |      43830 |                                 torch.utils.data.dataloader
import time:       138 |        138 |                                 torch.utils.data.distributed
import time:       130 |      44097 |                               torch.utils.data
import time:        94 |         94 |                               torch.utils.deterministic
import time:       198 |        198 |                               torch.utils.hooks
import time:       278 |        278 |                               torch.utils.backend_registration
import time:        85 |         85 |                               torch.utils.cpp_backtrace
import time:       105 |        105 |                               torch.utils.throughput_benchmark
import time:       258 |      45743 |                             torch.utils
import time:       113 |        113 |                             torchgen
import time:       288 |        288 |                                 torchgen.code_template
import time:      1095 |       1382 |                               torchgen.utils
import time:     11142 |      12524 |                             torchgen.model
import time:       908 |      59287 |                           torch.utils._python_dispatch
import time:       861 |      60901 |                         torch.nn.modules.module
import time:       229 |        229 |                                 torch.distributed.autograd
import time:       294 |        294 |                                   torch.futures
import time:       107 |        107 |                                   torch.distributed.rpc._utils
import time:        82 |         82 |                                   torch.distributed.rpc.constants
import time:       407 |        407 |                                   torch.distributed.rpc.internal
import time:       425 |       1314 |                                 torch.distributed.rpc.api
import time:       346 |        346 |                                 torch.distributed.rpc.backend_registry
import time:        88 |         88 |                                 torch.distributed.rpc.functions
import time:       153 |        153 |                                 torch.distributed.rpc.options
import time:        83 |         83 |                                                     torch._functorch
import time:       174 |        174 |                                                         torch.utils._contextlib
import time:       197 |        370 |                                                       torch.autograd.grad_mode
import time:       284 |        653 |                                                     torch.autograd.forward_ad
import time:       310 |       1046 |                                                   torch._functorch.pyfunctorch
import time:       801 |       1846 |                                                 torch._ops
import time:       603 |        603 |                                                 torch._library.utils
import time:       617 |       3065 |                                               torch._library.autograd
import time:       169 |        169 |                                               torch._library.fake_impl
import time:       171 |        171 |                                                 torch._library.effects
import time:       731 |        902 |                                               torch._library.simple_registry
import time:       290 |        290 |                                               torch._library.fake_class_registry
import time:        65 |         65 |                                                 torch.utils._exposed_in
import time:       349 |        349 |                                                 torch._library.custom_ops
import time:        87 |         87 |                                                     torch._opaque_base
import time:       745 |        831 |                                                   torch._library.opaque_object
import time:       460 |       1291 |                                                 torch._library.infer_schema
import time:       198 |       1901 |                                               torch._library.triton
import time:       174 |       6498 |                                             torch._library
import time:        27 |       6525 |                                           torch._library.opaque_object
import time:      6639 |      13164 |                                         torch.utils._pytree
import time:       143 |      13307 |                                       torch._vmap_internals
import time:       254 |        254 |                                       torch.autograd.functional
import time:        98 |         98 |                                         torch.autograd.variable
import time:       660 |        757 |                                       torch.autograd.graph
import time:       147 |        147 |                                       torch.autograd.anomaly_mode
import time:       104 |        104 |                                             torch._functorch.utils
import time:       158 |        158 |                                               torch._functorch.predispatch
import time:       175 |        332 |                                             torch._functorch.vmap
import time:       119 |        554 |                                           torch._functorch.apis
import time:       484 |       1037 |                                         torch._functorch.autograd_function
import time:       415 |       1452 |                                       torch.autograd.function
import time:       140 |        140 |                                           torch.testing._utils
import time:        66 |         66 |                                             cmath
import time:       542 |        608 |                                           torch.testing._comparison
import time:       180 |        180 |                                           torch.testing._creation
import time:       132 |       1057 |                                         torch.testing
import time:       737 |       1794 |                                       torch.autograd.gradcheck
import time:       529 |        529 |                                         torch.autograd.profiler_util
import time:       783 |       1312 |                                       torch.autograd.profiler
import time:      1268 |      20286 |                                     torch.autograd
import time:       184 |      20469 |                                   torch.autograd.profiler_legacy
import time:       128 |      20596 |                                 torch.distributed.rpc.server_process_global_profiler
import time:       746 |      23469 |                               torch.distributed.rpc
import time:       632 |        632 |                                           pickletools
import time:       128 |        128 |                                           torch.package._digraph
import time:        79 |         79 |                                           torch.package._importlib
import time:        79 |         79 |                                           torch.package._mangling
import time:       225 |        225 |                                             torch.package.importer
import time:       111 |        336 |                                           torch.package._package_pickler
import time:        74 |         74 |                                           torch.package._stdlib
import time:        99 |         99 |                                           torch.package.find_file_dependencies
import time:       105 |        105 |                                           torch.package.glob_group
import time:       894 |       2421 |                                         torch.package.package_exporter
import time:       149 |       2570 |                                       torch.package.analyze.find_first_use_of_broken_modules
import time:       129 |        129 |                                       torch.package.analyze.trace_dependencies
import time:       154 |       2852 |                                     torch.package.analyze
import time:        79 |       2931 |                                   torch.package.analyze.is_from_package
import time:       107 |        107 |                                   torch.package.file_structure_representation
import time:       110 |        110 |                                     torch.package._directory_reader
import time:        87 |         87 |                                     torch.package._package_unpickler
import time:       422 |        618 |                                   torch.package.package_importer
import time:       120 |       3775 |                                 torch.package
import time:        18 |       3792 |                               torch.package._mangling
import time:       156 |        156 |                               torch._awaits
import time:       514 |      27930 |                             torch._jit_internal
import time:      1294 |       1294 |                             torch._torch_docs
import time:        91 |         91 |                             torch.nn._reduction
import time:        82 |         82 |                               torch.nn.modules.utils
import time:        76 |        157 |                             torch.nn.grad
import time:      3319 |      32789 |                           torch.nn.functional
import time:       282 |        282 |                           torch.nn.init
import time:       168 |        168 |                           torch.nn.modules.lazy
import time:       322 |      33560 |                         torch.nn.modules.linear
import time:      1150 |       1150 |                         torch.nn.modules.activation
import time:       367 |        367 |                           torch.nn.modules.container
import time:       242 |        608 |                         torch.nn.modules.adaptive
import time:       204 |        204 |                           torch.nn.modules._functions
import time:       288 |        491 |                         torch.nn.modules.batchnorm
import time:       101 |        101 |                         torch.nn.modules.channelshuffle
import time:       505 |        505 |                           torch.nn.common_types
import time:       517 |       1022 |                         torch.nn.modules.conv
import time:       122 |        122 |                         torch.nn.modules.distance
import time:       148 |        148 |                         torch.nn.modules.dropout
import time:        98 |         98 |                         torch.nn.modules.flatten
import time:       110 |        110 |                         torch.nn.modules.fold
import time:       188 |        188 |                         torch.nn.modules.instancenorm
import time:       502 |        502 |                         torch.nn.modules.loss
import time:       190 |        190 |                         torch.nn.modules.normalization
import time:       309 |        309 |                         torch.nn.modules.padding
import time:        93 |         93 |                         torch.nn.modules.pixelshuffle
import time:       450 |        450 |                         torch.nn.modules.pooling
import time:        72 |         72 |                                   torch.__future__
import time:       221 |        292 |                                 torch.nn.utils.parametrize
import time:       430 |        722 |                               torch.nn.utils.parametrizations
import time:       375 |        375 |                               torch.nn.utils.rnn
import time:       145 |        145 |                                 torch.nn.utils._named_member_accessor
import time:       209 |        353 |                               torch.nn.utils.stateless
import time:       105 |        105 |                                 torch.utils._foreach_utils
import time:       187 |        291 |                               torch.nn.utils.clip_grad
import time:        82 |         82 |                               torch.nn.utils.convert_parameters
import time:       131 |        131 |                               torch.nn.utils.fusion
import time:        72 |         72 |                               torch.nn.utils.init
import time:        91 |         91 |                               torch.nn.utils.memory_format
import time:       153 |        153 |                               torch.nn.utils.spectral_norm
import time:       106 |        106 |                               torch.nn.utils.weight_norm
import time:       153 |       2523 |                             torch.nn.utils
import time:        21 |       2544 |                           torch.nn.utils.rnn
import time:      1402 |       3946 |                         torch.nn.modules.rnn
import time:       273 |        273 |                         torch.nn.modules.sparse
import time:       300 |        300 |                         torch.nn.modules.transformer
import time:       168 |        168 |                         torch.nn.modules.upsampling
import time:       272 |     104987 |                       torch.nn.modules
import time:       159 |        159 |                             torch.backends.cpu
import time:       356 |        356 |                             torch.backends.cuda
import time:       189 |        189 |                               torch.backends.cudnn.rnn
import time:       193 |        382 |                             torch.backends.cudnn
import time:       105 |        105 |                             torch.backends.cusparselt
import time:        78 |         78 |                             torch.backends.kleidiai
import time:        79 |         79 |                             torch.backends.mha
import time:       118 |        118 |                             torch.backends.miopen
import time:        92 |         92 |                             torch.backends.mkl
import time:       134 |        134 |                             torch.backends.mkldnn
import time:       619 |        619 |                               torch.library
import time:       148 |        766 |                             torch.backends.mps
import time:       124 |        124 |                             torch.backends.nnpack
import time:        77 |         77 |                             torch.backends.openmp
import time:       206 |        206 |                               opt_einsum
import time:       127 |        333 |                             torch.backends.opt_einsum
import time:       129 |        129 |                             torch.backends.quantized
import time:       320 |       3244 |                           torch.backends
import time:        13 |       3256 |                         torch.backends.cuda
import time:       227 |        227 |                         torch.nn.attention._registry
import time:       486 |        486 |                         torch.nn.attention._fa3
import time:       553 |        553 |                         torch.nn.attention._fa4
import time:       194 |       4715 |                       torch.nn.attention
import time:       102 |        102 |                           torch.nn.parallel.parallel_apply
import time:        95 |         95 |                               torch.cuda.nccl
import time:       117 |        212 |                             torch.nn.parallel.comm
import time:       199 |        411 |                           torch.nn.parallel.replicate
import time:       191 |        191 |                             torch.nn.parallel._functions
import time:       127 |        318 |                           torch.nn.parallel.scatter_gather
import time:       232 |       1061 |                         torch.nn.parallel.data_parallel
import time:       314 |        314 |                               torch.distributed.algorithms.join
import time:       100 |        414 |                             torch.distributed.algorithms
import time:        15 |        428 |                           torch.distributed.algorithms.join
import time:       233 |        233 |                           torch.distributed.utils
import time:      1301 |       1961 |                         torch.nn.parallel.distributed
import time:       152 |       3173 |                       torch.nn.parallel
import time:       146 |     113280 |                     torch.nn
import time:        15 |     113295 |                   torch.nn.functional
import time:       759 |        759 |                     torch._linalg_utils
import time:       145 |        903 |                   torch._lowrank
import time:      1305 |     115502 |                 torch.functional
import time:        92 |         92 |                 torch.__config__
import time:       116 |        116 |                   torch.accelerator._utils
import time:        84 |         84 |                   torch.accelerator.memory
import time:       187 |        385 |                 torch.accelerator
import time:       145 |        145 |                     torch.cpu.amp.autocast_mode
import time:        90 |         90 |                     torch.cpu.amp.grad_scaler
import time:       117 |        351 |                   torch.cpu.amp
import time:       181 |        531 |                 torch.cpu
import time:       432 |        432 |                     torch.distributions.constraints
import time:       245 |        245 |                       torch.distributions.utils
import time:       171 |        416 |                     torch.distributions.distribution
import time:       732 |       1579 |                   torch.distributions.transforms
import time:        96 |         96 |                     torch.distributions.exp_family
import time:       165 |        261 |                   torch.distributions.bernoulli
import time:       177 |        177 |                     torch.distributions.dirichlet
import time:       116 |        292 |                   torch.distributions.beta
import time:       138 |        138 |                   torch.distributions.binomial
import time:       120 |        120 |                   torch.distributions.categorical
import time:        99 |         99 |                   torch.distributions.cauchy
import time:       106 |        106 |                     torch.distributions.gamma
import time:        85 |        190 |                   torch.distributions.chi2
import time:       200 |        200 |                   torch.distributions.constraint_registry
import time:       149 |        149 |                   torch.distributions.continuous_bernoulli
import time:       116 |        116 |                   torch.distributions.exponential
import time:       103 |        103 |                   torch.distributions.fishersnedecor
import time:       117 |        117 |                   torch.distributions.generalized_pareto
import time:       112 |        112 |                   torch.distributions.geometric
import time:       137 |        137 |                       torch.distributions.independent
import time:       121 |        258 |                     torch.distributions.transformed_distribution
import time:       172 |        172 |                     torch.distributions.uniform
import time:       100 |        529 |                   torch.distributions.gumbel
import time:       115 |        115 |                   torch.distributions.half_cauchy
import time:       105 |        105 |                     torch.distributions.normal
import time:        97 |        202 |                   torch.distributions.half_normal
import time:       103 |        103 |                   torch.distributions.inverse_gamma
import time:       102 |        102 |                     torch.distributions.laplace
import time:       216 |        216 |                       torch.distributions.multivariate_normal
import time:       131 |        346 |                     torch.distributions.lowrank_multivariate_normal
import time:       126 |        126 |                     torch.distributions.one_hot_categorical
import time:       143 |        143 |                     torch.distributions.pareto
import time:       100 |        100 |                     torch.distributions.poisson
import time:       359 |       1174 |                   torch.distributions.kl
import time:       106 |        106 |                   torch.distributions.kumaraswamy
import time:       103 |        103 |                   torch.distributions.lkj_cholesky
import time:        84 |         84 |                   torch.distributions.log_normal
import time:        93 |         93 |                   torch.distributions.logistic_normal
import time:       199 |        199 |                   torch.distributions.mixture_same_family
import time:       125 |        125 |                   torch.distributions.multinomial
import time:       119 |        119 |                   torch.distributions.negative_binomial
import time:       123 |        123 |                   torch.distributions.relaxed_bernoulli
import time:       113 |        113 |                   torch.distributions.relaxed_categorical
import time:       103 |        103 |                   torch.distributions.studentT
import time:       247 |        247 |                         torch.jit._builtins
import time:      1007 |       1253 |                       torch.jit._async
import time:        97 |         97 |                       torch.jit._await
import time:        70 |         70 |                       torch.jit._decomposition_utils
import time:       109 |        109 |                           torch._classes
import time:       113 |        113 |                           torch.jit._fuser
import time:       172 |        172 |                             monkeytype
import time:       138 |        309 |                           torch.jit._monkeytype_config
import time:       111 |        111 |                             torch.jit._check
import time:       120 |        120 |                             torch.jit._state
import time:       209 |        209 |                               torch.jit.annotations
import time:        96 |         96 |                               torch.jit._dataclass_impls
import time:      1020 |       1325 |                             torch.jit.frontend
import time:       479 |       2034 |                           torch.jit._recursive
import time:       139 |        139 |                           torch.jit._serialization
import time:       854 |       3555 |                         torch.jit._script
import time:       115 |       3670 |                       torch.jit._freeze
import time:       164 |        164 |                       torch.jit._ir_utils
import time:       744 |        744 |                       torch.jit._trace
import time:       214 |       6209 |                     torch.jit
import time:       168 |       6376 |                   torch.distributions.von_mises
import time:       138 |        138 |                   torch.distributions.weibull
import time:       168 |        168 |                   torch.distributions.wishart
import time:       274 |      13706 |                 torch.distributions
import time:       202 |        202 |                 torch.fft
import time:       260 |        260 |                     tqdm._monitor
import time:        73 |         73 |                     tqdm._tqdm_pandas
import time:       309 |        309 |                         tqdm.utils
import time:       622 |        931 |                       tqdm.std
import time:      1265 |       1265 |                       tqdm.version
import time:       328 |       2523 |                     tqdm.cli
import time:       167 |        167 |                     tqdm.gui
import time:       192 |       3213 |                   tqdm
import time:       350 |       3563 |                 torch.hub
import time:       198 |        198 |                 torch.linalg
import time:       165 |        165 |                   torch.mps.profiler
import time:        91 |         91 |                   torch.mps.event
import time:       144 |        399 |                 torch.mps
import time:        68 |         68 |                   torch._environment
import time:       106 |        106 |                   torch.mtia._utils
import time:        77 |         77 |                   torch.mtia.memory
import time:       189 |        189 |                   torch.mtia.mtia_graph
import time:       270 |        708 |                 torch.mtia
import time:       236 |        236 |                     multiprocessing.util
import time:       139 |        139 |                     multiprocessing.resource_sharer
import time:       248 |        622 |                   torch.multiprocessing.reductions
import time:       327 |        327 |                       _multiprocessing
import time:       148 |        148 |                       _winapi
import time:       376 |        850 |                     multiprocessing.connection
import time:       178 |        178 |                     concurrent.futures.thread
import time:       215 |       1243 |                   torch.multiprocessing.spawn
import time:        69 |         69 |                       runpy
import time:       128 |        196 |                     multiprocessing.spawn
import time:       136 |        136 |                     _posixshmem
import time:       144 |        475 |                   multiprocessing.resource_tracker
import time:       181 |       2518 |                 torch.multiprocessing
import time:       101 |        101 |                     torch.nested._internal
import time:        84 |         84 |                               torch.fx._compatibility
import time:       304 |        387 |                             torch.fx.immutable_collections
import time:        63 |         63 |                                   torch.fx.experimental
import time:       675 |        675 |                                   torch.fx.experimental._config
import time:        89 |         89 |                                     torch.utils._dtype_abbrs
import time:       421 |        421 |                                       torch.return_types
import time:       168 |        588 |                                     torch.fx._pytree
import time:       704 |        704 |                                       torch.fx.operator_schemas
import time:      8665 |       9368 |                                     torch.fx.node
import time:      2668 |      12711 |                                   torch.fx.graph
import time:       504 |      13951 |                                 torch.fx.graph_module
import time:       159 |      14110 |                               torch.fx._lazy_graph_module
import time:       623 |        623 |                                 torch.fx.traceback
import time:       139 |        139 |                                       torch._logging.structured
import time:       180 |        180 |                                         torch.utils._ordered_set
import time:       121 |        121 |                                         torch.utils._traceback
import time:       183 |        183 |                                         torch.utils.weak
import time:      5386 |       5869 |                                       torch._guards
import time:      1541 |       7548 |                                     torch._logging._internal
import time:       184 |       7731 |                                   torch._logging._registrations
import time:       117 |       7848 |                                 torch._logging
import time:       625 |       9095 |                               torch.fx.proxy
import time:       921 |      24125 |                             torch.fx._symbolic_trace
import time:        66 |         66 |                               torch.fx.config
import time:       549 |        615 |                             torch.fx.interpreter
import time:       709 |        709 |                             torch.fx.subgraph_rewriter
import time:       112 |      25946 |                           torch.fx
import time:        15 |      25961 |                         torch.fx.experimental
import time:       147 |      26107 |                       torch.fx.experimental._constant_symnode
import time:       114 |      26221 |                     torch.nested._internal.nested_int
import time:       405 |      26726 |                   torch.nested._internal.nested_tensor
import time:       161 |      26886 |                 torch.nested
import time:       351 |        351 |                     torch.optim.optimizer
import time:       757 |       1108 |                   torch.optim.lr_scheduler
import time:       341 |        341 |                   torch.optim.swa_utils
import time:       274 |        274 |                   torch.optim._adafactor
import time:       225 |        225 |                   torch.optim._muon
import time:       196 |        196 |                   torch.optim.adadelta
import time:       159 |        159 |                   torch.optim.adagrad
import time:       318 |        318 |                   torch.optim.adam
import time:       223 |        223 |                   torch.optim.adamax
import time:       101 |        101 |                   torch.optim.adamw
import time:       177 |        177 |                   torch.optim.asgd
import time:       161 |        161 |                   torch.optim.lbfgs
import time:       184 |        184 |                   torch.optim.nadam
import time:       245 |        245 |                   torch.optim.radam
import time:       184 |        184 |                   torch.optim.rmsprop
import time:       170 |        170 |                   torch.optim.rprop
import time:       136 |        136 |                   torch.optim.sgd
import time:        87 |         87 |                     torch.optim._functional
import time:       110 |        196 |                   torch.optim.sparse_adam
import time:       206 |       4596 |                 torch.optim
import time:       418 |        418 |                     gzip
import time:      1400 |       1400 |                       torch.profiler._utils
import time:      2293 |       3692 |                     torch.profiler._memory_profiler
import time:      1764 |       5873 |                   torch.profiler.profiler
import time:       118 |        118 |                   torch.profiler.itt
import time:       161 |       6151 |                 torch.profiler
import time:       227 |        227 |                 torch.special
import time:       118 |        118 |                   torch.xpu._utils
import time:       264 |        264 |                   torch.xpu.graphs
import time:       136 |        136 |                   torch.xpu.streams
import time:       353 |        353 |                   torch.xpu.memory
import time:       113 |        113 |                   torch.xpu.random
import time:       326 |       1307 |                 torch.xpu
import time:       196 |        196 |                     torch.signal.windows.windows
import time:       113 |        308 |                   torch.signal.windows
import time:        85 |        393 |                 torch.signal
import time:        75 |         75 |                 torch.ao
import time:       109 |        109 |                     torch.ao.nn
import time:       939 |        939 |                       torch.ao.nn.intrinsic.modules.fused
import time:        95 |       1034 |                     torch.ao.nn.intrinsic.modules
import time:       114 |       1255 |                   torch.ao.nn.intrinsic
import time:        94 |         94 |                     torch.nn.intrinsic.modules.fused
import time:       123 |        217 |                   torch.nn.intrinsic.modules
import time:       276 |        276 |                                   torch.ao.nn.qat.modules.conv
import time:       125 |        125 |                                   torch.ao.nn.qat.modules.embedding_ops
import time:        93 |         93 |                                   torch.ao.nn.qat.modules.linear
import time:        98 |        591 |                                 torch.ao.nn.qat.modules
import time:        77 |        667 |                               torch.ao.nn.qat
import time:       523 |       1190 |                             torch.ao.nn.intrinsic.qat.modules.conv_fused
import time:       141 |        141 |                             torch.ao.nn.intrinsic.qat.modules.linear_fused
import time:       100 |        100 |                             torch.ao.nn.intrinsic.qat.modules.linear_relu
import time:        99 |       1528 |                           torch.ao.nn.intrinsic.qat.modules
import time:        76 |       1604 |                         torch.ao.nn.intrinsic.qat
import time:        79 |       1683 |                       torch.nn.intrinsic.qat.modules.conv_fused
import time:        57 |         57 |                       torch.nn.intrinsic.qat.modules.linear_fused
import time:        59 |         59 |                       torch.nn.intrinsic.qat.modules.linear_relu
import time:       101 |       1898 |                     torch.nn.intrinsic.qat.modules
import time:        69 |       1967 |                   torch.nn.intrinsic.qat
import time:       185 |        185 |                                               torch.ao.nn.quantizable.modules.activation
import time:       268 |        268 |                                               torch.ao.nn.quantizable.modules.rnn
import time:       116 |        568 |                                             torch.ao.nn.quantizable.modules
import time:        69 |        637 |                                           torch.ao.nn.quantizable
import time:       261 |        261 |                                           torch.ao.nn.quantized.modules.activation
import time:       119 |        119 |                                           torch.ao.nn.quantized.modules.batchnorm
import time:        99 |         99 |                                             torch.ao.nn.quantized.modules.utils
import time:       470 |        569 |                                           torch.ao.nn.quantized.modules.conv
import time:        98 |         98 |                                           torch.ao.nn.quantized.modules.dropout
import time:       173 |        173 |                                           torch.ao.nn.quantized.modules.embedding_ops
import time:       122 |        122 |                                           torch.ao.nn.quantized.modules.functional_modules
import time:       144 |        144 |                                           torch.ao.nn.quantized.modules.linear
import time:       146 |        146 |                                           torch.ao.nn.quantized.modules.normalization
import time:        80 |         80 |                                           torch.ao.nn.quantized.modules.rnn
import time:       147 |       2492 |                                         torch.ao.nn.quantized.modules
import time:        27 |       2518 |                                       torch.ao.nn.quantized.modules.utils
import time:       186 |       2704 |                                     torch.ao.nn.quantized.functional
import time:        98 |       2801 |                                   torch.ao.nn.quantized
import time:       136 |       2937 |                                 torch.ao.nn.intrinsic.quantized.modules.bn_relu
import time:       213 |        213 |                                 torch.ao.nn.intrinsic.quantized.modules.conv_add
import time:       141 |        141 |                                 torch.ao.nn.intrinsic.quantized.modules.conv_relu
import time:       127 |        127 |                                 torch.ao.nn.intrinsic.quantized.modules.linear_relu
import time:       105 |       3521 |                               torch.ao.nn.intrinsic.quantized.modules
import time:        72 |       3592 |                             torch.ao.nn.intrinsic.quantized
import time:       266 |        266 |                                     torch.ao.nn.quantized.dynamic.modules.conv
import time:       127 |        127 |                                     torch.ao.nn.quantized.dynamic.modules.linear
import time:       467 |        467 |                                     torch.ao.nn.quantized.dynamic.modules.rnn
import time:       103 |        962 |                                   torch.ao.nn.quantized.dynamic.modules
import time:        69 |       1030 |                                 torch.ao.nn.quantized.dynamic
import time:       135 |       1164 |                               torch.ao.nn.intrinsic.quantized.dynamic.modules.linear_relu
import time:       113 |       1276 |                             torch.ao.nn.intrinsic.quantized.dynamic.modules
import time:        84 |       4951 |                           torch.ao.nn.intrinsic.quantized.dynamic
import time:        75 |       5026 |                         torch.nn.intrinsic.quantized.dynamic.modules.linear_relu
import time:        90 |       5115 |                       torch.nn.intrinsic.quantized.dynamic.modules
import time:        99 |       5214 |                     torch.nn.intrinsic.quantized.dynamic
import time:        92 |         92 |                       torch.nn.intrinsic.quantized.modules.bn_relu
import time:        53 |         53 |                       torch.nn.intrinsic.quantized.modules.conv_relu
import time:        49 |         49 |                       torch.nn.intrinsic.quantized.modules.linear_relu
import time:        90 |        284 |                     torch.nn.intrinsic.quantized.modules
import time:        90 |       5587 |                   torch.nn.intrinsic.quantized
import time:       102 |       9125 |                 torch.nn.intrinsic
import time:       145 |        145 |                                 torch.ao.nn.qat.dynamic.modules.linear
import time:        87 |        231 |                               torch.ao.nn.qat.dynamic.modules
import time:        63 |        294 |                             torch.ao.nn.qat.dynamic
import time:        11 |        305 |                           torch.ao.nn.qat.dynamic.modules
import time:        11 |        315 |                         torch.ao.nn.qat.dynamic.modules.linear
import time:        73 |        388 |                       torch.nn.qat.dynamic.modules.linear
import time:        85 |        473 |                     torch.nn.qat.dynamic.modules
import time:        92 |        564 |                   torch.nn.qat.dynamic
import time:        81 |         81 |                     torch.nn.qat.modules.conv
import time:        47 |         47 |                     torch.nn.qat.modules.embedding_ops
import time:        44 |         44 |                     torch.nn.qat.modules.linear
import time:        97 |        268 |                   torch.nn.qat.modules
import time:        89 |        920 |                 torch.nn.qat
import time:       127 |        127 |                   torch.nn.quantizable.modules
import time:        65 |        191 |                 torch.nn.quantizable
import time:        91 |         91 |                   torch.nn.quantized.dynamic
import time:        51 |         51 |                   torch.nn.quantized.functional
import time:        79 |         79 |                   torch.nn.quantized.modules
import time:        91 |        311 |                 torch.nn.quantized
import time:        65 |         65 |                 torch._size_docs
import time:        57 |         57 |                 torch._storage_docs
import time:       607 |        607 |                 torch._tensor_docs
import time:       173 |        173 |                               torch.ao.quantization.quant_type
import time:       242 |        414 |                             torch.ao.quantization.utils
import time:      2392 |       2805 |                           torch.ao.quantization.observer
import time:       267 |       3072 |                         torch.ao.quantization.fake_quantize
import time:       115 |        115 |                           torch.ao.quantization.fuser_method_mappings
import time:       138 |        252 |                         torch.ao.quantization.fuse_modules
import time:       463 |        463 |                         torch.ao.quantization.qconfig
import time:       159 |        159 |                         torch.ao.quantization.qconfig_mapping
import time:       127 |        127 |                                 torch.ao.nn.quantized.reference.modules.utils
import time:       257 |        384 |                               torch.ao.nn.quantized.reference.modules.conv
import time:        98 |         98 |                               torch.ao.nn.quantized.reference.modules.linear
import time:       320 |        320 |                               torch.ao.nn.quantized.reference.modules.rnn
import time:       113 |        113 |                               torch.ao.nn.quantized.reference.modules.sparse
import time:       127 |       1040 |                             torch.ao.nn.quantized.reference.modules
import time:        89 |       1129 |                           torch.ao.nn.quantized.reference
import time:       142 |        142 |                                   torch.ao.nn.sparse.quantized.linear
import time:        81 |         81 |                                   torch.ao.nn.sparse.quantized.utils
import time:       140 |        363 |                                 torch.ao.nn.sparse.quantized.dynamic.linear
import time:       101 |        463 |                               torch.ao.nn.sparse.quantized.dynamic
import time:       114 |        576 |                             torch.ao.nn.sparse.quantized
import time:        78 |        654 |                           torch.ao.nn.sparse
import time:        98 |         98 |                           torch.ao.quantization.stubs
import time:       435 |       2314 |                         torch.ao.quantization.quantization_mappings
import time:       291 |        291 |                         torch.ao.quantization.quantize
import time:       115 |        115 |                         torch.ao.quantization.quantize_jit
import time:       204 |       6866 |                       torch.ao.quantization
import time:        14 |       6880 |                     torch.ao.quantization.fake_quantize
import time:       104 |       6983 |                   torch.quantization.fake_quantize
import time:        63 |         63 |                   torch.quantization.fuse_modules
import time:        49 |         49 |                   torch.quantization.fuser_method_mappings
import time:        55 |         55 |                   torch.quantization.observer
import time:        52 |         52 |                   torch.quantization.qconfig
import time:        45 |         45 |                   torch.quantization.quant_type
import time:        50 |         50 |                   torch.quantization.quantization_mappings
import time:        53 |         53 |                   torch.quantization.quantize
import time:        48 |         48 |                   torch.quantization.quantize_jit
import time:        43 |         43 |                   torch.quantization.stubs
import time:       128 |       7565 |                 torch.quantization
import time:        94 |         94 |                 torch.quasirandom
import time:        62 |         62 |                 torch.multiprocessing._atfork
import time:       307 |        307 |                 torch._lobpcg
import time:        96 |         96 |                     torch.masked._docs
import time:       203 |        203 |                           torch.masked.maskedtensor.core
import time:      2766 |       2968 |                         torch.masked.maskedtensor.binary
import time:       556 |        556 |                         torch.masked.maskedtensor.passthrough
import time:        54 |         54 |                           torch.masked.maskedtensor.creation
import time:       701 |        755 |                         torch.masked.maskedtensor.reductions
import time:      2073 |       2073 |                         torch.masked.maskedtensor.unary
import time:        91 |       6442 |                       torch.masked.maskedtensor
import time:        15 |       6457 |                     torch.masked.maskedtensor.core
import time:       515 |       7068 |                   torch.masked._ops
import time:        93 |       7160 |                 torch.masked
import time:       280 |        280 |                 torch.utils.dlpack
import time:        65 |         65 |                               torch._dispatch
import time:       253 |        318 |                             torch._dispatch.python
import time:      1292 |       1292 |                                   torch._library.fake_profile
import time:        81 |         81 |                                     torch.utils._mode_utils
import time:      4251 |       4332 |                                   torch._subclasses.meta_utils
import time:       128 |        128 |                                   torch.utils._stats
import time:      1079 |       1079 |                                     torch.fx.experimental.sym_node
import time:      1927 |       3005 |                                   torch._subclasses._fake_tensor_utils
import time:        92 |         92 |                                     torch._custom_op
import time:      3487 |       3579 |                                   torch._subclasses.fake_impls
import time:      5271 |      17605 |                                 torch._subclasses.fake_tensor
import time:       209 |        209 |                                 torch._subclasses.fake_utils
import time:        84 |      17896 |                               torch._subclasses
import time:        14 |      17910 |                             torch._subclasses.meta_utils
import time:       383 |      18610 |                           torch.fx.passes.shape_prop
import time:       241 |        241 |                           pydot
import time:       272 |      19122 |                         torch.fx.passes.graph_drawer
import time:       260 |        260 |                         torch.fx.passes.graph_manipulation
import time:       720 |        720 |                                 torch.fx.passes.utils.matcher_utils
import time:       205 |        925 |                               torch.fx.passes.utils.common
import time:        81 |       1005 |                             torch.fx.passes.utils
import time:       723 |        723 |                             torch.fx.passes.tools_common
import time:       667 |       2395 |                           torch.fx.passes.split_utils
import time:       611 |       3006 |                         torch.fx.passes.net_min_base
import time:       339 |        339 |                         torch.fx.passes.operator_support
import time:       121 |        121 |                         torch.fx.passes.param_fetch
import time:       151 |        151 |                         torch.fx.passes.regional_inductor
import time:       535 |        535 |                         torch.fx.passes.reinplace
import time:        94 |         94 |                           torch.fx._utils
import time:       674 |        674 |                             torch._subclasses.functional_tensor
import time:       162 |        162 |                             torch.utils._thunk
import time:        82 |         82 |                             torch.fx.experimental._backward_state
import time:      1866 |       2783 |                           torch.fx.experimental.proxy_tensor
import time:       305 |       3181 |                         torch.fx.passes.runtime_assert
import time:       325 |        325 |                         torch.fx.passes.split_module
import time:       956 |        956 |                         torch.fx.passes.splitter_base
import time:       198 |      28189 |                       torch.fx.passes
import time:       205 |        205 |                         torch.fx.passes.infra.pass_base
import time:       272 |        477 |                       torch.fx.passes.infra.pass_manager
import time:       123 |      28788 |                     torch.fx.passes.infra
import time:        13 |      28801 |                   torch.fx.passes.infra.pass_base
import time:       679 |        679 |                   torch.export.custom_ops
import time:       116 |        116 |                   torch.export._state_dict_utils
import time:        72 |         72 |                         torch.export._tree_utils
import time:      2684 |       2684 |                         torch.export.graph_signature
import time:       147 |        147 |                               torch._custom_op.autograd
import time:       632 |        778 |                             torch._custom_op.impl
import time:       103 |        881 |                           torch._custom_ops
import time:       566 |        566 |                           torch._export.utils
import time:       946 |        946 |                                       torch._higher_order_ops.schema
import time:       752 |       1697 |                                     torch._higher_order_ops.utils
import time:      1401 |       3098 |                                   torch._higher_order_ops.auto_functionalize
import time:       281 |       3378 |                                 torch._higher_order_ops.base_hop
import time:       603 |       3981 |                               torch._higher_order_ops._invoke_quant
import time:       220 |        220 |                               torch._higher_order_ops.aoti_call_delegate
import time:       362 |        362 |                               torch._higher_order_ops.associative_scan
import time:       382 |        382 |                               torch._higher_order_ops.cond
import time:       775 |        775 |                                   torch._higher_order_ops.flat_apply
import time:       777 |       1552 |                                 torch._higher_order_ops.invoke_leaf_function
import time:       193 |        193 |                                 torch._higher_order_ops.print
import time:        84 |         84 |                                     torch._functorch._aot_autograd
import time:       499 |        583 |                                   torch._functorch._aot_autograd.utils
import time:       198 |        780 |                                 torch._higher_order_ops.torchbind
import time:       446 |       2969 |                               torch._higher_order_ops.effects
import time:       205 |        205 |                               torch._higher_order_ops.executorch_call_delegate
import time:        87 |         87 |                                     torch.testing._internal
import time:       322 |        408 |                                   torch.testing._internal.logging_tensor
import time:       992 |       1400 |                                 torch.utils.checkpoint
import time:      1162 |       2561 |                               torch._higher_order_ops.flex_attention
import time:       154 |        154 |                               torch._higher_order_ops.foreach_map
import time:       155 |        155 |                               torch._higher_order_ops.hints_wrap
import time:     32026 |      32026 |                                 torch.utils._debug_mode
import time:      1230 |      33256 |                               torch._higher_order_ops.invoke_subgraph
import time:       415 |        415 |                               torch._higher_order_ops.local_map
import time:       289 |        289 |                               torch._higher_order_ops.map
import time:       453 |        453 |                               torch._higher_order_ops.out_dtype
import time:       166 |        166 |                               torch._higher_order_ops.run_const_graph
import time:       238 |        238 |                                 torch._higher_order_ops.partitioner
import time:       600 |        837 |                               torch._higher_order_ops.scan
import time:       181 |        181 |                               torch._higher_order_ops.strict_mode
import time:       357 |        357 |                               torch._higher_order_ops.while_loop
import time:       396 |        396 |                               torch._higher_order_ops.wrap
import time:       208 |      47537 |                             torch._higher_order_ops
import time:        19 |      47556 |                           torch._higher_order_ops.flat_apply
import time:       316 |      49317 |                         torch._export.wrappers
import time:       334 |        334 |                         torch._export.config
import time:       460 |      52866 |                       torch._export
import time:        20 |      52886 |                     torch._export.utils
import time:       380 |      53266 |                   torch.export.decomp_utils
import time:       352 |        352 |                       torch._export.verifier
import time:      1109 |       1461 |                     torch.export.exported_program
import time:      1933 |       3394 |                   torch.export.dynamic_shapes
import time:       128 |        128 |                     torch.export._remove_effect_tokens_pass
import time:      1387 |       1514 |                   torch.export.unflatten
import time:       329 |      88095 |                 torch.export
import time:        96 |         96 |                   torch._functorch.batch_norm_replacement
import time:       216 |        216 |                     torch.fx.experimental.const_fold
import time:       426 |        642 |                   torch._functorch.eager_transforms
import time:       117 |        117 |                   torch._functorch.functional_call
import time:       137 |        990 |                 torch.func
import time:       421 |        421 |                 torch.distributed._meta_registrations
import time:       219 |        219 |                           torch.utils._content_store
import time:       130 |        348 |                         torch._prims.debug_prims
import time:       444 |        444 |                         torch._prims.rng_prims
import time:       315 |        315 |                         torch._prims_common.wrappers
import time:    122077 |     123183 |                       torch._prims
import time:     16751 |     139933 |                     torch._decomp.decompositions
import time:       600 |        600 |                       torch._refs._conversions
import time:      2326 |       2326 |                       torch._refs.fft
import time:      1017 |       1017 |                       torch._refs.linalg
import time:       102 |        102 |                         torch._refs.nn
import time:      2728 |       2830 |                       torch._refs.nn.functional
import time:      1561 |       1561 |                       torch._refs.special
import time:     21755 |      30085 |                     torch._refs
import time:       329 |     170346 |                   torch._decomp
import time:     60410 |     230756 |                 torch._meta_registrations
import time:      1126 |       1126 |                   torch.compiler.config
import time:      1010 |       2136 |                 torch.compiler
import time:     20170 |    1028995 |               torch
import time:       404 |        404 |                       sysconfig
import time:        71 |         71 |                         triton._C
import time:       225 |        225 |                         rocm_sdk
import time:      8463 |       8759 |                       triton._C.libtriton
import time:       750 |        750 |                       _sysconfigdata__x86_64-linux-gnu
import time:      2550 |      12462 |                     triton.knobs
import time:       147 |        147 |                           triton._utils
import time:       282 |        429 |                         triton.backends.driver
import time:       850 |        850 |                         triton.backends.compiler
import time:       200 |        200 |                         triton.runtime._allocation
import time:       305 |        305 |                           triton.runtime.cache
import time:       184 |        488 |                         triton.runtime.build
import time:        80 |         80 |                           triton.errors
import time:       126 |        206 |                         triton.runtime.errors
import time:     13500 |      15670 |                       triton.backends
import time:       108 |        108 |                       triton.runtime.driver
import time:       109 |        109 |                       triton.runtime._async_compile
import time:      1205 |      17090 |                     triton.runtime.jit
import time:       392 |      29942 |                   triton.runtime.autotuner
import time:       184 |      30125 |                 triton.runtime
import time:        85 |         85 |                       triton.tools
import time:       422 |        506 |                     triton.tools.disasm
import time:       473 |        979 |                   triton.compiler.compiler
import time:       131 |        131 |                   triton.compiler.errors
import time:       157 |       1265 |                 triton.compiler
import time:      4110 |       4110 |                     triton.language.core
import time:       573 |       4683 |                   triton.language.math
import time:      1812 |       1812 |                       triton.language.extra.cuda.libdevice
import time:       207 |        207 |                       triton.language.extra.cuda.utils
import time:        89 |         89 |                       triton.language.extra.cuda.gdc
import time:        98 |       2204 |                     triton.language.extra.cuda
import time:       652 |        652 |                       triton.language.extra.hip.libdevice
import time:       113 |        113 |                       triton.language.extra.hip.utils
import time:        87 |        851 |                     triton.language.extra.hip
import time:       501 |       3554 |                   triton.language.extra
import time:      5803 |       5803 |                   triton.language.standard
import time:      1569 |       1569 |                   triton.language.random
import time:       422 |        422 |                   triton.language.target_info
import time:       289 |      16317 |                 triton.language
import time:       924 |        924 |                     fractions
import time:        43 |         43 |                     _statistics
import time:      1004 |       1971 |                   statistics
import time:       326 |       2296 |                 triton.testing
import time:       505 |      50507 |               triton
import time:       215 |        215 |               packaging
import time:      1447 |       1447 |               packaging.version
import time:       210 |        210 |                 PIL._version
import time:       236 |        445 |               PIL
import time:      2056 |       2056 |                 PIL.ExifTags
import time:        82 |         82 |                   PIL._deprecate
import time:       298 |        379 |                 PIL.ImageMode
import time:       550 |        550 |                 PIL.TiffTags
import time:       105 |        105 |                 PIL._binary
import time:       204 |        204 |                   PIL._typing
import time:        97 |        300 |                 PIL._util
import time:       176 |        176 |                 defusedxml
import time:       857 |        857 |                 PIL._imaging
import time:      1563 |       5984 |               PIL.Image
import time:       110 |        110 |                   PIL.GimpGradientFile
import time:        78 |         78 |                   PIL.GimpPaletteFile
import time:       162 |        162 |                   PIL.ImageColor
import time:        72 |         72 |                   PIL.PaletteFile
import time:       148 |        568 |                 PIL.ImagePalette
import time:       243 |        810 |               PIL.ImageOps
import time:       134 |        134 |                 starlette
import time:       163 |        163 |                         anyio._lazyimport
import time:       873 |       1035 |                       anyio
import time:       338 |       1372 |                     anyio.abc
import time:       136 |        136 |                     starlette.types
import time:       444 |       1951 |                   starlette._utils
import time:        67 |         67 |                         anyio._core
import time:       246 |        246 |                         anyio._core._exceptions
import time:        73 |         73 |                           sniffio._version
import time:        86 |         86 |                           sniffio._impl
import time:       128 |        287 |                         sniffio
import time:       175 |        773 |                       anyio._core._eventloop
import time:        77 |        849 |                     anyio.to_thread
import time:       101 |        101 |                     starlette.exceptions
import time:       106 |       1055 |                   starlette.concurrency
import time:       225 |        225 |                       shlex
import time:       858 |       1082 |                     starlette.datastructures
import time:       134 |        134 |                             python_multipart.exceptions
import time:       115 |        248 |                           python_multipart.decoders
import time:       682 |        929 |                         python_multipart.multipart
import time:       125 |       1054 |                       python_multipart
import time:       738 |       1792 |                     starlette.formparsers
import time:       313 |       3186 |                   starlette.requests
import time:       119 |        119 |                       secrets
import time:       172 |        172 |                       starlette.background
import time:       333 |        623 |                     starlette.responses
import time:       276 |        898 |                   starlette.websockets
import time:       120 |       7207 |                 starlette._exception_handler
import time:       221 |        221 |                 starlette.convertors
import time:       202 |        202 |                 starlette.middleware
import time:       201 |        201 |                 starlette.middleware.body_limit
import time:       651 |       8614 |               starlette.routing
import time:       237 |        237 |                   modulefinder
import time:       177 |        177 |                     torchvision._internally_replaced_utils
import time:      2144 |       2321 |                   torchvision.extension
import time:      7197 |       7197 |                   torchvision._meta_registrations
import time:       176 |        176 |                                 pytorch
import time:        13 |        188 |                               pytorch.vision
import time:         8 |        195 |                             pytorch.vision.fb
import time:        10 |        205 |                           pytorch.vision.fb.io
import time:       909 |        909 |                               PIL.ImageDraw
import time:       140 |        140 |                                 PIL.features
import time:       723 |        723 |                                 PIL._imagingft
import time:       433 |       1295 |                               PIL.ImageFont
import time:       467 |       2670 |                             torchvision.utils
import time:      1654 |       4323 |                           torchvision.io.image
import time:        98 |       4625 |                         torchvision.io
import time:        23 |       4647 |                       torchvision.io.image
import time:       247 |        247 |                         torchvision.datasets.vision
import time:       331 |        578 |                       torchvision.datasets.folder
import time:        76 |         76 |                         torch.utils.model_zoo
import time:       299 |        375 |                       torchvision.datasets.utils
import time:       408 |       6006 |                     torchvision.datasets._optical_flow
import time:       541 |        541 |                     torchvision.datasets._stereo_matching
import time:       175 |        175 |                     torchvision.datasets.caltech
import time:       235 |        235 |                     torchvision.datasets.celeba
import time:       149 |        149 |                     torchvision.datasets.cifar
import time:       242 |        242 |                     torchvision.datasets.cityscapes
import time:       140 |        140 |                     torchvision.datasets.clevr
import time:       109 |        109 |                     torchvision.datasets.coco
import time:        84 |         84 |                     torchvision.datasets.country211
import time:        90 |         90 |                     torchvision.datasets.dtd
import time:        81 |         81 |                     torchvision.datasets.eurosat
import time:       153 |        153 |                           accimage
import time:       100 |        100 |                             accimage
import time:       371 |        371 |                                 PIL.ImageFilter
import time:       160 |        160 |                                 PIL.ImageStat
import time:       114 |        644 |                               PIL.ImageEnhance
import time:       121 |        121 |                               accimage
import time:       296 |       1060 |                             torchvision.transforms._functional_pil
import time:       358 |        358 |                             torchvision.transforms._functional_tensor
import time:       409 |       1926 |                           torchvision.transforms.functional
import time:       843 |       2921 |                         torchvision.transforms.transforms
import time:       363 |        363 |                         torchvision.transforms.autoaugment
import time:        85 |       3368 |                       torchvision.transforms
import time:        97 |       3464 |                     torchvision.datasets.fakedata
import time:       133 |        133 |                     torchvision.datasets.fer2013
import time:       104 |        104 |                     torchvision.datasets.fgvc_aircraft
import time:       806 |        806 |                           html.entities
import time:       275 |       1081 |                         html
import time:       349 |        349 |                         _markupbase
import time:       872 |       2301 |                       html.parser
import time:       137 |       2438 |                     torchvision.datasets.flickr
import time:       151 |        151 |                     torchvision.datasets.flowers102
import time:       108 |        108 |                     torchvision.datasets.food101
import time:        93 |         93 |                     torchvision.datasets.gtsrb
import time:       296 |        296 |                       torchvision.datasets.video_utils
import time:       164 |        459 |                     torchvision.datasets.hmdb51
import time:       139 |        139 |                     torchvision.datasets.imagenet
import time:       108 |        108 |                     torchvision.datasets.imagenette
import time:       149 |        149 |                     torchvision.datasets.inaturalist
import time:       133 |        133 |                     torchvision.datasets.kinetics
import time:       120 |        120 |                     torchvision.datasets.kitti
import time:       165 |        165 |                     torchvision.datasets.lfw
import time:       148 |        148 |                     torchvision.datasets.lsun
import time:       399 |        399 |                     torchvision.datasets.mnist
import time:       104 |        104 |                     torchvision.datasets.moving_mnist
import time:       108 |        108 |                     torchvision.datasets.omniglot
import time:       123 |        123 |                     torchvision.datasets.oxford_iiit_pet
import time:        95 |         95 |                     torchvision.datasets.pcam
import time:       138 |        138 |                     torchvision.datasets.phototour
import time:       140 |        140 |                     torchvision.datasets.places365
import time:        86 |         86 |                     torchvision.datasets.rendered_sst2
import time:       100 |        100 |                     torchvision.datasets.sbd
import time:        82 |         82 |                     torchvision.datasets.sbu
import time:       146 |        146 |                     torchvision.datasets.semeion
import time:        95 |         95 |                     torchvision.datasets.stanford_cars
import time:       108 |        108 |                     torchvision.datasets.stl10
import time:        79 |         79 |                     torchvision.datasets.sun397
import time:        78 |         78 |                     torchvision.datasets.svhn
import time:        87 |         87 |                     torchvision.datasets.ucf101
import time:        85 |         85 |                     torchvision.datasets.usps
import time:        96 |         96 |                           xml
import time:        96 |        191 |                         xml.etree
import time:       316 |        316 |                         xml.etree.ElementPath
import time:       131 |        131 |                           pyexpat
import time:        85 |        216 |                         _elementtree
import time:       632 |       1353 |                       xml.etree.ElementTree
import time:       118 |        118 |                         defusedxml
import time:        19 |        137 |                       defusedxml.ElementTree
import time:       170 |       1659 |                     torchvision.datasets.voc
import time:       134 |        134 |                     torchvision.datasets.widerface
import time:       310 |      19896 |                   torchvision.datasets
import time:       241 |        241 |                       torchvision.transforms._presets
import time:       568 |        568 |                       torchvision.models._api
import time:       369 |        369 |                       torchvision.models._meta
import time:       137 |        137 |                         torchvision._utils
import time:       228 |        365 |                       torchvision.models._utils
import time:       344 |       1885 |                     torchvision.models.alexnet
import time:       187 |        187 |                               torch.onnx.errors
import time:        94 |         94 |                                   torch.onnx.ops._dtype_mappings
import time:      8117 |       8211 |                                 torch.onnx.ops._impl
import time:     82537 |      82537 |                                 torch.onnx.ops._symbolic_impl
import time:       205 |      90951 |                               torch.onnx.ops
import time:       180 |        180 |                                   torch.onnx._internal
import time:       148 |        328 |                                 torch.onnx._internal.exporter
import time:       209 |        537 |                               torch.onnx._internal.exporter._exportable_module
import time:       102 |        102 |                                   torch.onnx._internal._lazy_import
import time:       117 |        117 |                                   torch.onnx._internal.exporter._dynamic_shapes
import time:        91 |         91 |                                     torch.onnx._internal.exporter._constants
import time:       121 |        211 |                                   torch.onnx._internal.exporter._ir_passes
import time:       353 |        782 |                                 torch.onnx._internal.exporter._onnx_program
import time:       378 |       1160 |                               torch.onnx._internal.exporter._input_observer
import time:        79 |         79 |                               torch.onnx._internal.torchscript_exporter
import time:        77 |         77 |                                 torch.onnx._constants
import time:       574 |        574 |                                 torch.onnx._internal.torchscript_exporter._type_utils
import time:       374 |        374 |                                   torch.onnx._internal.torchscript_exporter.registration
import time:       123 |        123 |                                   torch.onnx._internal.torchscript_exporter._globals
import time:       817 |       1313 |                                 torch.onnx._internal.torchscript_exporter.jit_utils
import time:       142 |        142 |                                   torch.onnx._internal.torchscript_exporter.onnx_proto_utils
import time:       540 |        682 |                                 torch.onnx._internal.torchscript_exporter.utils
import time:       754 |       3398 |                               torch.onnx._internal.torchscript_exporter.symbolic_helper
import time:      2739 |       2739 |                                 torch.onnx._internal.torchscript_exporter.symbolic_opset9
import time:       541 |       3279 |                               torch.onnx._internal.torchscript_exporter.symbolic_opset10
import time:       193 |      99780 |                             torch.onnx
import time:       700 |        700 |                               torch.onnx._internal.torchscript_exporter.symbolic_opset11
import time:       112 |        811 |                             torch.onnx.symbolic_opset11
import time:        93 |         93 |                             torch.onnx.symbolic_helper
import time:       161 |     100844 |                           torchvision.ops._register_onnx_ops
import time:        76 |         76 |                             torchvision.ops._box_convert
import time:       125 |        125 |                             torchvision.ops._utils
import time:       193 |        393 |                           torchvision.ops.boxes
import time:        65 |         65 |                             torchvision.ops.diou_loss
import time:        76 |        141 |                           torchvision.ops.ciou_loss
import time:       112 |        112 |                           torchvision.ops.deform_conv
import time:       111 |        111 |                           torchvision.ops.drop_block
import time:       902 |        902 |                             torchvision.ops.misc
import time:       161 |       1063 |                           torchvision.ops.feature_pyramid_network
import time:        81 |         81 |                           torchvision.ops.focal_loss
import time:        79 |         79 |                           torchvision.ops.giou_loss
import time:       246 |        246 |                                         _lsprof
import time:       250 |        250 |                                         profile
import time:       218 |        713 |                                       cProfile
import time:      1323 |       1323 |                                       pstats
import time:       922 |        922 |                                       torch._dynamo.callback
import time:       282 |        282 |                                             termios
import time:       160 |        441 |                                           getpass
import time:      2497 |       2938 |                                         torch._dynamo.config
import time:       166 |       3103 |                                       torch._dynamo.distributed
import time:       929 |        929 |                                         torch._dynamo.dynamo_profiler
import time:      1173 |       1173 |                                             torch._functorch.config
import time:       126 |        126 |                                                   mpmath.usertools
import time:       160 |        160 |                                                               gmpy2
import time:        96 |         96 |                                                               gmpy
import time:        98 |        353 |                                                             mpmath.libmp.backend
import time:       369 |        369 |                                                             mpmath.libmp.libintmath
import time:       396 |       1117 |                                                           mpmath.libmp.libmpf
import time:       328 |        328 |                                                             mpmath.libmp.libelefun
import time:       245 |        572 |                                                           mpmath.libmp.libmpc
import time:       643 |        643 |                                                             mpmath.libmp.gammazeta
import time:       246 |        889 |                                                           mpmath.libmp.libhyper
import time:       222 |        222 |                                                           mpmath.libmp.libmpi
import time:       233 |       3031 |                                                         mpmath.libmp
import time:        16 |       3046 |                                                       mpmath.libmp.backend
import time:       223 |        223 |                                                           mpmath.functions.functions
import time:        92 |         92 |                                                           mpmath.functions.factorials
import time:       366 |        366 |                                                           mpmath.functions.hypergeometric
import time:       127 |        127 |                                                           mpmath.functions.expintegrals
import time:       240 |        240 |                                                           mpmath.functions.bessel
import time:       119 |        119 |                                                           mpmath.functions.orthogonal
import time:       136 |        136 |                                                           mpmath.functions.theta
import time:       218 |        218 |                                                           mpmath.functions.elliptic
import time:        58 |         58 |                                                           mpmath.functions.signals
import time:       235 |        235 |                                                           mpmath.functions.zeta
import time:       234 |        234 |                                                           mpmath.functions.rszeta
import time:       232 |        232 |                                                           mpmath.functions.zetazeros
import time:        88 |         88 |                                                           mpmath.functions.qfunctions
import time:       216 |       2578 |                                                         mpmath.functions
import time:        13 |       2591 |                                                       mpmath.functions.functions
import time:        91 |         91 |                                                           mpmath.calculus.calculus
import time:        77 |         77 |                                                           mpmath.calculus.approximation
import time:       115 |        115 |                                                           mpmath.calculus.differentiation
import time:       235 |        235 |                                                           mpmath.calculus.extrapolation
import time:        70 |         70 |                                                           mpmath.calculus.polynomials
import time:       125 |        711 |                                                         mpmath.calculus
import time:       191 |        901 |                                                       mpmath.calculus.quadrature
import time:       169 |        169 |                                                       mpmath.calculus.inverselaplace
import time:       757 |        757 |                                                       mpmath.calculus.optimization
import time:       100 |        100 |                                                       mpmath.calculus.odes
import time:       147 |        147 |                                                           mpmath.matrices.eigen
import time:       172 |        172 |                                                           mpmath.matrices.eigen_symmetric
import time:       105 |        424 |                                                         mpmath.matrices
import time:       179 |        602 |                                                       mpmath.matrices.matrices
import time:        93 |         93 |                                                       mpmath.matrices.calculus
import time:       140 |        140 |                                                       mpmath.matrices.linalg
import time:       214 |        214 |                                                       mpmath.identification
import time:       101 |        101 |                                                         colorsys
import time:       133 |        234 |                                                       mpmath.visualization
import time:       245 |       9086 |                                                     mpmath.ctx_base
import time:       174 |        174 |                                                     mpmath.math2
import time:       262 |        262 |                                                     mpmath.function_docs
import time:       227 |       9747 |                                                   mpmath.ctx_fp
import time:       216 |        216 |                                                     mpmath.rational
import time:      1851 |       1851 |                                                     mpmath.ctx_mp_python
import time:       605 |       2670 |                                                   mpmath.ctx_mp
import time:       412 |        412 |                                                   mpmath.ctx_iv
import time:      1093 |      14046 |                                                 mpmath
import time:       144 |        144 |                                                 sympy.release
import time:       155 |        155 |                                                               sympy.utilities.enumerative
import time:       155 |        155 |                                                               sympy.utilities.misc
import time:       106 |        106 |                                                                 sympy.utilities.exceptions
import time:       121 |        227 |                                                               sympy.utilities.decorator
import time:       518 |       1053 |                                                             sympy.utilities.iterables
import time:       236 |        236 |                                                                 sympy.external.importtools
import time:        79 |        314 |                                                               sympy.external
import time:       308 |        621 |                                                             sympy.utilities.lambdify
import time:        92 |         92 |                                                             sympy.utilities.timeutils
import time:        89 |       1854 |                                                           sympy.utilities
import time:        15 |       1868 |                                                         sympy.utilities.iterables
import time:       125 |       1992 |                                                       sympy.core.random
import time:       116 |        116 |                                                         sympy.core.cache
import time:       108 |        224 |                                                       sympy.core.parameters
import time:       149 |        149 |                                                             sympy.core.logic
import time:       194 |        342 |                                                           sympy.core.facts
import time:       306 |        306 |                                                           sympy.core.assumptions_generated
import time:       183 |        830 |                                                         sympy.core.assumptions
import time:       102 |        102 |                                                         sympy.core.sorting
import time:        58 |         58 |                                                                     sympy.multipledispatch.utils
import time:        84 |        142 |                                                                   sympy.multipledispatch.conflict
import time:       163 |        304 |                                                                 sympy.multipledispatch.dispatcher
import time:        99 |        403 |                                                               sympy.multipledispatch.core
import time:        69 |        471 |                                                             sympy.multipledispatch
import time:        14 |        484 |                                                           sympy.multipledispatch.dispatcher
import time:       170 |        654 |                                                         sympy.core.kind
import time:        75 |         75 |                                                         sympy.core._print_helpers
import time:        60 |         60 |                                                           sympy.core.core
import time:       140 |        200 |                                                         sympy.core.singleton
import time:       104 |        104 |                                                         sympy.core.traversal
import time:       728 |       2691 |                                                       sympy.core.basic
import time:       208 |       5114 |                                                     sympy.core.sympify
import time:       128 |        128 |                                                           sympy.external.pythonmpq
import time:       111 |        111 |                                                           sympy.external.ntheory
import time:       149 |        149 |                                                           flint
import time:        84 |         84 |                                                           gmpy2
import time:       142 |        611 |                                                         sympy.external.gmpy
import time:       372 |        983 |                                                       sympy.core.evalf
import time:       101 |        101 |                                                       sympy.core.decorators
import time:       635 |        635 |                                                       sympy.core.intfunc
import time:       329 |        329 |                                                         sympy.core.operations
import time:       270 |        270 |                                                           sympy.core.containers
import time:       429 |        429 |                                                               sympy.core.add
import time:        94 |         94 |                                                               sympy.core.rules
import time:      1532 |       1532 |                                                                     sympy.logic.boolalg
import time:       147 |        147 |                                                                     sympy.logic.inference
import time:       159 |       1837 |                                                                   sympy.logic
import time:        17 |       1854 |                                                                 sympy.logic.boolalg
import time:       664 |       2517 |                                                               sympy.core.symbol
import time:      1084 |       4122 |                                                             sympy.core.function
import time:       139 |        139 |                                                               sympy.core.coreerrors
import time:      1084 |       1222 |                                                             sympy.core.relational
import time:       551 |       5894 |                                                           sympy.core.power
import time:      2716 |       8879 |                                                         sympy.core.numbers
import time:       575 |       9782 |                                                       sympy.core.mul
import time:       325 |        325 |                                                         sympy.core.exprtools
import time:       233 |        557 |                                                       sympy.core.mod
import time:       935 |      12990 |                                                     sympy.core.expr
import time:        99 |         99 |                                                     sympy.core.multidimensional
import time:       163 |      18364 |                                                   sympy.core
import time:        17 |      18381 |                                                 sympy.core.cache
import time:        65 |         65 |                                                     sympy.utilities.source
import time:       364 |        428 |                                                   sympy.assumptions.assume
import time:       198 |        198 |                                                     sympy.assumptions.cnf
import time:       155 |        155 |                                                     sympy.assumptions.ask_generated
import time:       412 |        764 |                                                   sympy.assumptions.ask
import time:       106 |        106 |                                                   sympy.assumptions.refine
import time:       236 |        236 |                                                     sympy.assumptions.relation.binrel
import time:        73 |        308 |                                                   sympy.assumptions.relation
import time:       100 |       1705 |                                                 sympy.assumptions
import time:       275 |        275 |                                                       sympy.polys.polyerrors
import time:      1371 |       1646 |                                                     sympy.polys.polyoptions
import time:        76 |         76 |                                                           sympy.polys.domains.domainelement
import time:       153 |        153 |                                                           sympy.polys.orderings
import time:       141 |        141 |                                                             sympy.polys.domains.modularinteger
import time:       306 |        446 |                                                           sympy.polys.polyutils
import time:       273 |        947 |                                                         sympy.polys.domains.domain
import time:        80 |         80 |                                                             sympy.polys.domains.ring
import time:        96 |        175 |                                                           sympy.polys.domains.field
import time:        63 |         63 |                                                           sympy.polys.domains.simpledomain
import time:        90 |         90 |                                                             sympy.polys.polyconfig
import time:       285 |        375 |                                                           sympy.polys.galoistools
import time:        60 |         60 |                                                             sympy.polys.domains.pythonrational
import time:       100 |        160 |                                                           sympy.polys.domains.groundtypes
import time:       165 |        936 |                                                         sympy.polys.domains.finitefield
import time:        67 |         67 |                                                           sympy.polys.domains.characteristiczero
import time:       122 |        189 |                                                         sympy.polys.domains.integerring
import time:       121 |        121 |                                                         sympy.polys.domains.rationalfield
import time:       197 |        197 |                                                               sympy.polys.monomials
import time:       220 |        416 |                                                             sympy.polys.densebasic
import time:       217 |        217 |                                                             sympy.polys.densearith
import time:       168 |        168 |                                                             sympy.polys.densetools
import time:       190 |        190 |                                                             sympy.polys.euclidtools
import time:       128 |        128 |                                                             sympy.polys.sqfreetools
import time:       273 |        273 |                                                             sympy.polys.factortools
import time:       352 |        352 |                                                             sympy.polys.rootisolation
import time:       873 |       2613 |                                                           sympy.polys.polyclasses
import time:       162 |       2775 |                                                         sympy.polys.domains.algebraicfield
import time:       338 |        338 |                                                         sympy.polys.domains.gaussiandomains
import time:       516 |        516 |                                                         sympy.polys.domains.realfield
import time:       427 |        427 |                                                         sympy.polys.domains.complexfield
import time:        85 |         85 |                                                           sympy.polys.domains.compositedomain
import time:       143 |        228 |                                                         sympy.polys.domains.polynomialring
import time:       164 |        164 |                                                         sympy.polys.domains.fractionfield
import time:       165 |        165 |                                                         sympy.polys.domains.expressiondomain
import time:        90 |         90 |                                                         sympy.polys.domains.expressionrawdomain
import time:        91 |         91 |                                                           sympy.polys.domains.pythonintegerring
import time:        83 |        173 |                                                         sympy.polys.domains.pythonfinitefield
import time:        86 |         86 |                                                           sympy.polys.domains.gmpyintegerring
import time:        69 |        155 |                                                         sympy.polys.domains.gmpyfinitefield
import time:        88 |         88 |                                                         sympy.polys.domains.pythonrationalfield
import time:        93 |         93 |                                                         sympy.polys.domains.gmpyrationalfield
import time:       155 |       7552 |                                                       sympy.polys.domains
import time:       139 |       7690 |                                                     sympy.polys.constructor
import time:        91 |         91 |                                                     sympy.polys.fglmtools
import time:       164 |        164 |                                                     sympy.polys.groebnertools
import time:        65 |         65 |                                                     sympy.polys.rationaltools
import time:      1199 |      10853 |                                                   sympy.polys.polytools
import time:       174 |        174 |                                                           sympy.ntheory.primetest
import time:       223 |        396 |                                                         sympy.ntheory.generate
import time:        70 |         70 |                                                           sympy.ntheory.digits
import time:        97 |         97 |                                                           sympy.ntheory.ecm
import time:       385 |        552 |                                                         sympy.ntheory.factor_
import time:        87 |         87 |                                                             sympy.ntheory.modular
import time:        67 |         67 |                                                             sympy.utilities.memoization
import time:       690 |        843 |                                                           sympy.ntheory.residue_ntheory
import time:       111 |        953 |                                                         sympy.ntheory.partitions_
import time:        64 |         64 |                                                         sympy.ntheory.multinomial
import time:        81 |         81 |                                                         sympy.ntheory.continued_fraction
import time:        77 |         77 |                                                         sympy.ntheory.egyptian_fraction
import time:       129 |        129 |                                                         sympy.ntheory.qs
import time:       135 |       2385 |                                                       sympy.ntheory
import time:       504 |        504 |                                                         sympy.polys.compatibility
import time:        80 |         80 |                                                         sympy.polys.heuristicgcd
import time:       233 |        233 |                                                                 sympy.printing.conventions
import time:        98 |         98 |                                                                 sympy.printing.precedence
import time:       141 |        141 |                                                                 sympy.printing.printer
import time:       391 |        391 |                                                                 sympy.printing.str
import time:        67 |         67 |                                                                     sympy.core.alphabets
import time:       665 |        731 |                                                                   sympy.printing.pretty.pretty_symbology
import time:       185 |        916 |                                                                 sympy.printing.pretty.stringpict
import time:       760 |       2537 |                                                               sympy.printing.pretty.pretty
import time:       120 |       2657 |                                                             sympy.printing.pretty
import time:      1046 |       1046 |                                                             sympy.printing.latex
import time:       560 |        560 |                                                             sympy.printing.mathml
import time:       176 |        176 |                                                               sympy.printing.repr
import time:       110 |        286 |                                                             sympy.printing.python
import time:        93 |         93 |                                                                         sympy.functions.combinatorial
import time:       800 |        892 |                                                                       sympy.functions.combinatorial.factorials
import time:        76 |         76 |                                                                           sympy.functions.elementary
import time:       728 |        728 |                                                                             sympy.functions.elementary.miscellaneous
import time:       465 |        465 |                                                                             sympy.functions.elementary.piecewise
import time:      1061 |       2253 |                                                                           sympy.functions.elementary.complexes
import time:       852 |       3180 |                                                                         sympy.functions.elementary.exponential
import time:       117 |        117 |                                                                         sympy.polys.appellseqs
import time:      2426 |       5722 |                                                                       sympy.functions.combinatorial.numbers
import time:      1132 |       1132 |                                                                         sympy.functions.elementary.integers
import time:       157 |        157 |                                                                         sympy.functions.elementary._trigonometric_special
import time:      1698 |       2986 |                                                                       sympy.functions.elementary.trigonometric
import time:      1349 |       1349 |                                                                       sympy.functions.elementary.hyperbolic
import time:        93 |         93 |                                                                         sympy.functions.special
import time:      1206 |       1206 |                                                                         sympy.functions.special.hyper
import time:      1568 |       2865 |                                                                       sympy.functions.special.error_functions
import time:       591 |        591 |                                                                         sympy.functions.special.zeta_functions
import time:       745 |       1336 |                                                                       sympy.functions.special.gamma_functions
import time:       318 |        318 |                                                                       sympy.functions.special.tensor_functions
import time:       747 |        747 |                                                                             sympy.polys.polyquinticconst
import time:       352 |       1099 |                                                                           sympy.polys.polyroots
import time:       381 |       1479 |                                                                         sympy.functions.special.delta_functions
import time:       182 |       1661 |                                                                       sympy.functions.special.singularity_functions
import time:      1187 |       1187 |                                                                             sympy.sets.sets
import time:       924 |        924 |                                                                             sympy.sets.fancysets
import time:       138 |        138 |                                                                             sympy.sets.contains
import time:       162 |        162 |                                                                             sympy.sets.conditionset
import time:       315 |        315 |                                                                             sympy.sets.ordinals
import time:       135 |        135 |                                                                             sympy.sets.powerset
import time:        91 |         91 |                                                                               sympy.sets.handlers
import time:      1081 |       1171 |                                                                             sympy.sets.handlers.comparison
import time:       144 |       4173 |                                                                           sympy.sets
import time:        17 |       4189 |                                                                         sympy.sets.sets
import time:       137 |       4325 |                                                                       sympy.functions.special.bsplines
import time:       127 |        127 |                                                                         sympy.polys.orthopolys
import time:      1691 |       1818 |                                                                       sympy.functions.special.bessel
import time:       946 |        946 |                                                                       sympy.functions.special.polynomials
import time:       259 |        259 |                                                                       sympy.functions.special.spherical_harmonics
import time:       423 |        423 |                                                                       sympy.functions.special.elliptic_integrals
import time:       315 |        315 |                                                                       sympy.functions.special.beta_functions
import time:       370 |        370 |                                                                       sympy.functions.special.mathieu_functions
import time:       259 |      25836 |                                                                     sympy.functions
import time:        16 |      25852 |                                                                   sympy.functions.elementary
import time:        16 |      25867 |                                                                 sympy.functions.elementary.complexes
import time:       408 |      26275 |                                                               sympy.printing.codeprinter
import time:       462 |      26736 |                                                             sympy.printing.pycode
import time:       368 |        368 |                                                               sympy.assumptions.relation.equality
import time:       348 |        715 |                                                             sympy.printing.smtlib
import time:       204 |        204 |                                                             sympy.printing.glsl
import time:       159 |        159 |                                                             sympy.printing.rcode
import time:       671 |        671 |                                                             sympy.printing.jscode
import time:       250 |        250 |                                                             sympy.printing.julia
import time:       270 |        270 |                                                             sympy.printing.mathematica
import time:       284 |        284 |                                                             sympy.printing.octave
import time:       114 |        114 |                                                               sympy.utilities.mathml
import time:        76 |        190 |                                                             sympy.printing.gtk
import time:       160 |        160 |                                                             sympy.printing.preview
import time:        69 |         69 |                                                             sympy.printing.tree
import time:       111 |        111 |                                                             sympy.printing.tableform
import time:        90 |         90 |                                                             sympy.printing.dot
import time:       189 |        189 |                                                             sympy.printing.maple
import time:       165 |      34803 |                                                           sympy.printing
import time:        88 |      34891 |                                                         sympy.printing.defaults
import time:        59 |         59 |                                                         sympy.utilities.magic
import time:       623 |      36155 |                                                       sympy.polys.rings
import time:       145 |      38684 |                                                     sympy.polys.specialpolys
import time:       126 |      38810 |                                                   sympy.polys.polyfuncs
import time:       228 |        228 |                                                         sympy.polys.puiseux
import time:       286 |        513 |                                                       sympy.polys.ring_series
import time:      1008 |       1008 |                                                       sympy.polys.rootoftools
import time:       327 |       1847 |                                                     sympy.polys.numberfields.minpoly
import time:       138 |        138 |                                                     sympy.polys.numberfields.subfield
import time:       150 |        150 |                                                             sympy.polys.matrices.exceptions
import time:        97 |         97 |                                                             sympy.polys.matrices.domainscalar
import time:       119 |        119 |                                                                 sympy.polys.matrices._typing
import time:       131 |        250 |                                                               sympy.polys.matrices.dense
import time:       103 |        103 |                                                               sympy.polys.matrices.lll
import time:       389 |        389 |                                                               sympy.polys.matrices.sdm
import time:        77 |         77 |                                                               sympy.polys.matrices.dfm
import time:       257 |       1074 |                                                             sympy.polys.matrices.ddm
import time:       120 |        120 |                                                             sympy.polys.matrices.rref
import time:       537 |       1975 |                                                           sympy.polys.matrices.domainmatrix
import time:        75 |       2050 |                                                         sympy.polys.matrices
import time:        16 |       2065 |                                                       sympy.polys.matrices.exceptions
import time:       435 |        435 |                                                         sympy.printing.numpy
import time:       194 |        629 |                                                       sympy.printing.lambdarepr
import time:       139 |       2832 |                                                     sympy.polys.numberfields.utilities
import time:       134 |        134 |                                                         sympy.polys.matrices.normalforms
import time:        93 |         93 |                                                         sympy.polys.numberfields.exceptions
import time:       400 |        626 |                                                       sympy.polys.numberfields.modules
import time:       110 |        735 |                                                     sympy.polys.numberfields.basis
import time:       225 |        225 |                                                     sympy.polys.numberfields.primes
import time:       192 |        192 |                                                       sympy.polys.numberfields.galois_resolvents
import time:       164 |        355 |                                                     sympy.polys.numberfields.galoisgroups
import time:       101 |       6231 |                                                   sympy.polys.numberfields
import time:       160 |        160 |                                                       sympy.matrices.exceptions
import time:       152 |        152 |                                                       sympy.matrices.kind
import time:       106 |        106 |                                                           sympy.matrices.utilities
import time:       248 |        248 |                                                           sympy.matrices.determinant
import time:       195 |        548 |                                                         sympy.matrices.decompositions
import time:       486 |        486 |                                                               sympy.tensor.indexed
import time:       123 |        123 |                                                               sympy.tensor.index_methods
import time:       171 |        171 |                                                               sympy.tensor.functions
import time:       291 |        291 |                                                                     sympy.tensor.array.ndim_array
import time:        75 |        365 |                                                                   sympy.tensor.array.mutable_ndim_array
import time:       249 |        613 |                                                                 sympy.tensor.array.dense_ndim_array
import time:       243 |        243 |                                                                 sympy.tensor.array.sparse_ndim_array
import time:       139 |        139 |                                                                 sympy.tensor.array.arrayop
import time:       203 |        203 |                                                                 sympy.tensor.array.array_comprehension
import time:       106 |       1301 |                                                               sympy.tensor.array
import time:       107 |       2186 |                                                             sympy.tensor
import time:        15 |       2200 |                                                           sympy.tensor.array
import time:       112 |        112 |                                                           sympy.matrices.reductions
import time:       139 |        139 |                                                                         sympy.polys.agca.ideals
import time:       869 |       1007 |                                                                       sympy.polys.agca.modules
import time:       199 |       1206 |                                                                     sympy.polys.agca.homomorphisms
import time:        72 |       1277 |                                                                   sympy.polys.agca
import time:       240 |       1517 |                                                                 sympy.polys.agca.extensions
import time:       100 |       1616 |                                                               sympy.polys.matrices.eigen
import time:       232 |       1848 |                                                             sympy.matrices.eigen
import time:       138 |       1985 |                                                           sympy.matrices.solvers
import time:       127 |        127 |                                                           sympy.matrices.inverse
import time:        71 |         71 |                                                           sympy.matrices.subspaces
import time:        64 |         64 |                                                           sympy.matrices.graph
import time:      1162 |       5718 |                                                         sympy.matrices.matrixbase
import time:       264 |        264 |                                                         sympy.matrices.repmatrix
import time:       213 |       6742 |                                                       sympy.matrices.dense
import time:       157 |        157 |                                                       sympy.matrices.sparse
import time:        83 |         83 |                                                       sympy.matrices.sparsetools
import time:        60 |         60 |                                                                     sympy.strategies.util
import time:       115 |        175 |                                                                   sympy.strategies.rl
import time:       138 |        138 |                                                                     sympy.strategies.core
import time:        66 |        203 |                                                                   sympy.strategies.traverse
import time:        70 |         70 |                                                                   sympy.strategies.tools
import time:        71 |         71 |                                                                       sympy.strategies.branch.core
import time:        99 |        170 |                                                                     sympy.strategies.branch.traverse
import time:        49 |         49 |                                                                     sympy.strategies.branch.tools
import time:        85 |        303 |                                                                   sympy.strategies.branch
import time:       122 |        870 |                                                                 sympy.strategies
import time:       117 |        117 |                                                                 sympy.matrices.expressions._shape
import time:       405 |        405 |                                                                     sympy.matrices.expressions.special
import time:       173 |        578 |                                                                   sympy.matrices.expressions.matpow
import time:       189 |        766 |                                                                 sympy.matrices.expressions.inverse
import time:       150 |        150 |                                                                 sympy.matrices.expressions.transpose
import time:       205 |        205 |                                                                 sympy.matrices.expressions.permutation
import time:       395 |       2502 |                                                               sympy.matrices.expressions.matmul
import time:       235 |        235 |                                                               sympy.matrices.expressions.matadd
import time:       186 |        186 |                                                               sympy.matrices.expressions.determinant
import time:      1114 |       4035 |                                                             sympy.matrices.expressions.matexpr
import time:       184 |       4219 |                                                           sympy.matrices.expressions.slice
import time:       151 |        151 |                                                             sympy.matrices.expressions.trace
import time:       358 |        508 |                                                           sympy.matrices.expressions.blockmatrix
import time:       128 |        128 |                                                           sympy.matrices.expressions.companion
import time:       127 |        127 |                                                           sympy.matrices.expressions.funcmatrix
import time:       123 |        123 |                                                           sympy.matrices.expressions.adjoint
import time:       305 |        305 |                                                           sympy.matrices.expressions.hadamard
import time:       246 |        246 |                                                           sympy.matrices.expressions.diagonal
import time:       111 |        111 |                                                           sympy.matrices.expressions.dotproduct
import time:       201 |        201 |                                                           sympy.matrices.expressions.kronecker
import time:       133 |        133 |                                                           sympy.matrices.expressions.sets
import time:       150 |       6246 |                                                         sympy.matrices.expressions
import time:       668 |       6914 |                                                       sympy.matrices.immutable
import time:       144 |      14349 |                                                     sympy.matrices
import time:       144 |      14492 |                                                   sympy.polys.partfrac
import time:       240 |        240 |                                                   sympy.polys.fields
import time:       197 |      70820 |                                                 sympy.polys
import time:       264 |        264 |                                                   sympy.series.order
import time:       100 |        100 |                                                         sympy.calculus.euler
import time:        83 |         83 |                                                         sympy.calculus.singularities
import time:        97 |         97 |                                                         sympy.calculus.finite_diff
import time:       462 |        462 |                                                           sympy.calculus.accumulationbounds
import time:       177 |        639 |                                                         sympy.calculus.util
import time:        96 |       1013 |                                                       sympy.calculus
import time:        24 |       1037 |                                                     sympy.calculus.accumulationbounds
import time:       224 |        224 |                                                     sympy.series.gruntz
import time:       260 |       1519 |                                                   sympy.series.limits
import time:        64 |         64 |                                                   sympy.series.series
import time:        72 |         72 |                                                   sympy.series.approximants
import time:        60 |         60 |                                                   sympy.series.residues
import time:       727 |        727 |                                                   sympy.series.sequences
import time:       156 |        156 |                                                     sympy.series.series_class
import time:       269 |        425 |                                                   sympy.series.fourier
import time:       124 |        124 |                                                         sympy.discrete.transforms
import time:        95 |         95 |                                                         sympy.discrete.convolutions
import time:        90 |        309 |                                                       sympy.discrete
import time:        77 |        385 |                                                     sympy.discrete.convolutions
import time:       648 |       1033 |                                                   sympy.series.formal
import time:       117 |        117 |                                                   sympy.series.limitseq
import time:       127 |       4404 |                                                 sympy.series
import time:       256 |        256 |                                                       sympy.concrete.expr_with_limits
import time:       146 |        401 |                                                     sympy.concrete.expr_with_intlimits
import time:        92 |         92 |                                                       sympy.concrete.gosper
import time:       109 |        109 |                                                             sympy.integrals.rationaltools
import time:        82 |         82 |                                                             sympy.integrals.deltafunctions
import time:       544 |        544 |                                                             sympy.integrals.meijerint
import time:       107 |        107 |                                                             sympy.integrals.trigonometry
import time:       382 |       1223 |                                                           sympy.integrals.integrals
import time:        52 |         52 |                                                                   sympy.polys.domainmatrix
import time:       155 |        206 |                                                                 sympy.polys.solvers
import time:       117 |        322 |                                                               sympy.polys.matrices.linsolve
import time:       776 |       1097 |                                                             sympy.integrals.laplace
import time:      1171 |       2268 |                                                           sympy.integrals.transforms
import time:        77 |         77 |                                                           sympy.integrals.singularityfunctions
import time:        88 |       3654 |                                                         sympy.integrals
import time:        13 |       3667 |                                                       sympy.integrals.integrals
import time:       459 |       4218 |                                                     sympy.concrete.summations
import time:       221 |       4839 |                                                   sympy.concrete.products
import time:        80 |       4918 |                                                 sympy.concrete
import time:       240 |        240 |                                                       sympy.simplify.gammasimp
import time:       103 |        342 |                                                     sympy.simplify.combsimp
import time:        74 |         74 |                                                     sympy.simplify.cse_opts
import time:       173 |        173 |                                                       sympy.simplify.powsimp
import time:      1313 |       1486 |                                                     sympy.simplify.hyperexpand
import time:       167 |        167 |                                                       sympy.simplify.sqrtdenest
import time:       215 |        382 |                                                     sympy.simplify.radsimp
import time:       276 |        276 |                                                       sympy.simplify.cse_main
import time:        79 |         79 |                                                       sympy.strategies.tree
import time:       268 |        622 |                                                     sympy.simplify.trigsimp
import time:       416 |       3319 |                                                   sympy.simplify.simplify
import time:       372 |        372 |                                                   sympy.simplify.fu
import time:       115 |        115 |                                                   sympy.simplify.epathtools
import time:        96 |         96 |                                                   sympy.simplify.ratsimp
import time:       113 |       4013 |                                                 sympy.simplify
import time:       196 |        196 |                                                     sympy.solvers.polysys
import time:       132 |        132 |                                                     sympy.solvers.bivariate
import time:       649 |        976 |                                                   sympy.solvers.solvers
import time:       622 |        622 |                                                         sympy.solvers.solveset
import time:       667 |       1289 |                                                       sympy.solvers.diophantine.diophantine
import time:        75 |       1363 |                                                     sympy.solvers.diophantine
import time:        15 |       1378 |                                                   sympy.solvers.diophantine.diophantine
import time:       165 |        165 |                                                   sympy.solvers.recurr
import time:        95 |         95 |                                                       sympy.solvers.deutils
import time:       170 |        170 |                                                         sympy.solvers.ode.riccati
import time:       114 |        114 |                                                         sympy.solvers.ode.hypergeometric
import time:       104 |        104 |                                                           sympy.solvers.ode.subscheck
import time:       138 |        241 |                                                         sympy.solvers.ode.nonhomogeneous
import time:       150 |        150 |                                                           sympy.solvers.pde
import time:       198 |        348 |                                                         sympy.solvers.ode.lie_group
import time:       827 |       1697 |                                                       sympy.solvers.ode.single
import time:       564 |       2356 |                                                     sympy.solvers.ode.ode
import time:       356 |        356 |                                                     sympy.solvers.ode.systems
import time:        98 |       2808 |                                                   sympy.solvers.ode
import time:       176 |        176 |                                                   sympy.solvers.inequalities
import time:        77 |         77 |                                                   sympy.solvers.decompogen
import time:       172 |        172 |                                                   sympy.solvers.simplex
import time:       138 |       5885 |                                                 sympy.solvers
import time:        71 |         71 |                                                     sympy.geometry.exceptions
import time:      2862 |       2862 |                                                       sympy.sets.handlers.intersection
import time:      1294 |       1294 |                                                       sympy.sets.handlers.union
import time:       973 |       5128 |                                                     sympy.geometry.entity
import time:       380 |       5578 |                                                   sympy.geometry.point
import time:       236 |        236 |                                                     sympy.geometry.util
import time:       923 |       1158 |                                                   sympy.geometry.line
import time:       252 |        252 |                                                   sympy.geometry.plane
import time:       544 |        544 |                                                     sympy.geometry.polygon
import time:       424 |        967 |                                                   sympy.geometry.ellipse
import time:       162 |        162 |                                                   sympy.geometry.curve
import time:       142 |        142 |                                                   sympy.geometry.parabola
import time:       115 |       8371 |                                                 sympy.geometry
import time:       542 |        542 |                                                   sympy.parsing.sympy_parser
import time:        84 |        626 |                                                 sympy.parsing
import time:       316 |        316 |                                                   sympy.algebras.quaternion
import time:        93 |        409 |                                                 sympy.algebras
import time:       114 |        114 |                                                       sympy.plotting.backends
import time:       135 |        135 |                                                         sympy.plotting.utils
import time:        76 |         76 |                                                             sympy.plotting.intervalmath.interval_membership
import time:       148 |        224 |                                                           sympy.plotting.intervalmath.interval_arithmetic
import time:       110 |        110 |                                                           sympy.plotting.intervalmath.lib_interval
import time:        82 |        415 |                                                         sympy.plotting.intervalmath
import time:       767 |       1317 |                                                       sympy.plotting.series
import time:       155 |       1585 |                                                     sympy.plotting.backends.base_backend
import time:       188 |        188 |                                                       sympy.plotting.backends.matplotlibbackend.matplotlib
import time:        82 |        270 |                                                     sympy.plotting.backends.matplotlibbackend
import time:       144 |        144 |                                                         sympy.plotting.textplot
import time:       101 |        245 |                                                       sympy.plotting.backends.textbackend.text
import time:        73 |        317 |                                                     sympy.plotting.backends.textbackend
import time:       103 |        103 |                                                     sympy.plotting.plotgrid
import time:       186 |       2458 |                                                   sympy.plotting.plot
import time:        80 |         80 |                                                   sympy.plotting.plot_implicit
import time:        68 |         68 |                                                   sympy.plotting.pygletplot
import time:       102 |       2706 |                                                 sympy.plotting
import time:       175 |        175 |                                                   sympy.interactive.printing
import time:       126 |        126 |                                                   sympy.interactive.session
import time:        76 |         76 |                                                   sympy.interactive.traversal
import time:        76 |        452 |                                                 sympy.interactive
import time:       802 |     137676 |                                               sympy
import time:      1144 |       1144 |                                               torch.fx.experimental.recording
import time:       101 |        101 |                                                 torch.utils._sympy
import time:       976 |        976 |                                                 torch.utils._sympy.numbers
import time:      3081 |       4157 |                                               torch.utils._sympy.functions
import time:       295 |        295 |                                               torch.utils._sympy.printers
import time:       431 |        431 |                                               torch.utils._sympy.singleton_int
import time:       122 |        122 |                                               torch.utils._sympy.solve
import time:       290 |        290 |                                               torch.utils._sympy.symbol
import time:       133 |        133 |                                                 torch.utils._sympy.interp
import time:      1205 |       1338 |                                               torch.utils._sympy.value_ranges
import time:     10727 |     156175 |                                             torch.fx.experimental.symbolic_shapes
import time:       332 |        332 |                                             torch._dynamo.metrics_context
import time:       158 |        158 |                                             torch.utils._triton
import time:       127 |        127 |                                             torch._dynamo.graph_utils
import time:       162 |        162 |                                                   torch._numpy._casting_dicts
import time:       218 |        379 |                                                 torch._numpy._dtypes_impl
import time:       146 |        146 |                                                 torch._numpy._util
import time:       317 |        317 |                                                   torch._numpy._dtypes
import time:       176 |        493 |                                                 torch._numpy._normalizations
import time:       281 |       1298 |                                               torch._numpy.fft
import time:       194 |        194 |                                               torch._numpy.linalg
import time:       109 |        109 |                                               torch._numpy.random
import time:       501 |        501 |                                                 torch._numpy._funcs_impl
import time:       144 |        144 |                                                 torch._numpy._reductions_impl
import time:       503 |       1147 |                                               torch._numpy._funcs
import time:        83 |         83 |                                               torch._numpy._getlimits
import time:        91 |         91 |                                                   torch._numpy._binary_ufuncs_impl
import time:        73 |         73 |                                                   torch._numpy._unary_ufuncs_impl
import time:       878 |       1042 |                                                 torch._numpy._ufuncs
import time:       358 |       1399 |                                               torch._numpy._ndarray
import time:       239 |       4466 |                                             torch._numpy
import time:       177 |        177 |                                               numpy.fft._helper
import time:       254 |        254 |                                                 numpy.fft._pocketfft_umath
import time:       236 |        490 |                                               numpy.fft._pocketfft
import time:        76 |         76 |                                               numpy.fft.helper
import time:       136 |        878 |                                             numpy.fft
import time:       463 |        463 |                                                   numpy.random._common
import time:       452 |        914 |                                                 numpy.random.bit_generator
import time:       275 |       1189 |                                               numpy.random._bounded_integers
import time:       173 |        173 |                                                   numpy.random._pcg64
import time:       135 |        135 |                                                   numpy.random._mt19937
import time:      1045 |       1352 |                                                 numpy.random._generator
import time:       131 |        131 |                                                 numpy.random._philox
import time:       135 |        135 |                                                 numpy.random._sfc64
import time:      1047 |       1047 |                                                 numpy.random.mtrand
import time:       124 |       2786 |                                               numpy.random._pickle
import time:       142 |       4115 |                                             numpy.random
import time:      5696 |     173117 |                                           torch._dynamo.utils
import time:       768 |     173885 |                                         torch._dynamo.exc
import time:       189 |        189 |                                         torch.utils._functools
import time:        81 |         81 |                                         torch._dynamo.graph_break_hints
import time:        86 |         86 |                                         torch._dynamo.logging
import time:       288 |        288 |                                                 torch._dynamo.aot_compile_types
import time:       471 |        471 |                                                   ctypes.wintypes
import time:       155 |        155 |                                                   ctypes.util
import time:       231 |        231 |                                                     torch._inductor.custom_graph_pass
import time:      9123 |       9353 |                                                   torch._inductor.config
import time:       275 |        275 |                                                   torch._inductor.exc
import time:        87 |         87 |                                                         torch._inductor.analysis
import time:       688 |        774 |                                                       torch._inductor.analysis.device_info
import time:        97 |         97 |                                                         torch._inductor.runtime
import time:       918 |       1014 |                                                       torch._inductor.runtime.hints
import time:       873 |        873 |                                                       torch._dynamo.device_interface
import time:       232 |        232 |                                                       torch.fx.passes.graph_transform_observer
import time:        87 |         87 |                                                         torch._inductor.runtime.cache_dir_utils
import time:       227 |        227 |                                                         colorama
import time:       191 |        504 |                                                       torch._inductor.runtime.runtime_utils
import time:      3753 |       7147 |                                                     torch._inductor.utils
import time:      2337 |       9484 |                                                   torch._inductor.cpu_vec_isa
import time:    101902 |     121637 |                                                 torch._inductor.cpp_builder
import time:      3159 |       3159 |                                                 torch._inductor.cudagraph_utils
import time:       491 |     125573 |                                               torch._inductor.standalone_compile
import time:       187 |     125760 |                                             torch._inductor
import time:       987 |     126747 |                                           torch._inductor.test_operators
import time:      1062 |       1062 |                                               torch._dynamo.bytecode_analysis
import time:      1786 |       2848 |                                             torch._dynamo.bytecode_transformation
import time:      1129 |       3976 |                                           torch._dynamo.resume_execution
import time:        94 |         94 |                                               torch._dynamo.current_scope_id
import time:       155 |        155 |                                                 torch.utils._device
import time:     16592 |      16592 |                                                 torch._dynamo.source
import time:      1644 |       1644 |                                                   torch._dynamo.types
import time:       185 |        185 |                                                   torch.fx.experimental._dynamism
import time:       300 |        300 |                                                   torch._dynamo.external_utils
import time:       108 |        108 |                                                     torch._dynamo.backends
import time:       373 |        480 |                                                   torch._dynamo.backends.registry
import time:       119 |        119 |                                                   torch._dynamo.code_context
import time:       411 |        411 |                                                   torch._dynamo.hooks
import time:       182 |        182 |                                                   torch._dynamo.mutation_guard
import time:      1702 |       5020 |                                                 torch._dynamo.eval_frame
import time:      3719 |      25486 |                                               torch._dynamo.guards
import time:       137 |        137 |                                                 torch._dynamo.graph_bytecode_inputs
import time:       178 |        178 |                                                         torch.nn.utils._expanded_weights.expanded_weights_impl
import time:       106 |        283 |                                                       torch.nn.utils._expanded_weights.expanded_weights_utils
import time:       137 |        419 |                                                     torch.nn.utils._expanded_weights.conv_utils
import time:       254 |        673 |                                                   torch.nn.utils._expanded_weights.conv_expanded_weights
import time:       132 |        132 |                                                   torch.nn.utils._expanded_weights.embedding_expanded_weights
import time:       120 |        120 |                                                   torch.nn.utils._expanded_weights.group_norm_expanded_weights
import time:       109 |        109 |                                                   torch.nn.utils._expanded_weights.instance_norm_expanded_weights
import time:        97 |         97 |                                                   torch.nn.utils._expanded_weights.layer_norm_expanded_weights
import time:        92 |         92 |                                                   torch.nn.utils._expanded_weights.linear_expanded_weights
import time:       157 |       1377 |                                                 torch.nn.utils._expanded_weights
import time:      1537 |       1537 |                                                 torch._dynamo.replay_record
import time:       205 |        205 |                                                     torch.utils._appending_byte_serializer
import time:       968 |       1173 |                                                   torch.compiler._cache
import time:      1701 |       2873 |                                                 torch._dynamo.pgo
import time:       376 |        376 |                                                       torch._dynamo.polyfills
import time:       337 |        337 |                                                       torch._dynamo.variables.constant
import time:        91 |         91 |                                                                 torch.distributed._composable_state
import time:        79 |         79 |                                                                   torch.distributed.algorithms._checkpoint
import time:       414 |        492 |                                                                 torch.distributed.algorithms._checkpoint.checkpoint_wrapper
import time:      2257 |       2257 |                                                                 torch.distributed.fsdp.api
import time:       465 |       3303 |                                                               torch.distributed.fsdp._common_utils
import time:       118 |        118 |                                                                 torch.testing._internal.distributed
import time:       184 |        301 |                                                               torch.testing._internal.distributed.fake_pg
import time:       111 |        111 |                                                                             torch.distributed._shard.common_op_utils
import time:        66 |        177 |                                                                           torch.distributed._shard.op_registry_utils
import time:       320 |        320 |                                                                               torch.distributed._shard.metadata
import time:       716 |        716 |                                                                                 torch.distributed._shard.sharded_tensor.metadata
import time:       225 |        225 |                                                                                 torch.distributed._shard.sharding_spec._internals
import time:       581 |       1521 |                                                                               torch.distributed._shard.sharding_spec.api
import time:        71 |         71 |                                                                                 torch.distributed._shard._utils
import time:       264 |        264 |                                                                                 torch.distributed._shard.sharded_tensor.shard
import time:       153 |        153 |                                                                                 torch.distributed._shard.sharded_tensor.utils
import time:       376 |        862 |                                                                               torch.distributed._shard.sharding_spec.chunk_sharding_spec
import time:       133 |       2833 |                                                                             torch.distributed._shard.sharding_spec
import time:       317 |        317 |                                                                                   torch.distributed.nn.functional
import time:        73 |         73 |                                                                                     torch.distributed.nn.api
import time:        74 |         74 |                                                                                     torch.distributed.nn.jit
import time:        63 |         63 |                                                                                         torch.distributed.nn.jit.templates
import time:        98 |        161 |                                                                                       torch.distributed.nn.jit.templates.remote_module_template
import time:       168 |        328 |                                                                                     torch.distributed.nn.jit.instantiator
import time:      1011 |       1484 |                                                                                   torch.distributed.nn.api.remote_module
import time:        99 |       1899 |                                                                                 torch.distributed.nn
import time:        19 |       1918 |                                                                               torch.distributed.nn.functional
import time:       156 |       2073 |                                                                             torch.distributed._shard.sharded_tensor.reshard
import time:       646 |       5551 |                                                                           torch.distributed._shard.sharded_tensor.api
import time:       209 |        209 |                                                                             torch.distributed._shard.sharded_tensor._ops.misc_ops
import time:        81 |         81 |                                                                               torch.distributed._shard.sharded_tensor._ops._common
import time:       529 |        609 |                                                                             torch.distributed._shard.sharded_tensor._ops.tensor_ops
import time:        96 |         96 |                                                                               torch.distributed._shard.sharding_spec.chunk_sharding_spec_ops
import time:       126 |        126 |                                                                               torch.distributed._shard.sharding_spec.chunk_sharding_spec_ops._common
import time:       186 |        406 |                                                                             torch.distributed._shard.sharding_spec.chunk_sharding_spec_ops.embedding
import time:       165 |        165 |                                                                             torch.distributed._shard.sharding_spec.chunk_sharding_spec_ops.embedding_bag
import time:       133 |        133 |                                                                             torch.distributed._shard.sharded_tensor._ops.binary_cmp
import time:       251 |        251 |                                                                             torch.distributed._shard.sharded_tensor._ops.init
import time:       142 |       1913 |                                                                           torch.distributed._shard.sharded_tensor._ops
import time:       138 |       7778 |                                                                         torch.distributed._shard.sharded_tensor
import time:        83 |         83 |                                                                         torch.distributed._shard.sharder
import time:       407 |        407 |                                                                           torch.distributed._shard.sharding_plan.api
import time:        83 |        489 |                                                                         torch.distributed._shard.sharding_plan
import time:       227 |       8576 |                                                                       torch.distributed._shard.api
import time:        75 |       8651 |                                                                     torch.distributed._shard
import time:         9 |       8660 |                                                                   torch.distributed._shard.sharded_tensor
import time:        12 |       8671 |                                                                 torch.distributed._shard.sharded_tensor.api
import time:        82 |         82 |                                                                               torch.distributed._functional_collectives_impl
import time:       168 |        168 |                                                                               torch.utils._cxx_pytree
import time:     27755 |      28004 |                                                                             torch.distributed._functional_collectives
import time:       382 |        382 |                                                                               torch.distributed._local_tensor._c10d
import time:       988 |       1369 |                                                                             torch.distributed._local_tensor
import time:      2298 |       2298 |                                                                             torch.distributed.tensor._collective_utils
import time:       401 |        401 |                                                                             torch.distributed.tensor._ops._mask_buffer
import time:       891 |      32961 |                                                                           torch.distributed.tensor.placement_types
import time:      1460 |      34420 |                                                                         torch.distributed.tensor._dtensor_spec
import time:       215 |        215 |                                                                           torch.utils._cxx_pytree
import time:      1534 |       1748 |                                                                         torch.distributed.tensor._op_schema
import time:       223 |        223 |                                                                               torch.distributed.tensor._random
import time:       192 |        192 |                                                                                 torch.distributed.tensor._utils
import time:       147 |        338 |                                                                               torch.distributed.tensor._nonlinear_redux
import time:        70 |         70 |                                                                                 torch.distributed.tensor.device_mesh
import time:      1889 |       1959 |                                                                               torch.distributed.tensor._redistribute
import time:       615 |        615 |                                                                                 torch.distributed.tensor._ops.single_dim_strategy
import time:       266 |        880 |                                                                               torch.distributed.tensor._sharding_prop
import time:       156 |        156 |                                                                               torch.distributed.tensor._tp_conv
import time:       234 |        234 |                                                                               torch.utils._cxx_pytree
import time:       280 |       4068 |                                                                             torch.distributed.tensor._dispatch
import time:       448 |       4515 |                                                                           torch.distributed.tensor._api
import time:       310 |       4824 |                                                                         torch.distributed.tensor._ops.utils
import time:       148 |      41140 |                                                                       torch.distributed.tensor._ops._conv_ops
import time:       128 |        128 |                                                                       torch.distributed.tensor._ops._embedding_ops
import time:      1709 |       1709 |                                                                       torch.distributed.tensor._ops._math_ops
import time:       445 |        445 |                                                                         torch.distributed.tensor._ops._einsum_strategy
import time:       480 |        924 |                                                                       torch.distributed.tensor._ops._matrix_ops
import time:      4665 |       4665 |                                                                       torch.distributed.tensor._ops._pointwise_ops
import time:       137 |        137 |                                                                       torch.distributed.tensor._ops._random_ops
import time:       116 |        116 |                                                                         torch.distributed.tensor._ops._common_rules
import time:       642 |        757 |                                                                       torch.distributed.tensor._ops._tensor_ops
import time:      1707 |       1707 |                                                                       torch.distributed.tensor._ops._view_ops
import time:       251 |      51415 |                                                                     torch.distributed.tensor._ops
import time:       108 |      51522 |                                                                   torch.distributed.tensor
import time:       124 |      51646 |                                                                 torch.distributed.fsdp._shard_utils
import time:       133 |      60449 |                                                               torch.distributed.fsdp._fsdp_extensions
import time:      3451 |      67504 |                                                             torch.distributed.fsdp._flat_param
import time:       986 |        986 |                                                               torch.distributed.fsdp._fully_shard._fsdp_api
import time:       324 |        324 |                                                                     torch.distributed._composable.contract
import time:       189 |        512 |                                                                   torch.distributed._composable.checkpoint_activation
import time:       197 |        197 |                                                                   torch.distributed._composable.replicate
import time:       103 |        811 |                                                                 torch.distributed._composable
import time:      1192 |       1192 |                                                                 torch.distributed.fsdp._fully_shard._fsdp_common
import time:      1390 |       1390 |                                                                         torch.distributed.fsdp._fully_shard._fsdp_param
import time:      1092 |       2481 |                                                                       torch.distributed.fsdp._fully_shard._fsdp_collectives
import time:       551 |       3032 |                                                                     torch.distributed.fsdp._fully_shard._fsdp_param_group
import time:       351 |       3383 |                                                                   torch.distributed.fsdp._fully_shard._fsdp_state
import time:       184 |       3566 |                                                                 torch.distributed.fsdp._fully_shard._fsdp_init
import time:       393 |       5961 |                                                               torch.distributed.fsdp._fully_shard._fully_shard
import time:       148 |       7094 |                                                             torch.distributed.fsdp._fully_shard
import time:        97 |         97 |                                                               torch.distributed.fsdp._traversal_utils
import time:       164 |        164 |                                                                 torch.distributed.algorithms._comm_hooks.default_hooks
import time:       118 |        282 |                                                               torch.distributed.algorithms._comm_hooks
import time:        63 |         63 |                                                               torch.distributed.fsdp._dynamo_utils
import time:       230 |        230 |                                                                 torch.distributed.fsdp._exec_order_utils
import time:        81 |         81 |                                                                 torch.distributed.fsdp._limiter_utils
import time:       281 |        281 |                                                                 torch.distributed.fsdp.wrap
import time:       255 |        255 |                                                                       torch.distributed.tensor.parallel.style
import time:       123 |        378 |                                                                     torch.distributed.tensor.parallel.api
import time:       174 |        174 |                                                                     torch.distributed.tensor.parallel.loss
import time:        98 |        649 |                                                                   torch.distributed.tensor.parallel
import time:        68 |         68 |                                                                   torch.distributed.tensor.parallel._data_parallel_utils
import time:       166 |        882 |                                                                 torch.distributed.tensor.parallel.fsdp
import time:       221 |        221 |                                                                 torchdistx
import time:       435 |       2128 |                                                               torch.distributed.fsdp._init_utils
import time:       449 |        449 |                                                               torch.distributed.fsdp._runtime_utils
import time:       123 |        123 |                                                               torch.distributed.fsdp._wrap_utils
import time:        69 |         69 |                                                                   torch.cuda._pin_memory_utils
import time:       374 |        442 |                                                                 torch.distributed._state_dict_utils
import time:       239 |        239 |                                                                 torch.distributed.fsdp._debug_utils
import time:      1568 |       2248 |                                                               torch.distributed.fsdp._optim_utils
import time:       142 |        142 |                                                                 torch.distributed.fsdp._unshard_param_utils
import time:       292 |        434 |                                                               torch.distributed.fsdp._state_dict_utils
import time:       839 |       6659 |                                                             torch.distributed.fsdp.fully_sharded_data_parallel
import time:       136 |      81390 |                                                           torch.distributed.fsdp
import time:        13 |      81402 |                                                         torch.distributed.fsdp._fully_shard
import time:      2526 |       2526 |                                                         torch._higher_order_ops.triton_kernel_wrap
import time:      2226 |      86154 |                                                       torch._dynamo.variables.functions
import time:       391 |        391 |                                                       torch._dynamo.variables.iter
import time:       223 |        223 |                                                         torch._dynamo.create_parameter_op
import time:       678 |        678 |                                                         torch._dynamo.variables.dicts
import time:       183 |        183 |                                                         torch.utils._cxx_pytree
import time:      1080 |       2161 |                                                       torch._dynamo.variables.user_defined
import time:       723 |      90138 |                                                     torch._dynamo.variables.lists
import time:      1696 |      91834 |                                                   torch._dynamo.variables.misc
import time:       345 |        345 |                                                       torch._dynamo.variables.lazy
import time:       428 |        773 |                                                     torch._dynamo.variables.nn_module
import time:      9348 |       9348 |                                                             torch._functorch._aot_autograd.descriptors
import time:       794 |        794 |                                                             torch._functorch._aot_autograd.functional_utils
import time:      6254 |       6254 |                                                             torch._functorch._aot_autograd.schemas
import time:       290 |        290 |                                                             torch._functorch._aot_autograd.subclass_utils
import time:       242 |      16926 |                                                           torch._functorch._aot_autograd.collect_metadata_analysis
import time:      1672 |       1672 |                                                             torch._decomp.decompositions_for_rng
import time:       151 |        151 |                                                             torch._functorch._aot_autograd.logging_utils
import time:      1011 |       2833 |                                                           torch._functorch._aot_autograd.graph_capture_wrappers
import time:       203 |        203 |                                                           torch._functorch._aot_autograd.input_output_analysis
import time:      3182 |      23143 |                                                         torch._functorch._aot_autograd.runtime_wrappers
import time:       720 |      23863 |                                                       torch._dynamo.compiled_autograd
import time:      5577 |       5577 |                                                       torch._dynamo._trace_wrapped_higher_order_op
import time:       295 |        295 |                                                       torch._dynamo.variables.script_object
import time:       961 |      30695 |                                                     torch._dynamo.variables.tensor
import time:       930 |        930 |                                                       torch._dynamo.variables.ctx_manager
import time:       488 |       1418 |                                                     torch._dynamo.variables.torch_function
import time:       712 |      33596 |                                                   torch._dynamo.codegen
import time:       537 |     125966 |                                                 torch._dynamo.side_effects
import time:      6413 |       6413 |                                                   torch._dynamo.variables.streams
import time:       904 |       7316 |                                                 torch._dynamo.variables.builtin
import time:      1096 |       1096 |                                                 torch._dynamo.variables.distributed
import time:      1975 |       1975 |                                                 torch._dynamo.variables.higher_order_ops
import time:       312 |        312 |                                                 torch._dynamo.variables.optimizer
import time:       170 |        170 |                                                 torch._dynamo.variables.sdpa
import time:      1026 |       1026 |                                                 torch._dynamo.variables.torch
import time:      1933 |     145712 |                                               torch._dynamo.variables.builder
import time:       859 |     172149 |                                             torch._dynamo.variables.base
import time:       257 |     172406 |                                           torch._dynamo.variables
import time:      5336 |     308463 |                                         torch._dynamo.trace_rules
import time:       134 |        134 |                                         torch._dynamo.funcname_cache
import time:       249 |        249 |                                             torch._dynamo.graph_region_tracker
import time:       257 |        505 |                                           torch._dynamo.graph_deduplication
import time:       265 |        265 |                                           torch._dynamo.graph_id_filter
import time:      3917 |       4686 |                                         torch._dynamo.output_graph
import time:      7287 |     495736 |                                       torch._dynamo.symbolic_convert
import time:       293 |        293 |                                         torch._dynamo.comptime
import time:      1392 |       1685 |                                       torch._dynamo.decorators
import time:       423 |        423 |                                       torch._dynamo.cache_size
import time:      3360 |     507261 |                                     torch._dynamo.convert_frame
import time:      5089 |       5089 |                                     torch._dynamo.package
import time:      1748 |     514097 |                                   torch._dynamo.aot_compile
import time:       674 |        674 |                                   torch._dynamo.functional_export
import time:       200 |        200 |                                     torch._functorch.make_functional
import time:     35909 |      36108 |                                   torch._dynamo.polyfills.loader
import time:       234 |     551111 |                                 torch._dynamo
import time:        14 |     551125 |                               torch._dynamo.utils
import time:       187 |     551311 |                             torchvision.ops.roi_align
import time:       205 |     551516 |                           torchvision.ops.poolers
import time:       128 |        128 |                           torchvision.ops.ps_roi_align
import time:        84 |         84 |                           torchvision.ops.ps_roi_pool
import time:        80 |         80 |                           torchvision.ops.roi_pool
import time:        97 |         97 |                           torchvision.ops.stochastic_depth
import time:       311 |     655033 |                         torchvision.ops
import time:        25 |     655057 |                       torchvision.ops.misc
import time:       694 |     655750 |                     torchvision.models.convnext
import time:      1162 |       1162 |                     torchvision.models.densenet
import time:      1505 |       1505 |                     torchvision.models.efficientnet
import time:       560 |        560 |                     torchvision.models.googlenet
import time:       437 |        437 |                     torchvision.models.inception
import time:       505 |        505 |                     torchvision.models.mnasnet
import time:       333 |        333 |                       torchvision.models.mobilenetv2
import time:       373 |        373 |                       torchvision.models.mobilenetv3
import time:        89 |        794 |                     torchvision.models.mobilenet
import time:      1474 |       1474 |                     torchvision.models.regnet
import time:      1123 |       1123 |                     torchvision.models.resnet
import time:       509 |        509 |                     torchvision.models.shufflenetv2
import time:       351 |        351 |                     torchvision.models.squeezenet
import time:       796 |        796 |                     torchvision.models.vgg
import time:       905 |        905 |                     torchvision.models.vision_transformer
import time:       741 |        741 |                     torchvision.models.swin_transformer
import time:      1115 |       1115 |                     torchvision.models.maxvit
import time:       266 |        266 |                         torchvision.models.detection._utils
import time:        69 |         69 |                           torchvision.models.detection.image_list
import time:       227 |        295 |                         torchvision.models.detection.anchor_utils
import time:       323 |        323 |                         torchvision.models.detection.backbone_utils
import time:       139 |        139 |                         torchvision.models.detection.generalized_rcnn
import time:       295 |        295 |                         torchvision.models.detection.roi_heads
import time:       179 |        179 |                         torchvision.models.detection.rpn
import time:       183 |        183 |                         torchvision.models.detection.transform
import time:       767 |       2444 |                       torchvision.models.detection.faster_rcnn
import time:       412 |        412 |                       torchvision.models.detection.fcos
import time:       287 |        287 |                       torchvision.models.detection.keypoint_rcnn
import time:       348 |        348 |                       torchvision.models.detection.mask_rcnn
import time:       496 |        496 |                       torchvision.models.detection.retinanet
import time:       382 |        382 |                       torchvision.models.detection.ssd
import time:       296 |        296 |                       torchvision.models.detection.ssdlite
import time:       139 |       4800 |                     torchvision.models.detection
import time:       179 |        179 |                         torchvision.models.optical_flow._utils
import time:       564 |        743 |                       torchvision.models.optical_flow.raft
import time:        90 |        833 |                     torchvision.models.optical_flow
import time:       100 |        100 |                         torchvision.models.quantization.utils
import time:       328 |        428 |                       torchvision.models.quantization.googlenet
import time:       313 |        313 |                       torchvision.models.quantization.inception
import time:       297 |        297 |                         torchvision.models.quantization.mobilenetv2
import time:       262 |        262 |                         torchvision.models.quantization.mobilenetv3
import time:        80 |        638 |                       torchvision.models.quantization.mobilenet
import time:       525 |        525 |                       torchvision.models.quantization.resnet
import time:       571 |        571 |                       torchvision.models.quantization.shufflenetv2
import time:       110 |       2581 |                     torchvision.models.quantization
import time:        84 |         84 |                         torchvision.models.segmentation._utils
import time:       313 |        313 |                         torchvision.models.segmentation.fcn
import time:       448 |        843 |                       torchvision.models.segmentation.deeplabv3
import time:       232 |        232 |                       torchvision.models.segmentation.lraspp
import time:        98 |       1172 |                     torchvision.models.segmentation
import time:      1010 |       1010 |                       torchvision.models.video.mvit
import time:       557 |        557 |                       torchvision.models.video.resnet
import time:       247 |        247 |                       torchvision.models.video.s3d
import time:       576 |        576 |                       torchvision.models.video.swin_transformer
import time:       114 |       2502 |                     torchvision.models.video
import time:       308 |     681800 |                   torchvision.models
import time:       141 |        141 |                   torchvision.version
import time:       237 |     711825 |                 torchvision
import time:        16 |     711841 |               torchvision.io
import time:        82 |         82 |                 sglang.srt.observability
import time:        77 |         77 |                 sglang.srt.observability.utils
import time:       167 |        325 |               sglang.srt.observability.func_timer
import time:       522 |        522 |                   sglang.srt.platforms.device_mixin
import time:       205 |        205 |                   sglang.srt.platforms.interface
import time:       191 |        917 |                 sglang.srt.platforms.cpu
import time:       147 |        147 |                 sglang.srt.platforms.cuda
import time:        86 |         86 |                 sglang.srt.platforms.rocm
import time:       119 |        119 |                 sglang.srt.platforms.xpu
import time:       363 |        363 |                   sglang.srt.plugins.hook_registry
import time:       112 |        475 |                 sglang.srt.plugins
import time:       131 |       1873 |               sglang.srt.platforms
import time:       253 |        253 |                     msgspec._utils
import time:       623 |        876 |                   msgspec._core
import time:      1417 |       1417 |                     msgspec._typing_utils
import time:       616 |       2032 |                   msgspec.inspect
import time:       193 |        193 |                     msgspec._json_schema
import time:        92 |        284 |                   msgspec.json
import time:        56 |         56 |                   msgspec.msgpack
import time:       100 |        100 |                   msgspec.structs
import time:       100 |        100 |                   msgspec.toml
import time:        94 |         94 |                   msgspec.yaml
import time:        54 |         54 |                   msgspec._version
import time:       320 |       3913 |                 msgspec
import time:        80 |         80 |                   sglang.srt.arg_groups
import time:       269 |        349 |                 sglang.srt.arg_groups.arg_utils
import time:       360 |        360 |                     sglang.srt.arg_groups.field_order
import time:        85 |        445 |                   sglang.srt.arg_groups.fields
import time:       169 |        613 |                 sglang.srt.arg_groups.fields.parallel
import time:      1296 |       6170 |               sglang.srt.runtime_context
import time:       199 |        199 |                   torchcodec
import time:        15 |        213 |                 torchcodec.decoders
import time:       207 |        420 |               sglang.srt.utils.video_decoder
import time:    261602 |    2184571 |             sglang.srt.utils.common
import time:        98 |         98 |                   zmq.backend.select
import time:      2338 |       2338 |                     zmq.constants
import time:       259 |        259 |                     zmq.error
import time:       959 |       3555 |                   zmq.backend.cython._zmq
import time:       627 |       4279 |                 zmq.backend
import time:        65 |         65 |                     zmq._typing
import time:        66 |         66 |                       zmq.utils
import time:        91 |        156 |                     zmq.utils.interop
import time:       125 |        125 |                     zmq.sugar.attrsettr
import time:        69 |         69 |                       zmq.utils.jsonapi
import time:       115 |        115 |                       zmq.sugar.poll
import time:       510 |        692 |                     zmq.sugar.socket
import time:       297 |       1334 |                   zmq.sugar.context
import time:       127 |        127 |                   zmq.sugar.frame
import time:        89 |         89 |                   zmq.sugar.tracker
import time:       209 |        209 |                   zmq.sugar.version
import time:        81 |         81 |                   zmq.sugar.stopwatch
import time:       160 |       1997 |                 zmq.sugar
import time:       295 |       6570 |               zmq
import time:       887 |       7456 |             sglang.srt.utils.network
import time:       191 |    2192217 |           sglang.srt.utils
import time:       198 |    2192415 |         sglang.srt.utils.hf_transformers_patches
import time:        98 |         98 |             transformers.dependency_versions_table
import time:       903 |        903 |                         regex._regex
import time:      3500 |       4403 |                       regex._regex_core
import time:        38 |         38 |                       regex.DEFAULT_VERSION
import time:       363 |       4803 |                     regex._main
import time:       137 |       4940 |                   regex
import time:       235 |        235 |                   transformers.utils.doc
import time:       402 |        402 |                         huggingface_hub
import time:       166 |        166 |                             httpx.__version__
import time:       394 |        394 |                                   httpx._exceptions
import time:      1325 |       1325 |                                         httpx._types
import time:       137 |        137 |                                         httpx._utils
import time:       323 |       1783 |                                       httpx._multipart
import time:       236 |       2018 |                                     httpx._content
import time:       158 |        158 |                                       brotli
import time:        99 |         99 |                                       brotlicffi
import time:        95 |         95 |                                       zstandard
import time:       272 |        622 |                                     httpx._decoders
import time:       804 |        804 |                                     httpx._status_codes
import time:       993 |        993 |                                       httpx._urlparse
import time:       303 |       1296 |                                     httpx._urls
import time:       425 |       5163 |                                   httpx._models
import time:       358 |       5914 |                                 httpx._auth
import time:       241 |        241 |                                 httpx._config
import time:       129 |        129 |                                       httpx._transports.base
import time:       341 |        469 |                                     httpx._transports.asgi
import time:       349 |        349 |                                     httpx._transports.default
import time:       156 |        156 |                                     httpx._transports.mock
import time:       124 |        124 |                                     httpx._transports.wsgi
import time:       102 |       1199 |                                   httpx._transports
import time:        17 |       1215 |                                 httpx._transports.base
import time:       499 |       7868 |                               httpx._client
import time:       103 |       7970 |                             httpx._api
import time:       322 |        322 |                                     click._compat
import time:        83 |         83 |                                       click.globals
import time:       189 |        189 |                                       click.utils
import time:       350 |        620 |                                     click.exceptions
import time:      2010 |       2951 |                                   click.types
import time:       243 |        243 |                                   click._utils
import time:       235 |        235 |                                     click.parser
import time:       172 |        407 |                                   click.formatting
import time:       212 |        212 |                                   click.termui
import time:      1148 |       4959 |                                 click.core
import time:       215 |        215 |                                 click.decorators
import time:       226 |       5399 |                               click
import time:       137 |        137 |                                 pygments
import time:      1169 |       1169 |                                 pygments.lexers._mapping
import time:       363 |        363 |                                 pygments.modeline
import time:        90 |         90 |                                 pygments.plugin
import time:       523 |        523 |                                 pygments.util
import time:       235 |       2513 |                               pygments.lexers
import time:       130 |        130 |                                   rich._extension
import time:       295 |        424 |                                 rich
import time:       177 |        177 |                                 rich._null_file
import time:       127 |        127 |                                 rich.errors
import time:       204 |        204 |                                             rich.color_triplet
import time:       123 |        327 |                                           rich.palette
import time:       125 |        451 |                                         rich._palettes
import time:       238 |        238 |                                         rich.repr
import time:       120 |        120 |                                         rich.terminal_theme
import time:       753 |       1561 |                                       rich.color
import time:       518 |       2078 |                                     rich.style
import time:       927 |       3005 |                                   rich.default_styles
import time:       268 |        268 |                                   rich.theme
import time:        81 |       3352 |                                 rich.themes
import time:       237 |        237 |                                 rich._emoji_replace
import time:        63 |         63 |                                 rich._export_format
import time:        54 |         54 |                                 rich._fileno
import time:       143 |        143 |                                     rich._loop
import time:        75 |         75 |                                     rich._pick
import time:       183 |        183 |                                           rich._unicode_data._versions
import time:       116 |        298 |                                         rich._unicode_data
import time:       402 |        700 |                                       rich.cells
import time:       147 |        847 |                                     rich._wrap
import time:       726 |        726 |                                           rich.segment
import time:       106 |        831 |                                         rich.jupyter
import time:        64 |         64 |                                           rich.protocol
import time:       906 |        970 |                                         rich.measure
import time:        87 |       1886 |                                       rich.constrain
import time:       257 |       2143 |                                     rich.align
import time:       276 |        276 |                                     rich.containers
import time:       217 |        217 |                                     rich.control
import time:       184 |        184 |                                     rich.emoji
import time:       911 |       4792 |                                   rich.text
import time:       161 |       4953 |                                 rich._log_render
import time:       318 |        318 |                                 rich.highlighter
import time:       591 |        591 |                                 rich.markup
import time:       113 |        113 |                                 rich.pager
import time:       163 |        163 |                                 rich.region
import time:        85 |         85 |                                 rich.screen
import time:        69 |         69 |                                 rich.styled
import time:      2308 |      13026 |                               rich.console
import time:        81 |         81 |                                 rich.filesize
import time:       560 |        560 |                                     rich.ansi
import time:       124 |        683 |                                   rich.file_proxy
import time:       161 |        161 |                                   rich.live_render
import time:       188 |       1031 |                                 rich.live
import time:       149 |        149 |                                 rich.progress_bar
import time:       151 |        151 |                                   rich._spinners
import time:       214 |        214 |                                     rich.box
import time:       193 |        193 |                                     rich._ratio
import time:       177 |        177 |                                     rich.padding
import time:      1506 |       2089 |                                   rich.table
import time:       125 |       2364 |                                 rich.spinner
import time:      1239 |       4862 |                               rich.progress
import time:       109 |        109 |                                   pygments.filter
import time:       246 |        246 |                                     pygments.token
import time:       374 |        620 |                                   pygments.filters
import time:       166 |        166 |                                   pygments.regexopt
import time:       522 |       1415 |                                 pygments.lexer
import time:       273 |        273 |                                 pygments.style
import time:       187 |        187 |                                   pygments.styles._mapping
import time:       117 |        304 |                                 pygments.styles
import time:       596 |       2586 |                               rich.syntax
import time:       481 |      28866 |                             httpx._main
import time:       197 |      37198 |                           httpx
import time:       795 |      37993 |                         huggingface_hub.errors
import time:        69 |         69 |                             tqdm.autonotebook
import time:        95 |         95 |                             tqdm.asyncio
import time:       110 |        273 |                           tqdm.auto
import time:       379 |        379 |                           huggingface_hub.constants
import time:       292 |        943 |                         huggingface_hub.utils.tqdm
import time:      1045 |       1045 |                           configparser
import time:       156 |        156 |                               yaml.error
import time:       175 |        175 |                               yaml.tokens
import time:       151 |        151 |                               yaml.events
import time:       138 |        138 |                               yaml.nodes
import time:      3198 |       3198 |                                 yaml.reader
import time:       248 |        248 |                                 yaml.scanner
import time:       176 |        176 |                                 yaml.parser
import time:        98 |         98 |                                 yaml.composer
import time:       951 |        951 |                                 yaml.constructor
import time:      1280 |       1280 |                                 yaml.resolver
import time:       192 |       6139 |                               yaml.loader
import time:       276 |        276 |                                 yaml.emitter
import time:       174 |        174 |                                 yaml.serializer
import time:       187 |        187 |                                 yaml.representer
import time:       153 |        789 |                               yaml.dumper
import time:        30 |         30 |                                   yaml.yaml
import time:       278 |        308 |                                 yaml._yaml
import time:       214 |        521 |                               yaml.cyaml
import time:       242 |       8309 |                             yaml
import time:        84 |         84 |                                 filelock._error
import time:       715 |        798 |                               filelock._api
import time:       601 |        601 |                                       _sqlite3
import time:       254 |        855 |                                     sqlite3.dbapi2
import time:       144 |        999 |                                   sqlite3
import time:       803 |       1801 |                                 filelock._read_write
import time:       163 |       1964 |                               filelock._async_read_write
import time:        71 |         71 |                                 filelock._util
import time:       199 |        269 |                               filelock._soft
import time:    132580 |     132580 |                                   filelock._soft_rw._sync
import time:       204 |     132783 |                                 filelock._soft_rw._async
import time:        98 |     132880 |                               filelock._soft_rw
import time:       317 |        317 |                               filelock._unix
import time:       127 |        127 |                               filelock._windows
import time:       793 |        793 |                               filelock.asyncio
import time:       108 |        108 |                               filelock.version
import time:       228 |     137481 |                             filelock
import time:       211 |        211 |                             huggingface_hub.utils.logging
import time:       158 |     146157 |                           huggingface_hub.utils._fixes
import time:       113 |        113 |                               huggingface_hub.utils._lfs
import time:       130 |        130 |                               huggingface_hub.utils._typing
import time:      2084 |       2326 |                             huggingface_hub.utils._http
import time:       195 |       2520 |                           huggingface_hub.utils._oauth_device
import time:      8384 |       8384 |                           huggingface_hub.utils._runtime
import time:       265 |     158369 |                         huggingface_hub.utils._auth
import time:       109 |        109 |                         huggingface_hub.utils._cache_assets
import time:       272 |        272 |                           huggingface_hub.utils._parsing
import time:       159 |        159 |                             huggingface_hub.utils._detect_agent
import time:       171 |        171 |                             tty
import time:       187 |        517 |                           huggingface_hub.utils._terminal
import time:      2818 |       3606 |                         huggingface_hub.utils._cache_manager
import time:       115 |        115 |                         huggingface_hub.utils._chunk_utils
import time:        71 |         71 |                         huggingface_hub.utils._datetime
import time:        63 |         63 |                         huggingface_hub.utils._experimental
import time:       109 |        109 |                           huggingface_hub.utils._subprocess
import time:       255 |        364 |                         huggingface_hub.utils._git_credential
import time:       174 |        174 |                           huggingface_hub.utils._validators
import time:       136 |        310 |                         huggingface_hub.utils._headers
import time:      1095 |       1095 |                         huggingface_hub.utils._hf_uris
import time:       119 |        119 |                         huggingface_hub.utils._pagination
import time:        84 |         84 |                         huggingface_hub.utils._paths
import time:       829 |        829 |                         huggingface_hub.utils._safetensors
import time:       163 |        163 |                         huggingface_hub.utils._telemetry
import time:      1179 |       1179 |                         huggingface_hub.utils._xet
import time:       339 |     206144 |                       huggingface_hub.utils
import time:       321 |        321 |                       transformers._typing
import time:       212 |     206676 |                     transformers.utils.logging
import time:    411913 |     411913 |                     transformers.utils.import_utils
import time:      1768 |     620356 |                   transformers.utils.generic
import time:      2936 |     628465 |                 transformers.utils.auto_docstring
import time:       278 |        278 |                     jinja2.bccache
import time:       331 |        331 |                         markupsafe._speedups
import time:       316 |        646 |                       markupsafe
import time:      1326 |       1326 |                         jinja2.utils
import time:      1462 |       2788 |                       jinja2.nodes
import time:       276 |        276 |                         jinja2.exceptions
import time:        95 |         95 |                           jinja2.visitor
import time:       274 |        369 |                         jinja2.idtracking
import time:        91 |         91 |                         jinja2.optimizer
import time:       983 |       1717 |                       jinja2.compiler
import time:       191 |        191 |                           jinja2.async_utils
import time:       779 |        779 |                           jinja2.runtime
import time:       893 |       1862 |                         jinja2.filters
import time:       230 |        230 |                         jinja2.tests
import time:       115 |       2207 |                       jinja2.defaults
import time:       509 |        509 |                         jinja2._identifier
import time:      1148 |       1657 |                       jinja2.lexer
import time:       481 |        481 |                       jinja2.parser
import time:      1082 |      10574 |                     jinja2.environment
import time:       408 |        408 |                     jinja2.loaders
import time:       151 |      11409 |                   jinja2
import time:       671 |        671 |                   jinja2.ext
import time:       138 |        138 |                   jinja2.meta
import time:       240 |        240 |                   jinja2.sandbox
import time:       845 |      13300 |                 transformers.utils.chat_template_utils
import time:        83 |         83 |                 transformers.utils.constants
import time:      1551 |       1551 |                   huggingface_hub._local_folder
import time:       121 |        121 |                   huggingface_hub._revision
import time:       604 |        604 |                   huggingface_hub._tree_cache
import time:        60 |         60 |                     huggingface_hub.utils.insecure_hashlib
import time:       113 |        172 |                   huggingface_hub.utils.sha
import time:       256 |        256 |                       httpcore._models
import time:        73 |         73 |                               httpcore._backends
import time:       189 |        189 |                               httpcore._exceptions
import time:        62 |         62 |                               httpcore._utils
import time:       135 |        135 |                               httpcore._backends.base
import time:       180 |        637 |                             httpcore._backends.sync
import time:        58 |         58 |                             httpcore._ssl
import time:       195 |        195 |                               trio
import time:       163 |        358 |                             httpcore._synchronization
import time:        93 |         93 |                             httpcore._trace
import time:        69 |         69 |                                     h11._abnf
import time:       194 |        194 |                                       h11._util
import time:       446 |        639 |                                     h11._headers
import time:      2249 |       2956 |                                   h11._events
import time:       190 |        190 |                                     h11._receivebuffer
import time:       348 |        348 |                                     h11._state
import time:       847 |       1384 |                                   h11._readers
import time:       287 |        287 |                                   h11._writers
import time:       602 |       5227 |                                 h11._connection
import time:        80 |         80 |                                 h11._version
import time:       132 |       5439 |                               h11
import time:       110 |        110 |                               httpcore._sync.interfaces
import time:       288 |       5835 |                             httpcore._sync.http11
import time:       177 |       7154 |                           httpcore._sync.connection
import time:       178 |        178 |                           httpcore._sync.connection_pool
import time:       169 |        169 |                           httpcore._sync.http_proxy
import time:       108 |        108 |                               h2
import time:        14 |        122 |                             h2.config
import time:       158 |        280 |                           httpcore._sync.http2
import time:        94 |         94 |                             socksio
import time:       112 |        205 |                           httpcore._sync.socks_proxy
import time:       129 |       8113 |                         httpcore._sync
import time:        17 |       8129 |                       httpcore._sync.connection_pool
import time:       129 |       8513 |                     httpcore._api
import time:        75 |         75 |                         httpcore._backends.auto
import time:       120 |        120 |                           httpcore._async.interfaces
import time:       980 |       1099 |                         httpcore._async.http11
import time:       156 |       1329 |                       httpcore._async.connection
import time:       151 |        151 |                       httpcore._async.connection_pool
import time:       168 |        168 |                       httpcore._async.http_proxy
import time:        97 |         97 |                           h2
import time:        12 |        109 |                         h2.config
import time:       140 |        249 |                       httpcore._async.http2
import time:        90 |         90 |                         socksio
import time:       103 |        192 |                       httpcore._async.socks_proxy
import time:       125 |       2211 |                     httpcore._async
import time:       120 |        120 |                     httpcore._backends.mock
import time:        91 |         91 |                     httpcore._backends.anyio
import time:        90 |         90 |                       trio
import time:        78 |        168 |                     httpcore._backends.trio
import time:       213 |      11314 |                   httpcore
import time:      2937 |       2937 |                   huggingface_hub._buckets
import time:       371 |        371 |                     huggingface_hub.lfs
import time:      1372 |       1743 |                   huggingface_hub._commit_api
import time:      1043 |       1043 |                   huggingface_hub._dataset_viewer
import time:       479 |        479 |                   huggingface_hub._eval_results
import time:      1145 |       1145 |                   huggingface_hub._inference_endpoints
import time:      2167 |       2167 |                     huggingface_hub._space_api
import time:      3039 |       5205 |                   huggingface_hub._jobs_api
import time:       379 |        379 |                   huggingface_hub._upload_large_folder
import time:       275 |        275 |                   huggingface_hub._upload_pipeline
import time:      1931 |       1931 |                   huggingface_hub.community
import time:       876 |        876 |                   huggingface_hub.repocard_data
import time:       124 |        124 |                   huggingface_hub.utils._deprecation
import time:       808 |        808 |                   huggingface_hub.utils._verification
import time:       105 |        105 |                   huggingface_hub.utils.endpoint_helpers
import time:       160 |        160 |                   huggingface_hub.utils._xet_progress_reporting
import time:     15248 |      46211 |                 transformers.utils.hub
import time:       144 |        144 |                 transformers.utils.kernel_config
import time:        85 |         85 |                 transformers.utils.peft_utils
import time:       314 |     688599 |               transformers.utils
import time:       113 |     688711 |             transformers.utils.versions
import time:      6065 |     694874 |           transformers.dependency_versions_check
import time:    188487 |     883361 |         transformers
import time:       188 |        188 |         flash_attn
import time:       427 |        427 |         huggingface_hub.dataclasses
import time:       244 |        244 |           filecmp
import time:      3214 |       3457 |         transformers.dynamic_module_utils
import time:       191 |        191 |           transformers.generation
import time:      1166 |       1166 |           transformers.generation.logits_process
import time:      2218 |       3574 |         transformers.generation.configuration_utils
import time:      1258 |       1258 |           transformers.integrations
import time:      1165 |       1165 |             tokenizers.tokenizers
import time:        77 |         77 |                 tokenizers.decoders
import time:        63 |         63 |                 tokenizers.models
import time:        66 |         66 |                 tokenizers.normalizers
import time:        63 |         63 |                 tokenizers.pre_tokenizers
import time:        58 |         58 |                 tokenizers.processors
import time:       365 |        689 |               tokenizers.implementations.base_tokenizer
import time:       182 |        182 |               tokenizers.implementations.bert_wordpiece
import time:       148 |        148 |               tokenizers.implementations.byte_level_bpe
import time:       106 |        106 |               tokenizers.implementations.char_level_bpe
import time:        88 |         88 |               tokenizers.implementations.sentencepiece_bpe
import time:       156 |        156 |               tokenizers.implementations.sentencepiece_unigram
import time:       132 |       1498 |             tokenizers.implementations
import time:       484 |       3146 |           tokenizers
import time:       247 |        247 |           transformers.utils.chat_parsing_utils
import time:       832 |        832 |           transformers.convert_slow_tokenizer
import time:      2730 |       8211 |         transformers.modeling_gguf_pytorch_utils
import time:       447 |        447 |         transformers.modeling_rope_utils
import time:    168773 |     168773 |           transformers.models
import time:       704 |     169476 |         transformers.models.llama
import time:       480 |        480 |                     safetensors._safetensors_rust
import time:       186 |        666 |                   safetensors
import time:       420 |        420 |                   safetensors.torch
import time:      4073 |       4073 |                   transformers.utils.quantization_config
import time:       645 |        645 |                   transformers.integrations.deepspeed
import time:       111 |        111 |                   transformers.integrations.fsdp
import time:       147 |        147 |                               accelerate.utils.constants
import time:       655 |        655 |                               accelerate.utils.environment
import time:       870 |        870 |                                 accelerate.utils.versions
import time:       149 |        149 |                                     torch_xla
import time:        19 |        167 |                                   torch_xla.core
import time:        39 |        205 |                                 torch_xla.core.xla_model
import time:       279 |       1354 |                               accelerate.utils.imports
import time:     10410 |      12564 |                             accelerate.utils.dataclasses
import time:       582 |      13146 |                           accelerate.parallelism_config
import time:       148 |        148 |                           accelerate.utils.ao
import time:       773 |        773 |                             accelerate.state
import time:       130 |        130 |                             accelerate.utils.memory
import time:       322 |        322 |                             accelerate.utils.offload
import time:      1064 |       1064 |                             accelerate.utils.tqdm
import time:       699 |       2986 |                           accelerate.utils.modeling
import time:       345 |        345 |                           accelerate.utils.operations
import time:        72 |         72 |                                       accelerate.commands
import time:      2204 |       2204 |                                           accelerate.commands.config.config_args
import time:       109 |        109 |                                                 accelerate.commands.menu.cursor
import time:        91 |         91 |                                                   accelerate.commands.menu.keymap
import time:        93 |        184 |                                                 accelerate.commands.menu.input
import time:       170 |        170 |                                                 accelerate.commands.menu.helpers
import time:       146 |        146 |                                                 google
import time:       336 |        943 |                                               accelerate.commands.menu.selection_menu
import time:        77 |       1020 |                                             accelerate.commands.menu
import time:       156 |       1176 |                                           accelerate.commands.config.config_utils
import time:       203 |       3581 |                                         accelerate.commands.config.cluster
import time:       223 |        223 |                                         accelerate.commands.config.sagemaker
import time:       230 |       4033 |                                       accelerate.commands.config.config
import time:       113 |        113 |                                       accelerate.commands.config.default
import time:        62 |         62 |                                       accelerate.commands.config.update
import time:       141 |       4419 |                                     accelerate.commands.config
import time:        15 |       4434 |                                   accelerate.commands.config.default
import time:        93 |         93 |                                   accelerate.logging
import time:        98 |         98 |                                   accelerate.utils.transformer_engine
import time:      3744 |       8367 |                                 accelerate.utils.other
import time:       522 |       8889 |                               accelerate.hooks
import time:       375 |       9263 |                             accelerate.big_modeling
import time:       177 |       9440 |                           accelerate.utils.bnb
import time:       484 |        484 |                           accelerate.utils.fsdp_utils
import time:       335 |        335 |                           accelerate.utils.launch
import time:       141 |        141 |                             accelerate.optimizer
import time:       165 |        165 |                             accelerate.scheduler
import time:       508 |        813 |                           accelerate.utils.megatron_lm
import time:       148 |        148 |                           accelerate.utils.random
import time:        70 |         70 |                           accelerate.utils.torch_xla
import time:       481 |      28392 |                         accelerate.utils
import time:        20 |      28411 |                       accelerate.utils.dataclasses
import time:       168 |        168 |                       accelerate.checkpointing
import time:       546 |        546 |                       accelerate.data_loader
import time:      1443 |       1443 |                       accelerate.tracking
import time:      1175 |      31741 |                     accelerate.accelerator
import time:       142 |        142 |                     accelerate.inference
import time:       141 |        141 |                     accelerate.launchers
import time:       606 |      32629 |                   accelerate
import time:       513 |      39054 |                 transformers.integrations.accelerate
import time:       104 |        104 |                   transformers.distributed
import time:      1143 |       1247 |                 transformers.integrations.tensor_parallel
import time:       614 |        614 |                 transformers.utils.loading_report
import time:       871 |      41785 |               transformers.core_model_loading
import time:       423 |      42207 |             transformers.conversion_mapping
import time:       481 |        481 |               transformers.utils.output_capturing
import time:       162 |        643 |             transformers.monkey_patching
import time:       273 |        273 |               transformers.modeling_flash_attention_utils
import time:       182 |        182 |               transformers.integrations.npu_flash_attention
import time:       394 |        848 |             transformers.integrations.flash_attention
import time:        91 |         91 |             kernels
import time:       404 |      44191 |           transformers.integrations.hub_kernels
import time:      1260 |      45450 |         transformers.activations
import time:       838 |        838 |         transformers.cache_utils
import time:        87 |         87 |             torch.nn.attention._utils
import time:      1024 |       1110 |           torch.nn.attention.flex_attention
import time:       398 |       1507 |         transformers.masking_utils
import time:       473 |        473 |         transformers.tokenization_python
import time:       226 |        226 |           transformers.pytorch_utils
import time:       745 |        970 |         transformers.generation.candidate_generator
import time:      1522 |       1522 |               transformers.generation.continuous_batching.requests
import time:       334 |       1856 |             transformers.generation.continuous_batching.cache_manager
import time:       170 |        170 |             transformers.generation.continuous_batching.distributed
import time:       414 |        414 |               transformers.generation.continuous_batching.utils
import time:       130 |        543 |             transformers.generation.continuous_batching.initialization
import time:       329 |       2898 |           transformers.generation.continuous_batching.cache
import time:       217 |        217 |               tqdm.contrib
import time:       161 |        377 |             tqdm.contrib.logging
import time:       204 |        204 |             transformers.generation.continuous_batching.cb_logits_processors
import time:       721 |        721 |             transformers.generation.continuous_batching.input_outputs
import time:       174 |        174 |             transformers.generation.continuous_batching.model_runner
import time:       263 |        263 |               transformers.generation.continuous_batching.scheduler
import time:       148 |        410 |             transformers.generation.continuous_batching.offloading_manager
import time:       479 |       2362 |           transformers.generation.continuous_batching.continuous_api
import time:       104 |       5363 |         transformers.generation.continuous_batching
import time:       305 |        305 |         transformers.generation.stopping_criteria
import time:     10145 |      10145 |           transformers.modeling_outputs
import time:      1833 |       1833 |           transformers.models.auto
import time:      1084 |       1084 |               transformers.models.auto.auto_mappings
import time:       805 |       1889 |             transformers.models.auto.configuration_auto
import time:       598 |       2487 |           transformers.models.auto.auto_factory
import time:       454 |        454 |                   _cffi_backend
import time:       150 |        604 |                 _soundfile
import time:       244 |        244 |                 _soundfile_data
import time:       862 |       1709 |               soundfile
import time:       714 |       2422 |             transformers.audio_utils
import time:       372 |        372 |             transformers.feature_extraction_utils
import time:      1269 |       1269 |             transformers.image_utils
import time:       453 |        453 |                 transformers.image_transforms
import time:       950 |       1402 |               transformers.video_utils
import time:       231 |       1633 |             transformers.utils.type_validators
import time:       669 |        669 |               huggingface_hub.serialization._base
import time:       429 |        429 |               huggingface_hub.serialization._torch
import time:       159 |        159 |               transformers.initialization
import time:       115 |        115 |               transformers.integrations.eager_paged
import time:        70 |         70 |                         transformers.quantizers.quantizers_utils
import time:       193 |        263 |                       transformers.quantizers.base
import time:       180 |        180 |                       transformers.quantizers.quantizer_aqlm
import time:        85 |         85 |                       transformers.quantizers.quantizer_auto_round
import time:        94 |         94 |                       transformers.quantizers.quantizer_awq
import time:        92 |         92 |                       transformers.quantizers.quantizer_bitnet
import time:       205 |        205 |                       transformers.quantizers.quantizer_bnb_4bit
import time:       113 |        113 |                       transformers.quantizers.quantizer_bnb_8bit
import time:        94 |         94 |                       transformers.quantizers.quantizer_compressed_tensors
import time:        88 |         88 |                       transformers.quantizers.quantizer_eetq
import time:       110 |        110 |                       transformers.quantizers.quantizer_fbgemm_fp8
import time:       141 |        141 |                       transformers.quantizers.quantizer_finegrained_fp8
import time:        91 |         91 |                       transformers.quantizers.quantizer_fouroversix
import time:        98 |         98 |                       transformers.quantizers.quantizer_fp_quant
import time:        73 |         73 |                       transformers.quantizers.quantizer_gemma
import time:        90 |         90 |                       transformers.quantizers.quantizer_gptq
import time:        97 |         97 |                       transformers.quantizers.quantizer_higgs
import time:       171 |        171 |                       transformers.quantizers.quantizer_hqq
import time:       159 |        159 |                       transformers.quantizers.quantizer_metal
import time:       139 |        139 |                       transformers.quantizers.quantizer_mxfp4
import time:       100 |        100 |                       transformers.quantizers.quantizer_quanto
import time:        85 |         85 |                       transformers.quantizers.quantizer_quark
import time:       114 |        114 |                       transformers.quantizers.quantizer_sinq
import time:       152 |        152 |                       transformers.quantizers.quantizer_spqr
import time:       265 |        265 |                       transformers.quantizers.quantizer_torchao
import time:        79 |         79 |                       transformers.quantizers.quantizer_vptq
import time:       321 |       3485 |                     transformers.quantizers.auto
import time:        82 |       3567 |                   transformers.quantizers
import time:        13 |       3580 |                 transformers.quantizers.quantizers_utils
import time:      1005 |       1005 |                 transformers.integrations.deepgemm
import time:       535 |        535 |                   transformers.integrations.sonicmoe
import time:      1472 |       2006 |                 transformers.integrations.moe
import time:       894 |       7484 |               transformers.integrations.finegrained_fp8
import time:       167 |        167 |               transformers.integrations.flash_paged
import time:       306 |        306 |               transformers.integrations.flex_attention
import time:       135 |        135 |               transformers.integrations.sdpa_attention
import time:        69 |         69 |               transformers.integrations.sdpa_paged
import time:        69 |         69 |                 transformers.loss
import time:       272 |        272 |                         scipy.__config__
import time:        72 |         72 |                         scipy.version
import time:        23 |         23 |                           scipy._distributor_init_local
import time:        67 |         90 |                         scipy._distributor_init
import time:       121 |        121 |                                     __builtin__
import time:        90 |         90 |                                     __builtin__
import time:      1117 |       1327 |                                   Cython.Shadow
import time:       162 |       1489 |                                 Cython
import time:        10 |       1498 |                               Cython.Shadow
import time:       113 |       1611 |                             cython
import time:        93 |         93 |                               Cython.Compiler
import time:       121 |        214 |                             Cython.Compiler.Version
import time:      1426 |       1426 |                             scipy._lib._pep440
import time:       311 |       3560 |                           scipy._lib._testutils
import time:        68 |       3628 |                         scipy._lib
import time:       262 |        262 |                             scipy._cyutility
import time:       391 |        652 |                           scipy._lib._ccallback_c
import time:       167 |        819 |                         scipy._lib._ccallback
import time:       207 |       5085 |                       scipy
import time:      5011 |       5011 |                               scipy.linalg._fblas
import time:        65 |         65 |                               scipy.linalg._cblas
import time:       238 |       5313 |                             scipy.linalg.blas
import time:      1102 |       1102 |                               scipy.linalg._flapack
import time:        48 |         48 |                               scipy.linalg._clapack
import time:      1074 |       2223 |                             scipy.linalg.lapack
import time:       151 |       7685 |                           scipy.linalg._misc
import time:      1460 |       1460 |                             scipy.linalg.cython_lapack
import time:       317 |        317 |                                   numpy._typing._add_docstring
import time:       277 |        594 |                                 numpy.typing
import time:       676 |        676 |                                       scipy._lib.array_api_compat.common._typing
import time:       327 |       1003 |                                     scipy._lib.array_api_compat.common._helpers
import time:       110 |       1112 |                                   scipy._lib.array_api_compat.common
import time:       249 |       1360 |                                 scipy._lib.array_api_compat
import time:        84 |         84 |                                   scipy._lib.array_api_compat._internal
import time:       111 |        111 |                                     numpy.testing._private
import time:        67 |         67 |                                     numpy.testing.overrides
import time:       141 |        141 |                                     numpy.testing._private.extbuild
import time:      1025 |       1025 |                                     numpy.testing._private.utils
import time:       127 |       1470 |                                   numpy.testing
import time:       151 |        151 |                                     numpy.f2py.diagnose
import time:        74 |         74 |                                       numpy.f2py._backends
import time:        51 |         51 |                                       numpy.f2py.__version__
import time:       152 |        152 |                                         numpy.f2py.cfuncs
import time:       514 |        666 |                                       numpy.f2py.auxfuncs
import time:      1024 |       1024 |                                         numpy.f2py.cb_rules
import time:       103 |        103 |                                         numpy.f2py._isocbind
import time:       194 |        194 |                                           fileinput
import time:       850 |        850 |                                           numpy.f2py.symbolic
import time:      6955 |       7997 |                                         numpy.f2py.crackfortran
import time:       333 |       9456 |                                       numpy.f2py.capi_maps
import time:       115 |        115 |                                         numpy.f2py.func2subr
import time:       192 |        307 |                                       numpy.f2py.f90mod_rules
import time:       101 |        101 |                                         numpy.f2py.common_rules
import time:        78 |         78 |                                         numpy.f2py.use_rules
import time:      2679 |       2857 |                                       numpy.f2py.rules
import time:       261 |      13668 |                                     numpy.f2py.f2py2e
import time:       123 |      13941 |                                   numpy.f2py
import time:       358 |        358 |                                       numpy._core.strings
import time:        86 |         86 |                                       numpy.strings
import time:       255 |        698 |                                     numpy._core.defchararray
import time:       117 |        814 |                                   numpy.char
import time:        77 |         77 |                                   numpy.rec
import time:       129 |        129 |                                     numpy.core._utils
import time:        76 |        205 |                                   numpy.core
import time:      3102 |       3102 |                                     numpy.ma.core
import time:       690 |        690 |                                     numpy.ma.extras
import time:       211 |       4002 |                                   numpy.ma
import time:       141 |        141 |                                       numpy.polynomial.polyutils
import time:       362 |        362 |                                       numpy.polynomial._polybase
import time:       318 |        820 |                                     numpy.polynomial.chebyshev
import time:       212 |        212 |                                     numpy.polynomial.hermite
import time:       165 |        165 |                                     numpy.polynomial.hermite_e
import time:       213 |        213 |                                     numpy.polynomial.laguerre
import time:       178 |        178 |                                     numpy.polynomial.legendre
import time:       154 |        154 |                                     numpy.polynomial.polynomial
import time:       132 |       1872 |                                   numpy.polynomial
import time:       289 |        289 |                                     numpy.ctypeslib._ctypeslib
import time:        88 |        376 |                                   numpy.ctypeslib
import time:       565 |        565 |                                     scipy._lib.array_api_compat.common._aliases
import time:       113 |        113 |                                     scipy._lib.array_api_compat.numpy._typing
import time:       744 |       1420 |                                   scipy._lib.array_api_compat.numpy._aliases
import time:       122 |        122 |                                   scipy._lib.array_api_compat.numpy._info
import time:       476 |        476 |                                     scipy._lib.array_api_compat.common._linalg
import time:       348 |        824 |                                   scipy._lib.array_api_compat.numpy.linalg
import time:       120 |        120 |                                     scipy._lib.array_api_compat.common._fft
import time:       335 |        454 |                                   scipy._lib.array_api_compat.numpy.fft
import time:       779 |      26434 |                                 scipy._lib.array_api_compat.numpy
import time:        75 |         75 |                                       scipy._lib.array_api_extra._lib
import time:        64 |         64 |                                           scipy._lib.array_api_extra._lib._utils
import time:        77 |         77 |                                                 scipy._lib._sparse
import time:       232 |        308 |                                               scipy._lib._array_api_override
import time:        58 |        366 |                                             scipy._lib._array_api_compat_vendor
import time:        84 |        449 |                                           scipy._lib.array_api_extra._lib._utils._compat
import time:        58 |         58 |                                             scipy._lib.array_api_extra._lib._utils._typing
import time:       239 |        296 |                                           scipy._lib.array_api_extra._lib._utils._helpers
import time:       264 |       1072 |                                         scipy._lib.array_api_extra._lib._at
import time:       241 |       1313 |                                       scipy._lib.array_api_extra._lib._funcs
import time:       270 |       1657 |                                     scipy._lib.array_api_extra._delegation
import time:       212 |        212 |                                     scipy._lib.array_api_extra._lib._lazy
import time:       125 |       1993 |                                   scipy._lib.array_api_extra
import time:       372 |       2364 |                                 scipy._lib.array_api_extra.testing
import time:      1192 |       1192 |                                   pydoc
import time:      1070 |       2262 |                                 scipy._lib._docscrape
import time:       957 |      33969 |                               scipy._lib._array_api
import time:       976 |      34945 |                             scipy._lib._util
import time:      1280 |      37683 |                           scipy.linalg._cythonized_array_utils
import time:      3458 |       3458 |                             scipy.linalg._decomp
import time:      3439 |       3439 |                             scipy.linalg._decomp_svd
import time:       263 |        263 |                             scipy.linalg._solve_toeplitz
import time:       201 |        201 |                             scipy.linalg._batched_linalg
import time:      2273 |       9632 |                           scipy.linalg._basic
import time:       185 |        185 |                             scipy.linalg._decomp_lu_cython
import time:       416 |        601 |                           scipy.linalg._decomp_lu
import time:       398 |        398 |                           scipy.linalg._decomp_ldl
import time:       676 |        676 |                           scipy.linalg._decomp_cholesky
import time:       737 |        737 |                           scipy.linalg._decomp_qr
import time:       758 |        758 |                           scipy.linalg._decomp_qz
import time:       602 |        602 |                           scipy.linalg._decomp_schur
import time:       256 |        256 |                           scipy.linalg._decomp_polar
import time:       125 |        125 |                             scipy._lib.deprecation
import time:       544 |        544 |                             scipy.linalg._expm_frechet
import time:       476 |        476 |                             scipy.linalg._matfuncs_schur_sqrtm
import time:       332 |        332 |                             scipy.linalg._matfuncs_expm
import time:       142 |        142 |                             scipy.linalg._linalg_pythran
import time:      1352 |       2969 |                           scipy.linalg._matfuncs
import time:       787 |        787 |                           scipy.linalg._special_matrices
import time:       683 |        683 |                           scipy.linalg._solvers
import time:       549 |        549 |                           scipy.linalg._procrustes
import time:       347 |        347 |                             scipy.linalg.cython_blas
import time:      1259 |       1606 |                           scipy.linalg._decomp_update
import time:       445 |        445 |                           scipy.linalg._sketches
import time:       165 |        165 |                           scipy.linalg._decomp_cossin
import time:        68 |         68 |                           scipy.linalg.decomp
import time:        53 |         53 |                           scipy.linalg.decomp_cholesky
import time:        50 |         50 |                           scipy.linalg.decomp_lu
import time:       640 |        640 |                           scipy.linalg.decomp_qr
import time:        65 |         65 |                           scipy.linalg.decomp_svd
import time:        50 |         50 |                           scipy.linalg.decomp_schur
import time:        52 |         52 |                           scipy.linalg.basic
import time:        47 |         47 |                           scipy.linalg.misc
import time:        51 |         51 |                           scipy.linalg.special_matrices
import time:        49 |         49 |                           scipy.linalg.matfuncs
import time:       284 |      67627 |                         scipy.linalg
import time:       511 |        511 |                               scipy.sparse._sputils
import time:       132 |        132 |                               scipy.sparse._matrix
import time:       533 |       1175 |                             scipy.sparse._base
import time:       176 |        176 |                               scipy.sparse._sparsetools
import time:       495 |        495 |                                 scipy.sparse._data
import time:       223 |        223 |                                 scipy.sparse._index
import time:       371 |       1087 |                               scipy.sparse._compressed
import time:       245 |       1507 |                             scipy.sparse._csr
import time:       164 |        164 |                             scipy.sparse._csc
import time:       541 |        541 |                               scipy.sparse._csparsetools
import time:       253 |        793 |                             scipy.sparse._lil
import time:       388 |        388 |                             scipy.sparse._dok
import time:       450 |        450 |                             scipy.sparse._coo
import time:       211 |        211 |                             scipy.sparse._dia
import time:       320 |        320 |                             scipy.sparse._bsr
import time:      1120 |       1120 |                             scipy.sparse._construct
import time:        87 |         87 |                             scipy.sparse._extract
import time:        74 |         74 |                             scipy.sparse._matrix_io
import time:        55 |         55 |                             scipy.sparse.base
import time:        50 |         50 |                             scipy.sparse.bsr
import time:        49 |         49 |                             scipy.sparse.compressed
import time:        49 |         49 |                             scipy.sparse.construct
import time:        45 |         45 |                             scipy.sparse.coo
import time:        44 |         44 |                             scipy.sparse.csc
import time:        45 |         45 |                             scipy.sparse.csr
import time:        48 |         48 |                             scipy.sparse.data
import time:        44 |         44 |                             scipy.sparse.dia
import time:        42 |         42 |                             scipy.sparse.dok
import time:        44 |         44 |                             scipy.sparse.extract
import time:        44 |         44 |                             scipy.sparse.lil
import time:        55 |         55 |                             scipy.sparse.sparsetools
import time:        47 |         47 |                             scipy.sparse.sputils
import time:       304 |       7241 |                           scipy.sparse
import time:       385 |        385 |                               scipy.sparse.linalg._interface
import time:       111 |        111 |                               scipy.sparse.linalg._isolve.utils
import time:       178 |        674 |                             scipy.sparse.linalg._isolve.iterative
import time:        98 |         98 |                             scipy.sparse.linalg._isolve.minres
import time:       121 |        121 |                               scipy.sparse.linalg._isolve._gcrotmk
import time:        77 |        198 |                             scipy.sparse.linalg._isolve.lgmres
import time:        99 |         99 |                             scipy.sparse.linalg._isolve.lsqr
import time:        92 |         92 |                             scipy.sparse.linalg._isolve.lsmr
import time:        65 |         65 |                             scipy.sparse.linalg._isolve.tfqmr
import time:       136 |       1358 |                           scipy.sparse.linalg._isolve
import time:       439 |        439 |                               scipy.sparse.linalg._dsolve._superlu
import time:       291 |        291 |                                 scikits
import time:        13 |        304 |                               scikits.umfpack
import time:       236 |        978 |                             scipy.sparse.linalg._dsolve.linsolve
import time:        86 |         86 |                             scipy.sparse.linalg._dsolve._add_newdocs
import time:        92 |       1155 |                           scipy.sparse.linalg._dsolve
import time:       369 |        369 |                                 scipy.sparse.linalg._eigen.arpack._arpacklib
import time:       548 |        917 |                               scipy.sparse.linalg._eigen.arpack.arpack
import time:        93 |       1010 |                             scipy.sparse.linalg._eigen.arpack
import time:       251 |        251 |                               scipy.sparse.linalg._eigen.lobpcg.lobpcg
import time:        96 |        346 |                             scipy.sparse.linalg._eigen.lobpcg
import time:       370 |        370 |                                 scipy.sparse.linalg._propack
import time:       163 |        533 |                               scipy.sparse.linalg._svdp
import time:      1232 |       1765 |                             scipy.sparse.linalg._eigen._svds
import time:        96 |       3215 |                           scipy.sparse.linalg._eigen
import time:       137 |        137 |                               scipy.sparse.linalg._onenormest
import time:       175 |        311 |                             scipy.sparse.linalg._expm_multiply
import time:       259 |        570 |                           scipy.sparse.linalg._matfuncs
import time:        84 |         84 |                           scipy.sparse.linalg._norm
import time:        99 |         99 |                           scipy.sparse.linalg._funm_multiply_krylov
import time:       289 |        289 |                           scipy.sparse.linalg._special_sparse_arrays
import time:        66 |         66 |                           scipy.sparse.linalg.isolve
import time:        51 |         51 |                           scipy.sparse.linalg.dsolve
import time:        48 |         48 |                           scipy.sparse.linalg.interface
import time:        47 |         47 |                           scipy.sparse.linalg.eigen
import time:        46 |         46 |                           scipy.sparse.linalg.matfuncs
import time:       162 |      14424 |                         scipy.sparse.linalg
import time:       109 |        109 |                           scipy.optimize._dcsrch
import time:       174 |        283 |                         scipy.optimize._linesearch
import time:       165 |        165 |                           scipy.optimize._group_columns
import time:       226 |        391 |                         scipy.optimize._numdiff
import time:       189 |        189 |                           scipy.optimize._hessian_update_strategy
import time:       332 |        521 |                         scipy.optimize._differentiable_functions
import time:      1631 |      84875 |                       scipy.optimize._optimize
import time:       124 |        124 |                           scipy.optimize._trustregion
import time:        96 |        219 |                         scipy.optimize._trustregion_dogleg
import time:        80 |         80 |                         scipy.optimize._trustregion_ncg
import time:       169 |        169 |                               scipy._lib.messagestream
import time:       288 |        456 |                             scipy.optimize._trlib._trlib
import time:        72 |        528 |                           scipy.optimize._trlib
import time:        60 |        587 |                         scipy.optimize._trustregion_krylov
import time:       137 |        137 |                         scipy.optimize._trustregion_exact
import time:       268 |        268 |                             scipy.optimize._constraints
import time:       170 |        170 |                                   sksparse
import time:        25 |        194 |                                 sksparse.cholmod
import time:       127 |        321 |                               scipy.optimize._trustregion_constr.projections
import time:       121 |        121 |                               scipy.optimize._trustregion_constr.qp_subproblem
import time:       107 |        548 |                             scipy.optimize._trustregion_constr.equality_constrained_sqp
import time:       145 |        145 |                             scipy.optimize._trustregion_constr.canonical_constraint
import time:       119 |        119 |                             scipy.optimize._trustregion_constr.tr_interior_point
import time:        98 |         98 |                             scipy.optimize._trustregion_constr.report
import time:       216 |       1392 |                           scipy.optimize._trustregion_constr.minimize_trustregion_constr
import time:       112 |       1503 |                         scipy.optimize._trustregion_constr
import time:       334 |        334 |                           scipy.optimize._lbfgsb
import time:       155 |        489 |                         scipy.optimize._lbfgsb_py
import time:       166 |        166 |                           scipy.optimize._moduleTNC
import time:       134 |        300 |                         scipy.optimize._tnc
import time:       100 |        100 |                         scipy.optimize._cobyla_py
import time:        59 |         59 |                         scipy.optimize._cobyqa_py
import time:       323 |        323 |                           scipy.optimize._slsqplib
import time:       149 |        471 |                         scipy.optimize._slsqp_py
import time:       268 |       4208 |                       scipy.optimize._minimize
import time:       117 |        117 |                           scipy.optimize._minpack
import time:       255 |        255 |                                 scipy.optimize._lsq.common
import time:       164 |        419 |                               scipy.optimize._lsq.trf
import time:       125 |        125 |                               scipy.optimize._lsq.dogbox
import time:       218 |        761 |                             scipy.optimize._lsq.least_squares
import time:       223 |        223 |                                 scipy.optimize._lsq.givens_elimination
import time:       122 |        345 |                               scipy.optimize._lsq.trf_linear
import time:       103 |        103 |                               scipy.optimize._lsq.bvls
import time:       101 |        547 |                             scipy.optimize._lsq.lsq_linear
import time:        87 |       1395 |                           scipy.optimize._lsq
import time:       324 |       1836 |                         scipy.optimize._minpack_py
import time:       113 |        113 |                         scipy.optimize._spectral
import time:      1353 |       1353 |                         scipy.optimize._nonlin
import time:       150 |       3450 |                       scipy.optimize._root
import time:       107 |        107 |                           scipy.optimize._zeros
import time:       251 |        357 |                         scipy.optimize._zeros_py
import time:       152 |        508 |                       scipy.optimize._root_scalar
import time:       343 |        343 |                       scipy.optimize._nnls
import time:      1600 |       1600 |                       scipy.optimize._basinhopping
import time:        74 |         74 |                             scipy.optimize._highspy
import time:      3888 |       3888 |                             scipy.optimize._highspy._core
import time:       307 |        307 |                             scipy.optimize._highspy._highs_options
import time:       200 |       4468 |                           scipy.optimize._highspy._highs_wrapper
import time:       128 |       4595 |                         scipy.optimize._linprog_highs
import time:       134 |        134 |                                         uarray
import time:       164 |        164 |                                             scipy._lib._uarray._uarray
import time:       340 |        504 |                                           scipy._lib._uarray._backend
import time:        78 |        581 |                                         scipy._lib._uarray
import time:        86 |        800 |                                       scipy._lib.uarray
import time:      5606 |       6406 |                                     scipy.fft._basic
import time:      2282 |       2282 |                                     scipy.fft._realtransforms
import time:       144 |        144 |                                           scipy.special._sf_error
import time:       267 |        267 |                                             scipy.special._ufuncs_cxx
import time:       173 |        173 |                                             scipy.special._ellip_harm_2
import time:       497 |        497 |                                             scipy.special._special_ufuncs
import time:       166 |        166 |                                             scipy.special._gufuncs
import time:       745 |       1847 |                                           scipy.special._ufuncs
import time:        72 |         72 |                                             scipy.special._input_validation
import time:       335 |        335 |                                             scipy.special._specfun
import time:       143 |        143 |                                             scipy.special._comb
import time:       396 |        945 |                                           scipy.special._basic
import time:        70 |         70 |                                             scipy.special._spfun_stats
import time:     18046 |      18115 |                                           scipy.special._support_alternative_backends
import time:       856 |        856 |                                           scipy.special._logsumexp
import time:       357 |        357 |                                           scipy.special._multiufuncs
import time:       356 |        356 |                                           scipy.special._orthogonal
import time:       102 |        102 |                                           scipy.special._ellip_harm
import time:        62 |         62 |                                           scipy.special._lambertw
import time:        93 |         93 |                                           scipy.special._spherical_bessel
import time:        61 |         61 |                                           scipy.special.add_newdocs
import time:        79 |         79 |                                           scipy.special.basic
import time:        67 |         67 |                                           scipy.special.orthogonal
import time:        52 |         52 |                                           scipy.special.specfun
import time:        59 |         59 |                                           scipy.special.sf_error
import time:       126 |        126 |                                           scipy.special.spfun_stats
import time:       315 |      23628 |                                         scipy.special
import time:       319 |      23947 |                                       scipy.fft._fftlog_backend
import time:       745 |      24692 |                                     scipy.fft._fftlog
import time:       299 |        299 |                                           scipy.fft._pocketfft.pypocketfft
import time:       292 |        292 |                                           scipy.fft._pocketfft.helper
import time:       173 |        763 |                                         scipy.fft._pocketfft.basic
import time:        97 |         97 |                                         scipy.fft._pocketfft.realtransforms
import time:        98 |        957 |                                       scipy.fft._pocketfft
import time:      1039 |       1996 |                                     scipy.fft._helper
import time:        95 |         95 |                                       scipy.fft._basic_backend
import time:        67 |         67 |                                       scipy.fft._realtransforms_backend
import time:       571 |        733 |                                     scipy.fft._backend
import time:       159 |      36265 |                                   scipy.fft
import time:       450 |      36715 |                                 scipy.linalg._decomp_interpolative
import time:       137 |      36851 |                               scipy.linalg.interpolative
import time:       115 |      36965 |                             scipy.optimize._remove_redundancy
import time:       345 |      37310 |                           scipy.optimize._linprog_util
import time:       154 |        154 |                           sksparse
import time:        91 |         91 |                             scikits
import time:        12 |        102 |                           scikits.umfpack
import time:       225 |      37790 |                         scipy.optimize._linprog_ip
import time:       140 |        140 |                         scipy.optimize._linprog_simplex
import time:       325 |        325 |                           scipy.optimize._bglu_dense
import time:       140 |        464 |                         scipy.optimize._linprog_rs
import time:       134 |        134 |                         scipy.optimize._linprog_doc
import time:       163 |      43284 |                       scipy.optimize._linprog
import time:        96 |         96 |                       scipy.optimize._lsap
import time:      1711 |       1711 |                       scipy.optimize._differentialevolution
import time:       188 |        188 |                         scipy.optimize._pava_pybind
import time:       106 |        294 |                       scipy.optimize._isotonic
import time:       422 |        422 |                           scipy.spatial._ckdtree
import time:       304 |        725 |                         scipy.spatial._kdtree
import time:       549 |        549 |                         scipy.spatial._qhull
import time:       185 |        185 |                           scipy.spatial._voronoi
import time:       158 |        342 |                         scipy.spatial._spherical_voronoi
import time:        99 |         99 |                         scipy.spatial._plotutils
import time:        63 |         63 |                         scipy.spatial._procrustes
import time:       175 |        175 |                             scipy.spatial._hausdorff
import time:       291 |        291 |                             scipy.spatial._distance_pybind
import time:       123 |        123 |                             scipy.spatial._distance_wrap
import time:      2816 |       3404 |                           scipy.spatial.distance
import time:        82 |       3485 |                         scipy.spatial._geometric_slerp
import time:       102 |        102 |                         scipy.spatial.ckdtree
import time:        65 |         65 |                         scipy.spatial.kdtree
import time:        67 |         67 |                         scipy.spatial.qhull
import time:       550 |        550 |                             scipy.spatial.transform._rotation_cy
import time:       379 |        379 |                             scipy.spatial.transform._rotation_xp
import time:      2836 |       2836 |                                 scipy.constants._codata
import time:       598 |        598 |                                 scipy.constants._constants
import time:        83 |         83 |                                 scipy.constants.codata
import time:        91 |         91 |                                 scipy.constants.constants
import time:       559 |       4166 |                               scipy.constants
import time:       135 |       4300 |                             scipy.spatial.transform._rotation_groups
import time:      7641 |      12868 |                           scipy.spatial.transform._rotation
import time:       268 |        268 |                             scipy.spatial.transform._rigid_transform_cy
import time:       214 |        214 |                             scipy.spatial.transform._rigid_transform_xp
import time:      4856 |       5337 |                           scipy.spatial.transform._rigid_transform
import time:       173 |        173 |                           scipy.spatial.transform._rotation_spline
import time:       103 |        103 |                           scipy.spatial.transform.rotation
import time:       111 |      18590 |                         scipy.spatial.transform
import time:        76 |         76 |                           scipy.optimize._shgo_lib
import time:       343 |        343 |                           scipy.optimize._shgo_lib._vertex
import time:       247 |        665 |                         scipy.optimize._shgo_lib._complex
import time:       488 |      25234 |                       scipy.optimize._shgo
import time:       846 |        846 |                       scipy.optimize._dual_annealing
import time:       174 |        174 |                       scipy.optimize._qap
import time:        98 |         98 |                         scipy.optimize._direct
import time:       199 |        297 |                       scipy.optimize._direct_py
import time:       118 |        118 |                       scipy.optimize._milp
import time:        61 |         61 |                       scipy.optimize.cobyla
import time:        53 |         53 |                       scipy.optimize.lbfgsb
import time:        60 |         60 |                       scipy.optimize.linesearch
import time:        51 |         51 |                       scipy.optimize.minpack
import time:        48 |         48 |                       scipy.optimize.minpack2
import time:        46 |         46 |                       scipy.optimize.moduleTNC
import time:        51 |         51 |                       scipy.optimize.nonlin
import time:        51 |         51 |                       scipy.optimize.optimize
import time:        47 |         47 |                       scipy.optimize.slsqp
import time:        49 |         49 |                       scipy.optimize.tnc
import time:        46 |         46 |                       scipy.optimize.zeros
import time:       302 |     172973 |                     scipy.optimize
import time:       991 |     173964 |                   transformers.loss.loss_for_object_detection
import time:       250 |        250 |                   transformers.loss.loss_rt_detr
import time:       182 |     174395 |                 transformers.loss.loss_d_fine
import time:       144 |        144 |                 transformers.loss.loss_deformable_detr
import time:       241 |        241 |                 transformers.loss.loss_deimv2
import time:       152 |        152 |                 transformers.loss.loss_grounding_dino
import time:       159 |        159 |                 transformers.loss.loss_lw_detr
import time:       169 |        169 |                 transformers.loss.loss_rf_detr
import time:        50 |         50 |                           torchaudio._internal.fb
import time:        73 |        122 |                         torchaudio._internal
import time:        85 |        207 |                       torchaudio._internal.module_utils
import time:       161 |        161 |                       torchaudio._extension.utils
import time:      1600 |       1966 |                     torchaudio._extension
import time:       492 |        492 |                       torchaudio.compliance.kaldi
import time:       125 |        616 |                     torchaudio.compliance
import time:       109 |        109 |                         torchaudio.datasets.utils
import time:       335 |        443 |                       torchaudio.datasets.cmuarctic
import time:       135 |        135 |                       torchaudio.datasets.cmudict
import time:       111 |        111 |                       torchaudio.datasets.commonvoice
import time:       123 |        123 |                       torchaudio.datasets.dr_vctk
import time:       101 |        101 |                       torchaudio.datasets.fluentcommands
import time:       153 |        153 |                       torchaudio.datasets.gtzan
import time:       108 |        108 |                       torchaudio.datasets.iemocap
import time:       126 |        126 |                         torchaudio.datasets.librispeech
import time:        94 |        219 |                       torchaudio.datasets.librilight_limited
import time:       124 |        124 |                       torchaudio.datasets.librimix
import time:       101 |        101 |                       torchaudio.datasets.librispeech_biasing
import time:       105 |        105 |                       torchaudio.datasets.libritts
import time:        85 |         85 |                       torchaudio.datasets.ljspeech
import time:       122 |        122 |                       torchaudio.datasets.musdb_hq
import time:        97 |         97 |                       torchaudio.datasets.quesst14
import time:       110 |        110 |                       torchaudio.datasets.snips
import time:       206 |        206 |                       torchaudio.datasets.speechcommands
import time:       119 |        119 |                       torchaudio.datasets.tedlium
import time:       101 |        101 |                       torchaudio.datasets.vctk
import time:       168 |        168 |                       torchaudio.datasets.voxceleb1
import time:        97 |         97 |                       torchaudio.datasets.yesno
import time:       166 |       2986 |                     torchaudio.datasets
import time:       489 |        489 |                       torchaudio.functional._alignment
import time:       514 |        514 |                       torchaudio.functional.filtering
import time:       669 |        669 |                       torchaudio.functional.functional
import time:       132 |       1804 |                     torchaudio.functional
import time:       349 |        349 |                       torchaudio.models._hdemucs
import time:       129 |        129 |                       torchaudio.models.conformer
import time:       144 |        144 |                       torchaudio.models.conv_tasnet
import time:        81 |         81 |                       torchaudio.models.deepspeech
import time:       434 |        434 |                       torchaudio.models.emformer
import time:       288 |        288 |                       torchaudio.models.rnnt
import time:       270 |        270 |                       torchaudio.models.rnnt_decoder
import time:       221 |        221 |                         torchaudio.models.squim.objective
import time:       108 |        108 |                         torchaudio.models.squim.subjective
import time:        84 |        412 |                       torchaudio.models.squim
import time:       858 |        858 |                       torchaudio.models.tacotron2
import time:        87 |         87 |                       torchaudio.models.wav2letter
import time:       120 |        120 |                                 torchaudio.models.wav2vec2.wavlm_attention
import time:       388 |        507 |                               torchaudio.models.wav2vec2.components
import time:       362 |        869 |                             torchaudio.models.wav2vec2.model
import time:       129 |        998 |                           torchaudio.models.wav2vec2.utils.import_fairseq
import time:       115 |        115 |                           torchaudio.models.wav2vec2.utils.import_huggingface
import time:       118 |       1230 |                         torchaudio.models.wav2vec2.utils
import time:        88 |       1317 |                       torchaudio.models.wav2vec2
import time:       161 |        161 |                       torchaudio.models.wavernn
import time:       167 |       4693 |                     torchaudio.models
import time:       461 |        461 |                       torchaudio.pipelines._source_separation_pipeline
import time:       475 |        475 |                       torchaudio.pipelines._squim_pipeline
import time:       174 |        174 |                             torchaudio.transforms._multi_channel
import time:       674 |        674 |                             torchaudio.transforms._transforms
import time:       102 |        949 |                           torchaudio.transforms
import time:       145 |        145 |                           torchaudio.pipelines._tts.utils
import time:       173 |        173 |                           torchaudio.pipelines._tts.interface
import time:      2057 |       3323 |                         torchaudio.pipelines._tts.impl
import time:       105 |       3427 |                       torchaudio.pipelines._tts
import time:       103 |        103 |                         torchaudio.pipelines._wav2vec2
import time:       193 |        193 |                         torchaudio.pipelines._wav2vec2.aligner
import time:       115 |        115 |                         torchaudio.pipelines._wav2vec2.utils
import time:      1142 |       1553 |                       torchaudio.pipelines._wav2vec2.impl
import time:       779 |        779 |                       torchaudio.pipelines.rnnt_pipeline
import time:       143 |       6834 |                     torchaudio.pipelines
import time:       128 |        128 |                       torchaudio.utils.download
import time:       109 |        236 |                     torchaudio.utils
import time:       131 |        131 |                     torchaudio._torchcodec
import time:        57 |         57 |                     torchaudio.version
import time:       239 |      19558 |                   torchaudio
import time:        92 |      19650 |                 transformers.loss.loss_rnnt
import time:       106 |        106 |                 transformers.loss.loss_tdt
import time:       206 |     195285 |               transformers.loss.loss_utils
import time:       170 |        170 |               transformers.safetensors_conversion
import time:      3597 |     208579 |             transformers.modeling_utils
import time:     29379 |     243652 |           transformers.processing_utils
import time:    156803 |     414919 |         transformers.modeling_layers
import time:      1425 |       1425 |         transformers.models.llama.configuration_llama
import time:       274 |        274 |           transformers.image_processing_base
import time:        78 |         78 |                       torchvision.tv_tensors._torch_function_helpers
import time:       147 |        225 |                     torchvision.tv_tensors._tv_tensor
import time:       325 |        550 |                   torchvision.tv_tensors._bounding_boxes
import time:        97 |         97 |                   torchvision.tv_tensors._image
import time:       166 |        166 |                   torchvision.tv_tensors._keypoints
import time:        78 |         78 |                   torchvision.tv_tensors._mask
import time:        64 |         64 |                   torchvision.tv_tensors._video
import time:       121 |       1073 |                 torchvision.tv_tensors
import time:       189 |       1261 |               torchvision.transforms.v2.functional._utils
import time:       290 |        290 |               torchvision.transforms.v2.functional._meta
import time:       116 |        116 |               torchvision.transforms.v2.functional._augment
import time:       183 |        183 |                 torchvision.transforms.v2.functional._misc
import time:        83 |         83 |                 torchvision.transforms.v2.functional._type_conversion
import time:       372 |        637 |               torchvision.transforms.v2.functional._color
import time:       919 |        919 |               torchvision.transforms.v2.functional._geometry
import time:        88 |         88 |               torchvision.transforms.v2.functional._temporal
import time:        63 |         63 |               torchvision.transforms.v2.functional._deprecated
import time:       244 |       3615 |             torchvision.transforms.v2.functional
import time:       121 |        121 |               torchvision.transforms.v2._utils
import time:       128 |        248 |             torchvision.transforms.v2._transform
import time:       226 |        226 |             torchvision.transforms.v2._augment
import time:       445 |        445 |             torchvision.transforms.v2._auto_augment
import time:       302 |        302 |             torchvision.transforms.v2._color
import time:       139 |        139 |             torchvision.transforms.v2._container
import time:       596 |        596 |             torchvision.transforms.v2._geometry
import time:       125 |        125 |             torchvision.transforms.v2._meta
import time:       265 |        265 |             torchvision.transforms.v2._misc
import time:       700 |        700 |             torchvision.transforms.v2._temporal
import time:       119 |        119 |             torchvision.transforms.v2._type_conversion
import time:        87 |         87 |             torchvision.transforms.v2._deprecated
import time:       197 |       7058 |           torchvision.transforms.v2
import time:       554 |       7886 |         transformers.image_processing_utils
import time:       368 |        368 |         transformers.image_processing_backends
import time:       626 |        626 |           transformers.models.nemotron_h
import time:      3415 |       4040 |         transformers.models.nemotron_h.configuration_nemotron_h
import time:        72 |         72 |           sglang.lang
import time:        48 |         48 |             sglang.lang.backend
import time:       767 |        767 |             sglang.lang.chat_template
import time:       515 |        515 |             sglang.lang.choices
import time:        78 |         78 |               sglang.lang.global_config
import time:      1200 |       1200 |               sglang.lang.ir
import time:       105 |        105 |                     IPython.core
import time:       105 |        105 |                     IPython.core.release
import time:        91 |         91 |                             traitlets.utils
import time:       119 |        210 |                           traitlets.utils.bunch
import time:        76 |         76 |                           traitlets.utils.descriptions
import time:        59 |         59 |                           traitlets.utils.getargspec
import time:        51 |         51 |                           traitlets.utils.importstring
import time:        62 |         62 |                           traitlets.utils.sentinel
import time:        61 |         61 |                           traitlets.utils.warnings
import time:      2000 |       2515 |                         traitlets.traitlets
import time:       221 |        221 |                         traitlets._version
import time:        95 |         95 |                         traitlets.utils.decorators
import time:       200 |       3030 |                       traitlets
import time:       581 |        581 |                               logging.handlers
import time:       447 |        447 |                               socketserver
import time:       785 |       1812 |                             logging.config
import time:        79 |         79 |                               traitlets.utils.text
import time:       796 |        796 |                               traitlets.config.loader
import time:       470 |       1344 |                             traitlets.config.configurable
import time:        88 |         88 |                             traitlets.utils.nested_update
import time:       770 |       4012 |                           traitlets.config.application
import time:        96 |       4107 |                         traitlets.config
import time:        12 |       4119 |                       traitlets.config.configurable
import time:       116 |        116 |                         IPython.core.error
import time:       133 |        249 |                       IPython.core.hooks
import time:       140 |        140 |                         getopt
import time:       118 |        118 |                           codeop
import time:        69 |         69 |                           IPython.utils
import time:       308 |        308 |                           IPython.utils.tokenutil
import time:       907 |       1401 |                         IPython.core.inputtransformer2
import time:       219 |        219 |                         IPython.utils.ipstruct
import time:       302 |        302 |                         IPython.utils.text
import time:       749 |       2810 |                       IPython.core.magic
import time:        66 |         66 |                         IPython.core.getipython
import time:        61 |         61 |                         IPython.utils.data
import time:       122 |        122 |                         IPython.utils.terminal
import time:       197 |        443 |                       IPython.core.page
import time:        96 |         96 |                         IPython.core.autocall
import time:       135 |        135 |                         IPython.core.macro
import time:       323 |        323 |                         IPython.core.splitinput
import time:      1346 |       1897 |                       IPython.core.prefilter
import time:       164 |        164 |                         IPython.core.display_trap
import time:       351 |        351 |                             IPython.utils.PyColorize
import time:       196 |        547 |                           IPython.core.tbtools
import time:       237 |        784 |                         IPython.core.doctb
import time:       386 |       1333 |                       IPython.core.ultratb
import time:      1033 |       1033 |                       IPython.core.alias
import time:       199 |        199 |                       IPython.core.builtin_trap
import time:       124 |        124 |                       IPython.core.compilerop
import time:       243 |        243 |                       IPython.core.displayhook
import time:       106 |        106 |                         IPython.core.display_functions
import time:        56 |         56 |                             IPython.utils.importstring
import time:       122 |        122 |                             IPython.utils.path
import time:       104 |        281 |                           IPython.paths
import time:       136 |        136 |                             IPython.utils.docs
import time:        77 |        212 |                           IPython.utils.decorators
import time:      1456 |       1948 |                         IPython.core.history
import time:       279 |       2332 |                       IPython.core.displaypub
import time:       143 |        143 |                       IPython.core.events
import time:       170 |        170 |                       IPython.core.extensions
import time:        81 |         81 |                         IPython.utils.sentinel
import time:        63 |         63 |                         IPython.utils.dir2
import time:        66 |         66 |                         IPython.lib
import time:       433 |        433 |                         IPython.lib.pretty
import time:      1439 |       2080 |                       IPython.core.formatters
import time:       176 |        176 |                       IPython.core.payload
import time:       255 |        255 |                       IPython.core.profiledir
import time:       257 |        257 |                       IPython.core.tips
import time:        73 |         73 |                       IPython.core.usage
import time:        79 |         79 |                             IPython.testing
import time:        95 |        173 |                           IPython.testing.skipdoctest
import time:       919 |       1091 |                         IPython.core.display
import time:       274 |        274 |                         IPython.lib.display
import time:        85 |       1450 |                       IPython.display
import time:       120 |        120 |                         IPython.utils.capture
import time:       104 |        224 |                       IPython.utils.io
import time:       234 |        234 |                       IPython.utils.openpy
import time:        66 |         66 |                             IPython.utils.encoding
import time:        93 |        159 |                           IPython.utils._process_common
import time:        96 |        255 |                         IPython.utils._process_posix
import time:        93 |        347 |                       IPython.utils.process
import time:        79 |         79 |                       IPython.utils.strdispatch
import time:        66 |         66 |                       IPython.utils.syspathcontext
import time:       172 |        172 |                       IPython.core.async_helpers
import time:      1777 |      25304 |                     IPython.core.interactiveshell
import time:        56 |         56 |                       IPython.utils._sysinfo
import time:       120 |        176 |                     IPython.utils.sysinfo
import time:        56 |         56 |                     IPython.utils.frame
import time:       203 |      25946 |                   IPython
import time:        23 |      25968 |                 IPython.display
import time:       684 |        684 |                           pydantic_core._pydantic_core
import time:      5702 |       5702 |                           pydantic_core.core_schema
import time:       367 |       6751 |                         pydantic_core
import time:        86 |       6837 |                       pydantic.version
import time:       207 |       7044 |                     pydantic.warnings
import time:       199 |       7243 |                   pydantic._migration
import time:       119 |        119 |                       typing_inspection
import time:       879 |        879 |                       typing_inspection.typing_objects
import time:       581 |       1578 |                     typing_inspection.introspection
import time:       108 |        108 |                     pydantic._internal
import time:       265 |        265 |                         pydantic._internal._namespace_utils
import time:       319 |        583 |                       pydantic._internal._typing_extra
import time:       202 |        785 |                     pydantic._internal._repr
import time:       300 |       2769 |                   pydantic.errors
import time:       252 |      10263 |                 pydantic
import time:        57 |         57 |                     pydantic._internal._internal_dataclass
import time:       764 |        820 |                   pydantic.aliases
import time:       675 |        675 |                   pydantic.config
import time:       824 |       2319 |                 pydantic._internal._config
import time:       184 |        184 |                   pydantic._internal._core_utils
import time:        87 |         87 |                     pydantic._internal._import_utils
import time:       750 |        836 |                   pydantic._internal._utils
import time:      2398 |       3417 |                 pydantic._internal._decorators
import time:       343 |        343 |                     pydantic._internal._forward_ref
import time:       325 |        668 |                   pydantic._internal._generics
import time:       139 |        139 |                   pydantic._internal._docs_extraction
import time:       618 |       1424 |                 pydantic._internal._fields
import time:       411 |        411 |                     pydantic.plugin
import time:       228 |        638 |                   pydantic.plugin._schema_validator
import time:       243 |        881 |                 pydantic._internal._mock_val_ser
import time:       174 |        174 |                       zoneinfo._tzpath
import time:       186 |        186 |                       zoneinfo._common
import time:       248 |        248 |                       _zoneinfo
import time:       156 |        763 |                     zoneinfo
import time:       118 |        118 |                     pydantic.annotated_handlers
import time:      2273 |       2273 |                     pydantic.functional_validators
import time:       196 |        196 |                       pydantic._internal._core_metadata
import time:       130 |        130 |                       pydantic._internal._schema_generation_shared
import time:      1478 |       1803 |                     pydantic.json_schema
import time:       205 |        205 |                     pydantic._internal._discriminated_union
import time:       210 |        210 |                     pydantic._internal._known_annotated_metadata
import time:       436 |        436 |                     pydantic._internal._schema_gather
import time:      1005 |       6811 |                   pydantic._internal._generate_schema
import time:       150 |        150 |                   pydantic._internal._signature
import time:       437 |       7396 |                 pydantic._internal._model_construction
import time:      1062 |      52726 |               sglang.utils
import time:       389 |      54391 |             sglang.lang.interpreter
import time:       177 |      55896 |           sglang.lang.backend.base_backend
import time:       252 |      56218 |         sglang.lang.api
import time:       564 |        564 |                 multidict._abc
import time:       239 |        239 |                   multidict._multidict
import time:       114 |        353 |                 multidict._compat
import time:       179 |       1094 |               multidict
import time:       309 |       1403 |             aiohttp.hdrs
import time:       177 |        177 |                   attr._compat
import time:        77 |         77 |                     attr._config
import time:       148 |        148 |                       attr.exceptions
import time:        86 |        233 |                     attr.setters
import time:      2573 |       2883 |                   attr._make
import time:       167 |       3227 |                 attr.converters
import time:       117 |        117 |                 attr.filters
import time:      3132 |       3132 |                 attr.validators
import time:       134 |        134 |                 attr._cmp
import time:       112 |        112 |                 attr._funcs
import time:       126 |        126 |                 attr._next_gen
import time:       426 |        426 |                 attr._version_info
import time:       331 |       7602 |               attr
import time:       296 |        296 |                       yarl._quoting_c
import time:        75 |        370 |                     yarl._quoting
import time:        97 |        466 |                   yarl._quoters
import time:       222 |        688 |                 yarl._query
import time:       273 |        273 |                     propcache
import time:       217 |        217 |                       propcache._helpers_c
import time:        80 |        297 |                     propcache._helpers
import time:       131 |        700 |                   propcache.api
import time:       130 |        130 |                   yarl._parse
import time:        74 |         74 |                   yarl._path
import time:      1229 |       2132 |                 yarl._url
import time:       181 |       3000 |               yarl
import time:       347 |        347 |                   aiohttp.typedefs
import time:       232 |        578 |                 aiohttp.http_exceptions
import time:       540 |        540 |                     aiohttp.client_exceptions
import time:       171 |        171 |                       netrc
import time:      1299 |       1299 |                           email._header_value_parser
import time:       365 |       1663 |                         email.headerregistry
import time:       162 |        162 |                         email.contentmanager
import time:       220 |       2045 |                       email.policy
import time:        96 |         96 |                       aiohttp.log
import time:      2658 |       4969 |                     aiohttp.helpers
import time:       122 |        122 |                     aiohttp.tcp_helpers
import time:       144 |       5773 |                   aiohttp.base_protocol
import time:       170 |        170 |                     brotlicffi
import time:       102 |        102 |                     brotli
import time:       103 |        103 |                       backports
import time:         9 |        111 |                     backports.zstd
import time:       349 |        730 |                   aiohttp.compression_utils
import time:       858 |        858 |                       aiohttp._cookie_helpers
import time:       289 |       1146 |                     aiohttp.abc
import time:       205 |        205 |                     aiohttp._http_writer
import time:       451 |       1801 |                   aiohttp.http_writer
import time:       478 |        478 |                   aiohttp.streams
import time:       423 |        423 |                   aiohttp._http_parser
import time:      1182 |      10385 |                 aiohttp.http_parser
import time:        76 |         76 |                     aiohttp._websocket
import time:       684 |        684 |                     aiohttp._websocket.models
import time:       160 |        160 |                     aiohttp._websocket.mask
import time:       444 |       1362 |                   aiohttp._websocket.helpers
import time:       284 |        284 |                     aiohttp._websocket.reader_c
import time:       102 |        386 |                   aiohttp._websocket.reader
import time:       162 |        162 |                   aiohttp._websocket.writer
import time:       109 |       2018 |                 aiohttp.http_websocket
import time:       155 |      13135 |               aiohttp.http
import time:       950 |        950 |               aiohttp.payload
import time:       751 |        751 |                   aiohttp.multipart
import time:       153 |        153 |                   aiohttp.formdata
import time:      2200 |       3102 |                 aiohttp.client_reqrep
import time:       116 |       3218 |               aiohttp.client_middlewares
import time:       702 |        702 |               aiohttp.client_ws
import time:       114 |        114 |                     aiohappyeyeballs._staggered
import time:        71 |         71 |                     aiohappyeyeballs.types
import time:       186 |        371 |                   aiohappyeyeballs.impl
import time:        79 |         79 |                   aiohappyeyeballs.utils
import time:       165 |        613 |                 aiohappyeyeballs
import time:       221 |        221 |                 aiohttp.client_proto
import time:       148 |        148 |                   aiodns
import time:       238 |        385 |                 aiohttp.resolver
import time:     25798 |      27016 |               aiohttp.connector
import time:       820 |        820 |               aiohttp.cookiejar
import time:       262 |        262 |                     frozenlist._frozenlist
import time:       172 |        434 |                   frozenlist
import time:       334 |        767 |                 aiosignal
import time:      4310 |       5076 |               aiohttp.tracing
import time:      1250 |      62764 |             aiohttp.client
import time:       588 |        588 |             aiohttp.client_middleware_digest_auth
import time:       361 |        361 |             aiohttp.payload_streamer
import time:       301 |      65414 |           aiohttp
import time:       402 |      65816 |         sglang.lang.backend.runtime_endpoint
import time:       280 |        280 |           sglang._version
import time:        96 |        376 |         sglang.version
import time:      8365 |    3879172 |       sglang
import time:        28 |    3879199 |     sglang.srt
import time:        68 |    3879267 |   sglang.srt.managers
import time:        47 |         47 |   faulthandler
import time:       166 |        166 |     setproctitle._setproctitle
import time:       188 |        354 |   setproctitle
import time:       278 |        278 |             sglang.kernels.kernel_api_logging
import time:       400 |        400 |               sglang.kernels.spec
import time:        95 |        495 |             sglang.kernels.registry
import time:       354 |       1126 |           sglang.kernels.fused_op
import time:        98 |         98 |           sglang.kernels.selector
import time:      2570 |       2570 |           sglang.kernels.ops
import time:       112 |       3904 |         sglang.kernels
import time:         8 |       3911 |       sglang.kernels.ops
import time:         8 |       3918 |     sglang.kernels.ops.mamba
import time:        53 |         53 |         sglang.kernels.jit
import time:       105 |        105 |           sglang.kernels.jit.utils.common
import time:       610 |        715 |         sglang.kernels.jit.utils.arch
import time:       145 |        145 |           sglang.kernels.jit.utils.compile.cpp_args
import time:       105 |        105 |               sglang.kernels.jit.utils.compile.toolchain
import time:       184 |        184 |               sglang.kernels.jit.utils.compile.paths
import time:       132 |        132 |               sglang.kernels.jit.utils.compile.spec
import time:       210 |        630 |             sglang.kernels.jit.utils.compile.cache
import time:       114 |        114 |             sglang.kernels.jit.utils.compile.ninja
import time:        82 |         82 |             sglang.kernels.jit.utils.deps
import time:       149 |        972 |           sglang.kernels.jit.utils.compile.loader
import time:       107 |       1224 |         sglang.kernels.jit.utils.compile
import time:        97 |       2086 |       sglang.kernels.jit.utils
import time:      3192 |       5278 |     sglang.kernels.ops.mamba.triton_ops.mamba_ssm
import time:       411 |        411 |           einops._backends
import time:       148 |        148 |           einops.parsing
import time:       444 |       1002 |         einops.einops
import time:       163 |        163 |         einops.packing
import time:       157 |       1321 |       einops
import time:       908 |        908 |       sglang.kernels.ops.mamba.triton_ops.ssd_bmm
import time:      2401 |       2401 |       sglang.kernels.ops.mamba.triton_ops.ssd_chunk_scan
import time:      2801 |       2801 |       sglang.kernels.ops.mamba.triton_ops.ssd_chunk_state
import time:       966 |        966 |       sglang.kernels.ops.mamba.triton_ops.ssd_state_passing
import time:       175 |       8570 |     sglang.kernels.ops.mamba.triton_ops.ssd_combined
import time:       177 |        177 |     sglang.kernels.ops.mamba.triton_ops.ssu_dispatch
import time:       108 |      18049 |   sglang.kernels.ops.mamba.triton_ops
import time:       241 |        241 |         sglang.srt.beam_search.fork
import time:        96 |         96 |         sglang.srt.beam_search.history
import time:       114 |        114 |         sglang.srt.beam_search.joint_select
import time:       344 |        793 |       sglang.srt.beam_search.beam_group
import time:        89 |        882 |     sglang.srt.beam_search
import time:        55 |         55 |       sglang.srt.layers
import time:       357 |        357 |       sglang.srt.arg_groups.model_override_base
import time:       277 |        277 |             multiprocessing.shared_memory
import time:        52 |         52 |               sglang.srt.compilation
import time:       121 |        172 |             sglang.srt.compilation.compilation_config
import time:       638 |        638 |             sglang.srt.distributed.utils
import time:        59 |         59 |                 sglang.srt.model_executor
import time:       116 |        175 |               sglang.srt.model_executor.runner_backend_utils
import time:       688 |        688 |                 sglang.srt.model_executor.cuda_graph_config
import time:       584 |       1271 |               sglang.srt.model_executor.runner_backend_utils.tc_piecewise_cuda_graph.context_manager
import time:        96 |       1540 |             sglang.srt.model_executor.runner_backend_utils.tc_piecewise_cuda_graph
import time:       162 |        162 |             sglang.srt.utils.custom_op
import time:       174 |        174 |             sglang.srt.utils.stale_shm_cleanup
import time:       136 |        136 |             torchada
import time:      3040 |       6136 |           sglang.srt.distributed.parallel_state
import time:       153 |       6288 |         sglang.srt.distributed.communication_op
import time:       102 |       6389 |       sglang.srt.distributed
import time:        64 |         64 |         sglang.srt.distributed.device_communicators
import time:       243 |        307 |       sglang.srt.distributed.device_communicators.pynccl_allocator
import time:       417 |        417 |       sglang.kernels.ops.memory.memcpy_triton
import time:      1040 |       8564 |     sglang.srt.layers.dp_attention
import time:       459 |        459 |       sglang.kernels.ops.speculative.gather_spec_extras
import time:      1590 |       1590 |       torch._inductor.compiler_bisector
import time:        98 |         98 |         torch._dynamo.repro
import time:        65 |         65 |                   torch._functorch.python_key
import time:       126 |        191 |                 functorch
import time:       492 |        492 |                     torch._dynamo.precompile_context
import time:      1009 |       1009 |                       torch._inductor.metrics
import time:       109 |        109 |                         torch._inductor.codegen
import time:      4733 |       4733 |                           torch._inductor.ops_handler
import time:       320 |        320 |                           torch._inductor.virtualized
import time:       449 |       5501 |                         torch._inductor.dtype_propagation
import time:       262 |        262 |                         torch._inductor.shape_propagation
import time:       229 |        229 |                         sympy.assumptions.wrapper
import time:      5320 |      11419 |                       torch._inductor.codegen.common
import time:       109 |        109 |                       torch._inductor.codegen.cuda
import time:       104 |        104 |                         torch._inductor.codegen.cuda.cuda_env
import time:       312 |        416 |                       torch._inductor.codegen.cuda.compile_utils
import time:        80 |         80 |                         torch._inductor.codegen.rocm
import time:       181 |        261 |                       torch._inductor.codegen.rocm.compile_command
import time:        68 |         68 |                         torch._inductor.compile_worker
import time:       122 |        189 |                       torch._inductor.compile_worker.utils
import time:        77 |         77 |                       torch._inductor.freezing_utils
import time:        90 |         90 |                       torch._inductor.runtime.compile_tasks
import time:        73 |         73 |                             torch._export.serde
import time:       171 |        171 |                               torch._export.serde.union
import time:     13719 |      13889 |                             torch._export.serde.schema
import time:       191 |        191 |                                       torch._export.error
import time:        76 |         76 |                                           torch._export.pass_infra
import time:       130 |        205 |                                         torch._export.pass_infra.node_metadata
import time:       134 |        134 |                                         torch._export.pass_infra.proxy_value
import time:       296 |        634 |                                       torch._export.pass_base
import time:       183 |       1006 |                                     torch._export.passes.replace_view_ops_with_view_copy_ops_pass
import time:       109 |       1115 |                                   torch._export.passes
import time:       331 |       1445 |                                 torch._export.passes.lift_constants_pass
import time:       534 |       1979 |                               torch._export.non_strict_utils
import time:      3020 |       4998 |                             torch._export.serde.serialize
import time:       166 |        166 |                             torch.export.pt2_archive._package_weights
import time:        85 |         85 |                             torch.export.pt2_archive.constants
import time:       701 |      19910 |                           torch.export.pt2_archive._package
import time:        77 |      19987 |                         torch.export.pt2_archive
import time:        11 |      19997 |                       torch.export.pt2_archive._package_weights
import time:      1458 |       1458 |                         torch.fx._graph_pickler
import time:       152 |        152 |                             redis
import time:       897 |       1049 |                           torch._inductor.remote_cache
import time:       176 |        176 |                             triton.language.extra.libdevice
import time:       182 |        358 |                           torch._inductor.runtime.triton_compat
import time:       642 |       2048 |                         torch._inductor.runtime.autotune_cache
import time:      2097 |       5602 |                       torch._inductor.output_code
import time:       123 |        123 |                         torch.utils._filelock
import time:      2137 |       2260 |                       torch._inductor.triton_bundler
import time:      3153 |      44576 |                     torch._inductor.codecache
import time:      2865 |       2865 |                     torch._functorch._aot_autograd.aot_autograd_result
import time:       633 |      48565 |                   torch._functorch._aot_autograd.autograd_cache
import time:       206 |        206 |                   torch._functorch._aot_autograd.frontend_utils
import time:       360 |        360 |                       torch.utils._sympy.reference
import time:       230 |        589 |                     torch.fx.passes._tensorify_python_scalars
import time:       122 |        122 |                             torch.utils.module_tracker
import time:       906 |       1027 |                           torch.utils.flop_counter
import time:       499 |       1525 |                         torch.utils._runtime_estimation
import time:       197 |        197 |                         torch._functorch._aot_autograd.indexed_dict
import time:       175 |       1897 |                       torch._functorch._aot_autograd.streams
import time:       226 |       2123 |                     torch._functorch._aot_autograd.graph_capture
import time:      1085 |       3796 |                   torch._functorch._aot_autograd.graph_compile
import time:      7969 |       7969 |                     torch._inductor.inductor_prims
import time:       114 |        114 |                       torch._functorch._activation_checkpointing
import time:       181 |        295 |                     torch._functorch._activation_checkpointing.ac_logging_utils
import time:       139 |        139 |                         networkx.lazy_imports
import time:       185 |        185 |                         networkx.exception
import time:       200 |        200 |                           networkx.utils.misc
import time:       440 |        440 |                           networkx.utils.decorators
import time:       137 |        137 |                           networkx.utils.random_sequence
import time:        89 |         89 |                           networkx.utils.union_find
import time:        81 |         81 |                           networkx.utils.rcm
import time:       144 |        144 |                           networkx.utils.heaps
import time:       356 |        356 |                           networkx.utils.configs
import time:      9409 |       9409 |                           networkx.utils.backends
import time:       118 |      10971 |                         networkx.utils
import time:       194 |        194 |                             networkx.convert
import time:       350 |        350 |                             networkx.classes.coreviews
import time:       590 |        590 |                             networkx.classes.reportviews
import time:       304 |       1437 |                           networkx.classes.graph
import time:       224 |        224 |                           networkx.classes.digraph
import time:       168 |        168 |                           networkx.classes.multigraph
import time:       160 |        160 |                           networkx.classes.multidigraph
import time:       350 |        350 |                           networkx.classes.function
import time:       102 |        102 |                             networkx.classes.filters
import time:       104 |        206 |                           networkx.classes.graphviews
import time:       158 |       2700 |                         networkx.classes
import time:       246 |        246 |                         networkx.convert_matrix
import time:       113 |        113 |                         networkx.relabel
import time:       197 |        197 |                           networkx.generators.atlas
import time:       357 |        357 |                           networkx.generators.classic
import time:        89 |         89 |                           networkx.generators.cographs
import time:       228 |        228 |                           networkx.generators.community
import time:       218 |        218 |                           networkx.generators.degree_seq
import time:       230 |        230 |                           networkx.generators.directed
import time:       103 |        103 |                           networkx.generators.duplication
import time:        72 |         72 |                           networkx.generators.ego
import time:       152 |        152 |                           networkx.generators.expanders
import time:       231 |        231 |                           networkx.generators.geometric
import time:        88 |         88 |                           networkx.generators.harary_graph
import time:       143 |        143 |                           networkx.generators.internet_as_graphs
import time:       149 |        149 |                           networkx.generators.intersection
import time:        72 |         72 |                           networkx.generators.interval_graph
import time:       147 |        147 |                           networkx.generators.joint_degree_seq
import time:       157 |        157 |                           networkx.generators.lattice
import time:       143 |        143 |                           networkx.generators.line
import time:        87 |         87 |                           networkx.generators.mycielski
import time:       102 |        102 |                           networkx.generators.nonisomorphic_trees
import time:        74 |         74 |                           networkx.generators.random_clustered
import time:       389 |        389 |                           networkx.generators.random_graphs
import time:       336 |        336 |                           networkx.generators.small
import time:       173 |        173 |                           networkx.generators.social
import time:        90 |         90 |                           networkx.generators.spectral_graph_forge
import time:        80 |         80 |                           networkx.generators.stochastic
import time:        71 |         71 |                           networkx.generators.sudoku
import time:        67 |         67 |                           networkx.generators.time_series
import time:       218 |        218 |                           networkx.generators.trees
import time:        81 |         81 |                           networkx.generators.triads
import time:       199 |       4729 |                         networkx.generators
import time:       137 |        137 |                           networkx.readwrite.adjlist
import time:       102 |        102 |                           networkx.readwrite.multiline_adjlist
import time:       173 |        173 |                           networkx.readwrite.edgelist
import time:       118 |        118 |                           networkx.readwrite.pajek
import time:        82 |         82 |                           networkx.readwrite.leda
import time:       120 |        120 |                             networkx.readwrite.graph6
import time:       112 |        231 |                           networkx.readwrite.sparse6
import time:       478 |        478 |                           networkx.readwrite.gml
import time:       769 |        769 |                           networkx.readwrite.graphml
import time:       302 |        302 |                           networkx.readwrite.gexf
import time:       121 |        121 |                             networkx.readwrite.json_graph.node_link
import time:        88 |         88 |                             networkx.readwrite.json_graph.adjacency
import time:        74 |         74 |                             networkx.readwrite.json_graph.tree
import time:        73 |         73 |                             networkx.readwrite.json_graph.cytoscape
import time:        91 |        445 |                           networkx.readwrite.json_graph
import time:       217 |        217 |                           networkx.readwrite.text
import time:       124 |       3172 |                         networkx.readwrite
import time:       113 |        113 |                             networkx.algorithms.assortativity.connectivity
import time:       195 |        195 |                                 networkx.algorithms.assortativity.pairs
import time:       152 |        347 |                               networkx.algorithms.assortativity.mixing
import time:       109 |        455 |                             networkx.algorithms.assortativity.correlation
import time:        85 |         85 |                             networkx.algorithms.assortativity.neighbor_degree
import time:       141 |        793 |                           networkx.algorithms.assortativity
import time:       108 |        108 |                           networkx.algorithms.asteroidal
import time:        84 |         84 |                           networkx.algorithms.boundary
import time:       111 |        111 |                           networkx.algorithms.broadcasting
import time:       101 |        101 |                           networkx.algorithms.bridges
import time:        86 |         86 |                           networkx.algorithms.chains
import time:       236 |        236 |                                   networkx.algorithms.shortest_paths.generic
import time:       140 |        140 |                                   networkx.algorithms.shortest_paths.unweighted
import time:       352 |        352 |                                   networkx.algorithms.shortest_paths.weighted
import time:       159 |        159 |                                   networkx.algorithms.shortest_paths.astar
import time:       106 |        106 |                                   networkx.algorithms.shortest_paths.dense
import time:       128 |       1119 |                                 networkx.algorithms.shortest_paths
import time:        12 |       1131 |                               networkx.algorithms.shortest_paths.weighted
import time:       193 |       1323 |                             networkx.algorithms.centrality.betweenness
import time:       111 |        111 |                             networkx.algorithms.centrality.betweenness_subset
import time:        91 |         91 |                             networkx.algorithms.centrality.closeness
import time:       183 |        183 |                               networkx.algorithms.centrality.flow_matrix
import time:       128 |        310 |                             networkx.algorithms.centrality.current_flow_betweenness
import time:       103 |        103 |                             networkx.algorithms.centrality.current_flow_betweenness_subset
import time:        79 |         79 |                             networkx.algorithms.centrality.current_flow_closeness
import time:       103 |        103 |                             networkx.algorithms.centrality.degree_alg
import time:        73 |         73 |                             networkx.algorithms.centrality.dispersion
import time:       101 |        101 |                             networkx.algorithms.centrality.eigenvector
import time:       233 |        233 |                             networkx.algorithms.centrality.group
import time:        74 |         74 |                             networkx.algorithms.centrality.harmonic
import time:       109 |        109 |                             networkx.algorithms.centrality.katz
import time:        87 |         87 |                             networkx.algorithms.centrality.load
import time:        78 |         78 |                             networkx.algorithms.centrality.percolation
import time:        86 |         86 |                             networkx.algorithms.centrality.reaching
import time:        91 |         91 |                             networkx.algorithms.centrality.second_order
import time:       113 |        113 |                             networkx.algorithms.centrality.subgraph_alg
import time:       105 |        105 |                             networkx.algorithms.centrality.trophic
import time:        73 |         73 |                             networkx.algorithms.centrality.voterank_alg
import time:        76 |         76 |                             networkx.algorithms.centrality.laplacian
import time:       137 |       3547 |                           networkx.algorithms.centrality
import time:       259 |        259 |                               networkx.algorithms.components.connected
import time:       204 |        204 |                               networkx.algorithms.components.strongly_connected
import time:       133 |        133 |                               networkx.algorithms.components.weakly_connected
import time:       123 |        123 |                               networkx.algorithms.components.attracting
import time:       170 |        170 |                               networkx.algorithms.components.biconnected
import time:       113 |        113 |                               networkx.algorithms.components.semiconnected
import time:        93 |       1092 |                             networkx.algorithms.components
import time:       165 |       1257 |                           networkx.algorithms.chordal
import time:       269 |        269 |                           networkx.algorithms.cluster
import time:       226 |        226 |                           networkx.algorithms.clique
import time:        95 |         95 |                           networkx.algorithms.communicability_alg
import time:       200 |        200 |                             networkx.algorithms.coloring.greedy_coloring
import time:       149 |        149 |                             networkx.algorithms.coloring.equitable_coloring
import time:        80 |        427 |                           networkx.algorithms.coloring
import time:       217 |        217 |                           networkx.algorithms.core
import time:       104 |        104 |                           networkx.algorithms.covering
import time:       278 |        278 |                           networkx.algorithms.cycles
import time:       126 |        126 |                           networkx.algorithms.cuts
import time:       136 |        136 |                           networkx.algorithms.d_separation
import time:       353 |        353 |                           networkx.algorithms.dag
import time:       218 |        218 |                           networkx.algorithms.distance_measures
import time:       160 |        160 |                           networkx.algorithms.distance_regular
import time:        91 |         91 |                           networkx.algorithms.dominance
import time:       102 |        102 |                           networkx.algorithms.dominating
import time:        98 |         98 |                           networkx.algorithms.efficiency_measures
import time:       141 |        141 |                           networkx.algorithms.euler
import time:       129 |        129 |                           networkx.algorithms.graphical
import time:        70 |         70 |                           networkx.algorithms.hierarchy
import time:        85 |         85 |                           networkx.algorithms.hybrid
import time:       126 |        126 |                             networkx.algorithms.link_analysis.hits_alg
import time:       110 |        110 |                             networkx.algorithms.link_analysis.pagerank_alg
import time:        71 |        307 |                           networkx.algorithms.link_analysis
import time:       232 |        232 |                           networkx.algorithms.link_prediction
import time:       127 |        127 |                           networkx.algorithms.lowest_common_ancestors
import time:        79 |         79 |                           networkx.algorithms.isolate
import time:       209 |        209 |                           networkx.algorithms.matching
import time:       219 |        219 |                             networkx.algorithms.minors.contraction
import time:        81 |        300 |                           networkx.algorithms.minors
import time:        80 |         80 |                           networkx.algorithms.mis
import time:        74 |         74 |                           networkx.algorithms.moral
import time:        79 |         79 |                           networkx.algorithms.non_randomness
import time:       143 |        143 |                             networkx.algorithms.operators.all
import time:       134 |        134 |                             networkx.algorithms.operators.binary
import time:       189 |        189 |                             networkx.algorithms.operators.product
import time:        81 |         81 |                             networkx.algorithms.operators.unary
import time:        79 |        625 |                           networkx.algorithms.operators
import time:       852 |        852 |                           networkx.algorithms.planarity
import time:       117 |        117 |                           networkx.algorithms.planar_drawing
import time:        93 |         93 |                           networkx.algorithms.polynomials
import time:        79 |         79 |                           networkx.algorithms.perfect_graph
import time:        87 |         87 |                           networkx.algorithms.reciprocity
import time:       109 |        109 |                           networkx.algorithms.regular
import time:        88 |         88 |                           networkx.algorithms.richclub
import time:    179500 |     179500 |                           networkx.algorithms.similarity
import time:       382 |        382 |                           networkx.algorithms.graph_hashing
import time:       270 |        270 |                           networkx.algorithms.simple_paths
import time:       188 |        188 |                           networkx.algorithms.smallworld
import time:        76 |         76 |                           networkx.algorithms.smetric
import time:       148 |        148 |                           networkx.algorithms.structuralholes
import time:       117 |        117 |                           networkx.algorithms.sparsifiers
import time:       220 |        220 |                           networkx.algorithms.summarization
import time:       137 |        137 |                           networkx.algorithms.swap
import time:       103 |        103 |                           networkx.algorithms.time_dependent
import time:       149 |        149 |                             networkx.algorithms.traversal.beamsearch
import time:       155 |        155 |                             networkx.algorithms.traversal.breadth_first_search
import time:       128 |        128 |                             networkx.algorithms.traversal.depth_first_search
import time:        85 |         85 |                             networkx.algorithms.traversal.edgedfs
import time:        73 |         73 |                             networkx.algorithms.traversal.edgebfs
import time:       108 |        697 |                           networkx.algorithms.traversal
import time:       177 |        177 |                           networkx.algorithms.triads
import time:       134 |        134 |                           networkx.algorithms.vitality
import time:        76 |         76 |                           networkx.algorithms.voronoi
import time:        69 |         69 |                           networkx.algorithms.walks
import time:       121 |        121 |                           networkx.algorithms.wiener
import time:       164 |        164 |                             networkx.algorithms.approximation.clustering_coefficient
import time:       124 |        124 |                               networkx.algorithms.approximation.ramsey
import time:       146 |        270 |                             networkx.algorithms.approximation.clique
import time:       131 |        131 |                             networkx.algorithms.approximation.connectivity
import time:        80 |         80 |                             networkx.algorithms.approximation.distance_measures
import time:       106 |        106 |                             networkx.algorithms.approximation.dominating_set
import time:       314 |        314 |                             networkx.algorithms.approximation.kcomponents
import time:        84 |         84 |                             networkx.algorithms.approximation.matching
import time:       151 |        151 |                             networkx.algorithms.approximation.steinertree
import time:       117 |        117 |                                     networkx.algorithms.tree.recognition
import time:       906 |       1022 |                                   networkx.algorithms.tree.branchings
import time:       229 |        229 |                                   networkx.algorithms.tree.coding
import time:       104 |        104 |                                   networkx.algorithms.tree.distance_measures
import time:       840 |        840 |                                   networkx.algorithms.tree.mst
import time:       129 |        129 |                                   networkx.algorithms.tree.operations
import time:        98 |         98 |                                   networkx.algorithms.tree.decomposition
import time:       164 |       2584 |                                 networkx.algorithms.tree
import time:        21 |       2605 |                               networkx.algorithms.tree.mst
import time:       324 |       2928 |                             networkx.algorithms.approximation.traveling_salesman
import time:       242 |        242 |                             networkx.algorithms.approximation.treewidth
import time:       103 |        103 |                             networkx.algorithms.approximation.vertex_cover
import time:       113 |        113 |                             networkx.algorithms.approximation.maxcut
import time:       133 |        133 |                             networkx.algorithms.approximation.density
import time:       132 |       4945 |                           networkx.algorithms.approximation
import time:       193 |        193 |                             networkx.algorithms.bipartite.basic
import time:       112 |        112 |                             networkx.algorithms.bipartite.centrality
import time:       116 |        116 |                             networkx.algorithms.bipartite.cluster
import time:       111 |        111 |                                 networkx.algorithms.bipartite.matrix
import time:       193 |        304 |                               networkx.algorithms.bipartite.matching
import time:        84 |        387 |                             networkx.algorithms.bipartite.covering
import time:       203 |        203 |                             networkx.algorithms.bipartite.edgelist
import time:       176 |        176 |                             networkx.algorithms.bipartite.projection
import time:        83 |         83 |                             networkx.algorithms.bipartite.redundancy
import time:        73 |         73 |                             networkx.algorithms.bipartite.spectral
import time:       206 |        206 |                             networkx.algorithms.bipartite.generators
import time:        90 |         90 |                             networkx.algorithms.bipartite.extendability
import time:       112 |        112 |                             networkx.algorithms.bipartite.link_analysis
import time:       129 |       1874 |                           networkx.algorithms.bipartite
import time:       106 |        106 |                           networkx.algorithms.node_classification
import time:       135 |        135 |                             networkx.algorithms.community.asyn_fluid
import time:       211 |        211 |                             networkx.algorithms.community.bipartitions
import time:       105 |        105 |                             networkx.algorithms.community.centrality
import time:        91 |         91 |                             networkx.algorithms.community.divisive
import time:        76 |         76 |                             networkx.algorithms.community.kclique
import time:       136 |        136 |                             networkx.algorithms.community.label_propagation
import time:       131 |        131 |                             networkx.algorithms.community.lukes
import time:        69 |         69 |                                 networkx.algorithms.community.community_utils
import time:       199 |        268 |                               networkx.algorithms.community.quality
import time:       145 |        145 |                               networkx.utils.mapped_queue
import time:       133 |        545 |                             networkx.algorithms.community.modularity_max
import time:       171 |        171 |                             networkx.algorithms.community.louvain
import time:       209 |        209 |                             networkx.algorithms.community.leiden
import time:        85 |         85 |                             networkx.algorithms.community.local
import time:       113 |       2003 |                           networkx.algorithms.community
import time:       157 |        157 |                                 networkx.algorithms.flow.utils
import time:       148 |        304 |                               networkx.algorithms.flow.boykovkolmogorov
import time:       124 |        124 |                               networkx.algorithms.flow.dinitz_alg
import time:       107 |        107 |                               networkx.algorithms.flow.edmondskarp
import time:       154 |        154 |                               networkx.algorithms.flow.preflowpush
import time:       119 |        119 |                               networkx.algorithms.flow.shortestaugmentingpath
import time:       180 |        984 |                             networkx.algorithms.flow.maxflow
import time:       122 |        122 |                             networkx.algorithms.flow.mincost
import time:        86 |         86 |                             networkx.algorithms.flow.gomory_hu
import time:       133 |        133 |                             networkx.algorithms.flow.capacityscaling
import time:       248 |        248 |                             networkx.algorithms.flow.networksimplex
import time:       101 |       1672 |                           networkx.algorithms.flow
import time:       185 |        185 |                             networkx.algorithms.isomorphism.isomorph
import time:       218 |        218 |                               networkx.algorithms.isomorphism.isomorphvf2
import time:       132 |        349 |                             networkx.algorithms.isomorphism.vf2userfunc
import time:       138 |        138 |                             networkx.algorithms.isomorphism.matchhelpers
import time:       119 |        119 |                             networkx.algorithms.isomorphism.temporalisomorphvf2
import time:       270 |        270 |                             networkx.algorithms.isomorphism.ismags
import time:       202 |        202 |                             networkx.algorithms.isomorphism.tree_isomorphism
import time:       418 |        418 |                             networkx.algorithms.isomorphism.vf2pp
import time:       107 |       1785 |                           networkx.algorithms.isomorphism
import time:       194 |        194 |                           networkx.algorithms.tournament
import time:       121 |        121 |                               networkx.algorithms.connectivity.utils
import time:       203 |        324 |                             networkx.algorithms.connectivity.connectivity
import time:       198 |        198 |                             networkx.algorithms.connectivity.cuts
import time:       369 |        369 |                             networkx.algorithms.connectivity.edge_augmentation
import time:       188 |        188 |                             networkx.algorithms.connectivity.edge_kcomponents
import time:       752 |        752 |                             networkx.algorithms.connectivity.disjoint_paths
import time:       114 |        114 |                             networkx.algorithms.connectivity.kcomponents
import time:       109 |        109 |                             networkx.algorithms.connectivity.kcutsets
import time:        94 |         94 |                             networkx.algorithms.connectivity.stoerwagner
import time:       115 |       2258 |                           networkx.algorithms.connectivity
import time:       606 |     210771 |                         networkx.algorithms
import time:       163 |        163 |                           networkx.linalg.attrmatrix
import time:       103 |        103 |                           networkx.linalg.spectrum
import time:        82 |         82 |                           networkx.linalg.graphmatrix
import time:       128 |        128 |                           networkx.linalg.laplacianmatrix
import time:       218 |        218 |                           networkx.linalg.algebraicconnectivity
import time:       158 |        158 |                           networkx.linalg.modularitymatrix
import time:        81 |         81 |                           networkx.linalg.bethehessianmatrix
import time:       145 |       1075 |                         networkx.linalg
import time:       355 |        355 |                           networkx.drawing.layout
import time:       112 |        112 |                           networkx.drawing.nx_latex
import time:       410 |        410 |                           networkx.drawing.nx_pylab
import time:       140 |        140 |                           networkx.drawing.nx_agraph
import time:       210 |        210 |                           networkx.drawing.nx_pydot
import time:       113 |       1338 |                         networkx.drawing
import time:      8480 |     243913 |                       networkx
import time:       258 |     244170 |                     torch._functorch._activation_checkpointing.graph_info_provider
import time:       143 |        143 |                     torch._functorch._activation_checkpointing.knapsack
import time:       135 |        135 |                     torch._functorch._activation_checkpointing.knapsack_evaluator
import time:       437 |        437 |                     torch._functorch.compile_utils
import time:      1945 |     255091 |                   torch._functorch.partitioners
import time:       453 |     308108 |                 torch._functorch.aot_autograd
import time:      1100 |       1100 |                 torch._functorch.compilers
import time:       802 |        802 |                 torch._functorch.fx_minifier
import time:       150 |     310349 |               functorch.compile
import time:       199 |        199 |               torch._dynamo.backends.common
import time:       735 |     311282 |             torch._dynamo.backends.debugging
import time:       607 |     311889 |           torch._dynamo.testing
import time:       419 |     312307 |         torch._dynamo.debug_utils
import time:       306 |     312709 |       torch._dynamo.repro.after_dynamo
import time:       198 |        198 |             multiprocessing.queues
import time:       343 |        540 |           concurrent.futures.process
import time:        63 |         63 |             torch._thread_safe_fork
import time:        96 |         96 |             torch._inductor.compile_worker.timer
import time:       674 |        674 |             torch._inductor.compile_worker.tracked_process_pool
import time:       529 |       1360 |           torch._inductor.compile_worker.subproc_pool
import time:       576 |       2475 |         torch._inductor.async_compile
import time:       473 |        473 |         torch._dynamo.repro.after_aot
import time:       557 |        557 |         torch._functorch._aot_autograd.subclass_parametrization
import time:      2876 |       2876 |             torch._inductor.dependencies
import time:       827 |        827 |             torch._inductor.loop_body
import time:       507 |        507 |             torch._inductor.runtime.benchmarking
import time:     22200 |      26408 |           torch._inductor.ir
import time:      1109 |       1109 |             torch._inductor.autotune_process
import time:       489 |        489 |               torch._inductor.config_comms
import time:      1991 |       1991 |               torch._inductor.memory
import time:      1296 |       3775 |             torch._inductor.comms
import time:       540 |        540 |                 torch._inductor.sizevars
import time:       911 |       1451 |               torch._inductor.index_propagation
import time:       421 |       1871 |             torch._inductor.analyze_preserves_zero_mask
import time:       550 |        550 |             torch._inductor.comm_analysis
import time:       196 |        196 |             torch._inductor.fx_utils
import time:      4615 |      12114 |           torch._inductor.scheduler
import time:      1087 |      39609 |         torch._inductor.debug
import time:       208 |        208 |         torch.fx.passes.fake_tensor_prop
import time:       211 |        211 |             torch._inductor.await_utils
import time:      1913 |       1913 |             torch._inductor.codegen.simd_kernel_features
import time:       256 |        256 |             torch._inductor.codegen.subgraph
import time:      5022 |       5022 |                 torch._inductor.runtime.triton_helpers
import time:       200 |        200 |                 torch._inductor.runtime.coordinate_descent_tuner
import time:       238 |        238 |                 torch._inductor.runtime.static_triton_launcher
import time:      1737 |       7195 |               torch._inductor.runtime.triton_heuristics
import time:       632 |        632 |               torch._inductor.wrapper_benchmark
import time:       260 |        260 |               torch._inductor.codegen.block_analysis
import time:      1679 |       1679 |                 torch._inductor.tiling_utils
import time:       141 |        141 |                 torch._inductor.optimize_indexing
import time:       452 |        452 |                 torch._inductor.codegen.multi_kernel
import time:      2162 |       4434 |               torch._inductor.codegen.simd
import time:       168 |        168 |               torch._inductor.codegen.triton_utils
import time:       244 |        244 |                 torch._inductor.codegen.debug_utils
import time:       501 |        501 |                 torch._inductor.codegen.cpp_utils
import time:       334 |        334 |                 torch._inductor.codegen.custom_extern_kernel_codegen
import time:      6065 |       7142 |               torch._inductor.codegen.wrapper
import time:      5467 |      25294 |             torch._inductor.codegen.triton
import time:       902 |        902 |                       torch.ao.quantization.backend_config.backend_config
import time:       383 |        383 |                         torch.ao.quantization.backend_config._common_operator_config_utils
import time:       121 |        121 |                         torch.ao.quantization.backend_config.qnnpack
import time:       192 |        694 |                       torch.ao.quantization.backend_config.executorch
import time:        85 |         85 |                       torch.ao.quantization.backend_config.fbgemm
import time:        85 |         85 |                       torch.ao.quantization.backend_config.native
import time:       236 |        236 |                       torch.ao.quantization.backend_config.onednn
import time:        79 |         79 |                       torch.ao.quantization.backend_config.tensorrt
import time:       124 |       2203 |                     torch.ao.quantization.backend_config
import time:       179 |        179 |                     torch.ao.quantization.backend_config.utils
import time:      1675 |       1675 |                     torch.ao.quantization.fx._decomposed
import time:       170 |        170 |                       torch.ao.quantization.fx.graph_module
import time:       644 |        644 |                         torch.ao.quantization.fx.custom_config
import time:       774 |       1417 |                       torch.ao.quantization.fx.utils
import time:       384 |       1970 |                     torch.ao.quantization.fx._equalize
import time:      1279 |       1279 |                       torch.ao.quantization.fx._lower_to_native_backend
import time:       109 |       1388 |                     torch.ao.quantization.fx.lower_to_fbgemm
import time:       156 |        156 |                     torch.ao.quantization.fx.qconfig_mapping_utils
import time:       478 |       8046 |                   torch.ao.quantization.fx.convert
import time:       252 |        252 |                         torch.ao.quantization.fx.quantize_handler
import time:       129 |        380 |                       torch.ao.quantization.fx.match_utils
import time:       122 |        502 |                     torch.ao.quantization.fx.fuse_handler
import time:        96 |         96 |                     torch.ao.quantization.fx.pattern_utils
import time:       115 |        712 |                   torch.ao.quantization.fx.fuse
import time:       364 |        364 |                   torch.ao.quantization.fx.prepare
import time:       131 |       9251 |                 torch.ao.quantization.fx
import time:        18 |       9269 |               torch.ao.quantization.fx._decomposed
import time:     91992 |      91992 |               torch._inductor.decomposition
import time:       231 |        231 |                 torch._inductor.fx_passes
import time:       403 |        634 |               torch._inductor.fx_passes.control_dependencies
import time:       284 |        284 |               torch._inductor.comm_lowering
import time:       272 |        272 |                     torch._inductor.kernel.flex.common
import time:      3856 |       3856 |                             torch._inductor.codegen.cpp
import time:       559 |       4414 |                           torch._inductor.codegen.cpp_template_kernel
import time:       248 |       4662 |                         torch._inductor.codegen.cpp_template
import time:       259 |       4921 |                       torch._inductor.codegen.cpp_flex_attention_template
import time:       162 |       5082 |                     torch._inductor.kernel.flex.flex_cpu
import time:       182 |        182 |                       encodings.unicode_escape
import time:      8420 |       8601 |                     torch._inductor.kernel.flex.flex_decoding
import time:       227 |        227 |                               torch._inductor.codegen.cutedsl.cutedsl_op_overrides
import time:       694 |        920 |                             torch._inductor.codegen.cutedsl.cutedsl_kernel
import time:       298 |       1217 |                           torch._inductor.codegen.cutedsl.cutedsl_template
import time:       106 |       1323 |                         torch._inductor.codegen.cutedsl
import time:        12 |       1335 |                       torch._inductor.codegen.cutedsl.cutedsl_template
import time:     10370 |      11704 |                     torch._inductor.kernel.flex.flex_flash_attention
import time:     20077 |      45734 |                   torch._inductor.kernel.flex.flex_attention
import time:       145 |      45878 |                 torch._inductor.kernel.flex
import time:        85 |         85 |                     torch._inductor.autoheuristic
import time:       184 |        184 |                     torch._inductor.autoheuristic.autoheuristic_utils
import time:       148 |        148 |                       torch._inductor.autoheuristic.learnedheuristic_interface
import time:       113 |        261 |                     torch._inductor.autoheuristic.learned_heuristic_controller
import time:       307 |        835 |                   torch._inductor.autoheuristic.autoheuristic
import time:       229 |        229 |                     torch._inductor.kernel.mm_common
import time:       908 |        908 |                     torch._inductor.codegen.cpp_micro_gemm
import time:       602 |       1738 |                   torch._inductor.codegen.cpp_gemm_template
import time:       109 |        109 |                   torch._inductor.remote_gemm_autotune_cache
import time:        76 |         76 |                     torch._inductor.codegen.cutlass
import time:       634 |        634 |                         torch._inductor.codegen.cutlass.utils
import time:       257 |        891 |                       torch._inductor.codegen.cutlass.serialization
import time:       127 |       1017 |                     torch._inductor.codegen.cutlass.cache
import time:        77 |         77 |                         torch._inductor.codegen.aoti_hipify_utils
import time:       854 |        931 |                       torch._inductor.codegen.cpp_wrapper_cpu
import time:       979 |       1910 |                     torch._inductor.codegen.cutlass.kernel
import time:       273 |        273 |                     torch._inductor.codegen.cutlass.python_evt
import time:       744 |        744 |                     torch._inductor.codegen.cutlass.template
import time:       645 |       4663 |                   torch._inductor.codegen.cutlass.gemm_template
import time:       124 |        124 |                         torch._inductor.codegen.rocm.rocm_benchmark_request
import time:       110 |        110 |                           torch._inductor.codegen.rocm.rocm_template_buffer
import time:        59 |         59 |                           torch._inductor.codegen.rocm.rocm_utils
import time:       313 |        481 |                         torch._inductor.codegen.rocm.rocm_kernel
import time:       618 |       1222 |                       torch._inductor.codegen.rocm.rocm_template
import time:       111 |       1333 |                     torch._inductor.codegen.rocm.ck_tile_template
import time:       883 |       2215 |                   torch._inductor.codegen.rocm.ck_tile_universal_gemm_template
import time:       104 |        104 |                     torch._inductor.codegen.rocm.ck_template
import time:       212 |        212 |                     ck4inductor
import time:       365 |        679 |                   torch._inductor.codegen.rocm.ck_universal_gemm_template
import time:       179 |        179 |                   torch._inductor.kernel_inputs
import time:     12693 |      23107 |                 torch._inductor.kernel.mm
import time:      2407 |       2407 |                 torch._inductor.kernel.mm_plus_mm
import time:       152 |      71543 |               torch._inductor.kernel
import time:       165 |        165 |                 ck4inductor
import time:       201 |        365 |               torch._inductor.codegen.rocm.ck_conv_template
import time:       100 |        100 |                       torch._inductor.template_heuristics.params
import time:        86 |        185 |                     torch._inductor.template_heuristics.base
import time:        74 |         74 |                     torch._inductor.template_heuristics.gemm
import time:       100 |        100 |                     torch._inductor.template_heuristics.registry
import time:       219 |        577 |                   torch._inductor.template_heuristics.aten
import time:       107 |        107 |                   torch._inductor.template_heuristics.contiguous_mm
import time:        84 |         84 |                   torch._inductor.template_heuristics.decompose_k
import time:       540 |        540 |                   torch._inductor.template_heuristics.nv_universal_gemm
import time:        84 |         84 |                   torch._inductor.template_heuristics.tlx
import time:        95 |         95 |                     torch._inductor.template_heuristics.triton_addmm
import time:      3940 |       4035 |                   torch._inductor.template_heuristics.triton
import time:       233 |       5658 |                 torch._inductor.template_heuristics
import time:       812 |       6470 |               torch._inductor.template_heuristics.cutedsl
import time:       530 |        530 |                 torch._inductor.mkldnn_ir
import time:       223 |        752 |               torch._inductor.quantized_lowerings
import time:       216 |        216 |                 torch._inductor.codegen.cpp_grouped_gemm_template
import time:       294 |        509 |               torch._inductor.mkldnn_lowerings
import time:       162 |        162 |               torch._inductor.jagged_lowerings
import time:     50846 |     232820 |             torch._inductor.lowering
import time:      3496 |     263989 |           torch._inductor.select_algorithm
import time:       754 |     264742 |         torch._inductor.distributed_autotune
import time:       223 |        223 |           torch._inductor.constant_folding
import time:       298 |        298 |           torch._inductor.fx_passes.dedupe_symint_uses
import time:      2150 |       2150 |           torch._inductor.pattern_matcher
import time:       160 |        160 |                         deeplearning
import time:        12 |        172 |                       deeplearning.fbgemm
import time:         8 |        179 |                     deeplearning.fbgemm.fbgemm_gpu
import time:         8 |        187 |                   deeplearning.fbgemm.fbgemm_gpu.fb
import time:        24 |        211 |                 deeplearning.fbgemm.fbgemm_gpu.fb.inductor_lowerings
import time:       568 |        778 |               torch._inductor.fx_passes.group_batch_fusion
import time:      1002 |       1780 |             torch._inductor.fx_passes.split_cat
import time:       244 |       2023 |           torch._inductor.fx_passes.decompose_mem_bound_mm
import time:       159 |        159 |           torch._inductor.fx_passes.replace_random
import time:       566 |       5416 |         torch._inductor.fx_passes.joint_graph
import time:      4535 |       4535 |           torch._inductor.fx_passes.b2b_gemm
import time:       652 |        652 |           torch._inductor.fx_passes.ddp_fusion
import time:      1664 |       1664 |           torch._inductor.fx_passes.micro_pipeline_tp
import time:      4134 |       4134 |               torch.utils.mkldnn
import time:       247 |       4380 |             torch.fx.experimental.optimization
import time:       187 |        187 |             torch._inductor.fx_passes.misc_patterns
import time:       400 |       4966 |           torch._inductor.fx_passes.pre_grad
import time:       214 |        214 |           torch._inductor.fx_passes.reduced_atomic_contention
import time:      1107 |       1107 |           torch._inductor.fx_passes.reinplace
import time:      1845 |      14980 |         torch._inductor.fx_passes.post_grad
import time:       824 |        824 |         torch._inductor.graph
import time:      2147 |     331425 |       torch._inductor.compile_fx
import time:      3352 |     649533 |     sglang.srt.managers.overlap_utils
import time:        72 |         72 |         sglang.srt.dllm
import time:       126 |        126 |             sglang.srt.arg_groups.model_overrides.cohere2_moe
import time:       101 |        101 |             sglang.srt.arg_groups.model_overrides.deepseek_v2
import time:        68 |         68 |             sglang.srt.arg_groups.model_overrides.deepseek_v4
import time:        62 |         62 |             sglang.srt.arg_groups.model_overrides.exaone
import time:        53 |         53 |             sglang.srt.arg_groups.model_overrides.falcon_h1
import time:        60 |         60 |             sglang.srt.arg_groups.model_overrides.gemma2_gemma3
import time:        60 |         60 |             sglang.srt.arg_groups.model_overrides.gemma4
import time:        55 |         55 |             sglang.srt.arg_groups.model_overrides.glm4_moe
import time:        51 |         51 |                   sglang.srt.hardware_backend
import time:        71 |        121 |                 sglang.srt.hardware_backend.mlx
import time:       126 |        247 |               sglang.srt.hardware_backend.mlx.runtime
import time:        77 |        323 |             sglang.srt.arg_groups.model_overrides.gpt_oss
import time:        63 |         63 |             sglang.srt.arg_groups.model_overrides.granitemoehybrid
import time:       142 |        142 |             sglang.srt.arg_groups.model_overrides.inkling
import time:        56 |         56 |             sglang.srt.arg_groups.model_overrides.interns2_mobius
import time:        90 |         90 |             sglang.srt.arg_groups.model_overrides.kimi_k3
import time:        52 |         52 |             sglang.srt.arg_groups.model_overrides.lfm2
import time:        61 |         61 |             sglang.srt.arg_groups.model_overrides.llama4
import time:        55 |         55 |             sglang.srt.arg_groups.model_overrides.mimo_v2
import time:        60 |         60 |             sglang.srt.arg_groups.model_overrides.minicpm
import time:        46 |         46 |             sglang.srt.arg_groups.model_overrides.minicpmv
import time:        53 |         53 |             sglang.srt.arg_groups.model_overrides.minimax_m2
import time:        69 |         69 |             sglang.srt.arg_groups.model_overrides.minimax_m3
import time:        53 |         53 |             sglang.srt.arg_groups.model_overrides.moss_vl
import time:        51 |         51 |             sglang.srt.arg_groups.model_overrides.muse_glimmer
import time:        77 |         77 |             sglang.srt.arg_groups.model_overrides.nemotron_h
import time:        55 |         55 |             sglang.srt.arg_groups.model_overrides.olmo2
import time:        60 |         60 |             sglang.srt.arg_groups.model_overrides.qwen3_5
import time:        62 |         62 |             sglang.srt.arg_groups.model_overrides.qwen3_moe
import time:        52 |         52 |             sglang.srt.arg_groups.model_overrides.qwen3_vl
import time:        59 |         59 |             sglang.srt.arg_groups.model_overrides.qwen4_exp
import time:       319 |       2430 |           sglang.srt.arg_groups.model_overrides
import time:       456 |       2886 |         sglang.srt.arg_groups.overrides
import time:       737 |        737 |             sglang.srt.configs.afmoe
import time:      3324 |       3324 |               sglang.srt.configs.mamba_utils
import time:       677 |       4001 |             sglang.srt.configs.bailing_hybrid
import time:       474 |        474 |             sglang.srt.configs.chatglm
import time:       514 |        514 |             sglang.srt.configs.cohere2_moe
import time:      1510 |       1510 |               sglang.srt.configs.qwen3_vl
import time:      1462 |       2972 |             sglang.srt.configs.cosmos3
import time:       913 |        913 |             sglang.srt.configs.dbrx
import time:       328 |        328 |               transformers.video_processing_utils
import time:       319 |        319 |               transformers.models.auto.feature_extraction_auto
import time:      1092 |       1092 |               transformers.models.auto.image_processing_auto
import time:       321 |        321 |                 transformers.models.encoder_decoder
import time:        99 |         99 |                   tokenizers.trainers
import time:       446 |        545 |                 transformers.tokenization_utils_tokenizers
import time:       914 |        914 |                     sentencepiece._sentencepiece
import time:        92 |         92 |                     sentencepiece._version
import time:       882 |       1888 |                   sentencepiece
import time:       185 |       2073 |                 transformers.tokenization_utils_sentencepiece
import time:      1666 |       4602 |               transformers.models.auto.tokenization_auto
import time:       927 |        927 |               transformers.models.auto.video_processing_auto
import time:      3132 |      10398 |             sglang.srt.configs.deepseekvl2
import time:        77 |         77 |                 sglang.srt.multimodal
import time:       141 |        218 |               sglang.srt.multimodal.customized_mm_processor_utils
import time:       593 |        810 |             sglang.srt.configs.dots3
import time:       360 |        360 |               transformers.models.qwen2
import time:       842 |        842 |               sglang.srt.configs.dots_vlm
import time:      3338 |       4540 |             sglang.srt.configs.dots_ocr
import time:       388 |        388 |             sglang.srt.configs.exaone
import time:       369 |        369 |             sglang.srt.configs.falcon_h1
import time:       595 |        595 |                 transformers.models.glm_ocr
import time:      2816 |       3411 |               transformers.models.glm_ocr.configuration_glm_ocr
import time:      1478 |       4888 |             sglang.srt.configs.glm5_next
import time:       425 |        425 |             sglang.srt.configs.granitemoehybrid
import time:       456 |        456 |             sglang.srt.configs.hy_v4
import time:      2578 |       2578 |             sglang.srt.configs.inkling
import time:       115 |        115 |                   sglang.srt.configs.update_config
import time:       560 |        674 |                 sglang.srt.configs.qwen3_next
import time:      1490 |       2164 |               sglang.srt.configs.qwen3_5
import time:       795 |       2958 |             sglang.srt.configs.interns2_mobius
import time:       582 |        582 |             sglang.srt.configs.interns2preview
import time:       123 |        123 |               sglang.srt.configs.utils
import time:       299 |        299 |               sglang.srt.multimodal.mm_utils
import time:      3517 |       3939 |             sglang.srt.configs.janus_pro
import time:      1015 |       1015 |             sglang.srt.configs.jet_nemotron
import time:       624 |        624 |               transformers.models.siglip
import time:      2798 |       3421 |             sglang.srt.configs.jet_vlm
import time:       748 |        748 |             sglang.srt.configs.k2_horizon
import time:       509 |        509 |               sglang.srt.configs.kimi_linear
import time:       731 |       1240 |             sglang.srt.configs.kimi_k3
import time:      2702 |       2702 |             sglang.srt.configs.kimi_k25
import time:       389 |        389 |               sglang.srt.configs.kimi_vl_moonvit
import time:       467 |        855 |             sglang.srt.configs.kimi_vl
import time:       520 |        520 |             sglang.srt.configs.laguna
import time:      2319 |       2319 |             sglang.srt.configs.lfm2
import time:       392 |        392 |             sglang.srt.configs.lfm2_moe
import time:      2016 |       2016 |             sglang.srt.configs.lfm2_vl
import time:       500 |        500 |             sglang.srt.configs.locate_anything
import time:       478 |        478 |             sglang.srt.configs.longcat_flash
import time:       378 |        378 |             sglang.srt.configs.minicpm
import time:       808 |        808 |             sglang.srt.configs.minicpmv4_6
import time:       746 |        746 |             sglang.srt.configs.minimax_vl
import time:       237 |        237 |               sglang.srt.configs.muse_glimmer_processing
import time:      1221 |       1457 |             sglang.srt.configs.muse_glimmer
import time:       357 |        357 |             sglang.srt.configs.nanbeige
import time:       808 |        808 |               sglang.srt.configs.nemotron_h
import time:       358 |        358 |               sglang.srt.configs.radio
import time:       146 |        146 |               sglang.srt.multimodal.internvl_utils
import time:       953 |       2265 |             sglang.srt.configs.nano_nemotron_vl
import time:       493 |        493 |             sglang.srt.configs.olmo3
import time:      2572 |       2572 |               sglang.srt.configs.qwen3_omni
import time:       608 |       3180 |             sglang.srt.configs.qwen3_asr
import time:       905 |        905 |             sglang.srt.configs.qwen4_exp
import time:       427 |        427 |             sglang.srt.configs.spark2_5
import time:      1013 |       1013 |             sglang.srt.configs.step3_vl
import time:       428 |        428 |             sglang.srt.configs.step3p5
import time:       726 |        726 |             sglang.srt.configs.step3p7
import time:        61 |         61 |                   sglang.srt.sampling
import time:       439 |        499 |                 sglang.srt.sampling.custom_logit_processor
import time:      2525 |       3024 |               sglang.srt.configs.deepseek_ocr
import time:       792 |       3815 |             sglang.srt.configs.unlimited_ocr
import time:       404 |        404 |             sglang.srt.configs.zaya
import time:       508 |      76031 |           sglang.srt.configs
import time:      1457 |       1457 |           sglang.srt.configs.embedding_model_spec
import time:       502 |        502 |           sglang.srt.configs.linear_attn_model_registry
import time:        87 |         87 |                   sglang.kernels.ops.quantization.fp8_utils
import time:    242870 |     242870 |                         sglang.srt.layers.deep_gemm_wrapper.configurer
import time:       631 |        631 |                           sglang.kernels.ops.attention.position
import time:       135 |        135 |                           sglang.srt.configs.hybrid_arch
import time:       198 |        198 |                             sglang.srt.kv_canary
import time:       580 |        580 |                             sglang.kernels.ops.kv_canary.scatter_req_token_ids
import time:       145 |        923 |                           sglang.srt.kv_canary.req_to_expected_token_ids_manager
import time:      1230 |       1230 |                             sglang.kernels.ops.kvcache.kv_indices
import time:      2829 |       2829 |                                 sglang.kernels.ops.attention.dcp_kernels
import time:       292 |        292 |                                 sglang.srt.layers.dcp.comm
import time:       104 |        104 |                                 sglang.srt.layers.dcp.layout
import time:       595 |        595 |                                 sglang.srt.layers.dcp.metadata
import time:       129 |       3948 |                               sglang.srt.layers.dcp
import time:        15 |       3962 |                             sglang.srt.layers.dcp.layout
import time:       550 |        550 |                             sglang.srt.model_executor.forward_context
import time:       236 |       5976 |                           sglang.srt.model_executor.forward_batch_deepseek_mha_mixin
import time:        65 |         65 |                             sglang.srt.speculative
import time:       330 |        330 |                             sglang.srt.speculative.spec_registry
import time:       613 |       1008 |                           sglang.srt.speculative.spec_info
import time:       176 |        176 |                           sglang.kernels.ops.attention.clamp_position
import time:      5995 |      14841 |                         sglang.srt.model_executor.forward_batch_info
import time:       814 |     258524 |                       sglang.srt.layers.deep_gemm_wrapper.compile_utils
import time:       234 |     258757 |                     sglang.srt.layers.deep_gemm_wrapper.entrypoint
import time:        82 |     258839 |                   sglang.srt.layers.deep_gemm_wrapper
import time:       160 |        160 |                   sglang.srt.utils.patch_torch
import time:       214 |        214 |                     vllm
import time:        15 |        229 |                   vllm._C
import time:      8155 |     267469 |                 sglang.kernels.ops.quantization.fp8_kernel
import time:       114 |        114 |                     sgl_kernel.version
import time:       152 |        152 |                     sgl_kernel.debug_utils
import time:       141 |        141 |                     sgl_kernel.load_utils
import time:       183 |        183 |                     sgl_kernel.allreduce
import time:        99 |         99 |                     sgl_kernel.attention
import time:        72 |         72 |                     sgl_kernel.cutlass_moe
import time:       106 |        106 |                       sgl_kernel.utils
import time:       147 |        147 |                         flashinfer
import time:        12 |        158 |                       flashinfer.norm
import time:       125 |        388 |                     sgl_kernel.elementwise
import time:        71 |         71 |                     sgl_kernel.expert_specialization
import time:        84 |         84 |                     sgl_kernel.gemm
import time:        97 |         97 |                     sgl_kernel.grammar
import time:       198 |        198 |                         sgl_kernel.infllm_v2._loader
import time:       104 |        302 |                       sgl_kernel.infllm_v2.attention
import time:        69 |         69 |                       sgl_kernel.infllm_v2.max_pooling
import time:        78 |        448 |                     sgl_kernel.infllm_v2
import time:       101 |        101 |                     sgl_kernel.kvcacheio
import time:        72 |         72 |                     sgl_kernel.mamba
import time:        46 |         46 |                     sgl_kernel.memory
import time:        96 |         96 |                     sgl_kernel.moe
import time:        87 |         87 |                       sgl_kernel.quantization.gguf
import time:        75 |        162 |                     sgl_kernel.quantization
import time:       113 |        113 |                         flashinfer
import time:        11 |        124 |                       flashinfer.sampling
import time:        98 |        222 |                     sgl_kernel.sampling
import time:        99 |         99 |                     sgl_kernel.speculative
import time:        70 |         70 |                     sgl_kernel.top_k
import time:      3930 |       6635 |                   sgl_kernel
import time:       914 |       7549 |                 sgl_kernel.scalar_type
import time:       252 |     275269 |               sglang.srt.layers.quantization.utils
import time:       138 |        138 |                 sglang.srt.layers.modelopt_utils
import time:       373 |        510 |               sglang.srt.layers.quantization.base_config
import time:       344 |     276122 |             sglang.srt.layers.quantization.auto_round
import time:      1740 |       1740 |               sglang.kernels.ops.quantization.awq_triton
import time:      1592 |       1592 |                     torch.distributed._symmetric_memory
import time:       237 |       1828 |                   sglang.srt.layers.layernorm_sp
import time:      1487 |       1487 |                           sglang.srt.layers.moe.utils
import time:      1353 |       2839 |                         sglang.srt.layers.moe.moe_runner.base
import time:        50 |         50 |                                 sglang.kernels.ops.attention.dsv4.utils
import time:      1037 |       1086 |                               sglang.kernels.ops.attention.dsv4.attn
import time:       389 |        389 |                               sglang.kernels.ops.attention.dsv4.c128_cleanup
import time:        92 |         92 |                                     sglang.srt.layers.attention
import time:       104 |        195 |                                   sglang.srt.layers.attention.dsa
import time:       117 |        117 |                                         cuda
import time:        15 |        131 |                                       cuda.bindings
import time:        86 |         86 |                                           cuda
import time:        10 |         96 |                                         cuda.bindings
import time:        61 |        156 |                                       sglang.srt.model_executor.runner_backend_utils.breakable_cuda_graph.cuda_utils
import time:       313 |        599 |                                     sglang.srt.model_executor.runner_backend_utils.breakable_cuda_graph.breakable_cuda_graph
import time:       126 |        126 |                                     sglang.srt.model_executor.runner_backend_utils.breakable_cuda_graph.context
import time:        97 |        821 |                                   sglang.srt.model_executor.runner_backend_utils.breakable_cuda_graph
import time:       199 |       1214 |                                 sglang.srt.layers.attention.dsa.utils
import time:       467 |       1681 |                               sglang.kernels.ops.attention.dsv4.compress
import time:       410 |        410 |                               sglang.kernels.ops.attention.dsv4.compress_old
import time:       160 |        160 |                               sglang.kernels.ops.attention.dsv4.elementwise
import time:       454 |        454 |                               sglang.kernels.ops.attention.dsv4.fp8_wo_a
import time:       141 |        141 |                               sglang.kernels.ops.attention.dsv4.gemm
import time:       111 |        111 |                               sglang.kernels.ops.attention.dsv4.moe
import time:        78 |         78 |                               sglang.kernels.ops.attention.dsv4.topk
import time:       151 |       4655 |                             sglang.kernels.ops.attention.dsv4
import time:       356 |        356 |                             sglang.kernels.ops.moe.triton_pad_expert_counts
import time:       117 |        117 |                             sglang.srt.layers.moe.moe_runner.deep_gemm_sm120
import time:       159 |        159 |                               sglang.srt.distributed.naive_distributed
import time:       164 |        164 |                                   sglang.srt.layers.utils.common
import time:        99 |         99 |                                   sglang.srt.layers.utils.multi_platform
import time:        79 |        341 |                                 sglang.srt.layers.utils
import time:       358 |        698 |                               sglang.srt.layers.parameter
import time:       487 |        487 |                               sglang.srt.utils.host_shared_memory
import time:      1308 |       2652 |                             sglang.srt.utils.offloader
import time:      2219 |       9997 |                           sglang.srt.layers.moe.moe_runner.deep_gemm
import time:      1361 |       1361 |                           sglang.srt.layers.moe.moe_runner.triton
import time:       862 |        862 |                           sglang.srt.layers.moe.moe_runner.triton_kernels
import time:       209 |      12428 |                         sglang.srt.layers.moe.moe_runner.runner
import time:       115 |      15381 |                       sglang.srt.layers.moe.moe_runner
import time:       114 |      15494 |                     sglang.srt.layers.moe
import time:        16 |      15510 |                   sglang.srt.layers.moe.utils
import time:       425 |      17762 |                 sglang.srt.layers.linear
import time:      1446 |       1446 |                 sglang.srt.layers.quantization.marlin_utils
import time:      3205 |       3205 |                     sglang.srt.batch_invariant_ops.batch_invariant_ops
import time:       103 |       3307 |                   sglang.srt.batch_invariant_ops
import time:       327 |        327 |                   sglang.srt.layers.amx_utils
import time:        66 |         66 |                       sglang.srt.hardware_backend.npu
import time:        82 |        148 |                     sglang.srt.hardware_backend.npu.quantization
import time:       264 |        264 |                     sglang.srt.hardware_backend.npu.utils
import time:        59 |         59 |                       sglang.srt.hardware_backend.npu.moe
import time:       240 |        299 |                     sglang.srt.hardware_backend.npu.moe.matmul
import time:       142 |        142 |                     sglang.srt.hardware_backend.npu.moe.quant
import time:       374 |        374 |                     sglang.srt.hardware_backend.npu.quantization.linear_method_npu
import time:       431 |       1655 |                   sglang.srt.hardware_backend.npu.quantization.moe_methods
import time:       811 |       6098 |                 sglang.srt.layers.quantization.unquant
import time:        52 |         52 |                         sglang.srt.hardware_backend.cpu
import time:        67 |        119 |                       sglang.srt.hardware_backend.cpu.quantization
import time:       223 |        342 |                     sglang.srt.hardware_backend.cpu.quantization.awq_kernels
import time:        99 |         99 |                         sglang.srt.layers.quantization.base_scheme
import time:        90 |        188 |                       sglang.srt.layers.quantization.awq.schemes.awq_scheme
import time:       122 |        309 |                     sglang.srt.layers.quantization.awq.schemes.awq_linear
import time:       118 |        118 |                     sglang.srt.layers.quantization.awq.schemes.awq_moe
import time:       124 |        892 |                   sglang.srt.layers.quantization.awq.schemes.awq_cpu
import time:        77 |         77 |                   sglang.srt.layers.quantization.awq.schemes.awq_marlin
import time:       109 |       1076 |                 sglang.srt.layers.quantization.awq.schemes
import time:       349 |      26729 |               sglang.srt.layers.quantization.awq.awq
import time:       107 |      28575 |             sglang.srt.layers.quantization.awq
import time:       553 |        553 |             sglang.srt.layers.quantization.bitsandbytes
import time:      1491 |       1491 |                 sglang.kernels.ops.quantization.int8_kernel
import time:        81 |       1571 |               sglang.srt.layers.quantization.int8_utils
import time:       216 |       1786 |             sglang.srt.layers.quantization.blockwise_int8
import time:        56 |         56 |               sglang.srt.layers.quantization.compressed_tensors
import time:       152 |        152 |                       loguru._defaults
import time:        78 |         78 |                         loguru._asyncio_loop
import time:        78 |         78 |                         loguru._colorama
import time:        51 |         51 |                         loguru._filters
import time:       245 |        245 |                         loguru._better_exceptions
import time:       418 |        418 |                         loguru._colorizer
import time:        73 |         73 |                         loguru._contextvars
import time:       443 |        443 |                         loguru._datetime
import time:        84 |         84 |                         loguru._error_interceptor
import time:       109 |        109 |                           loguru._string_parsers
import time:        74 |         74 |                           loguru._ctime_functions
import time:       255 |        437 |                         loguru._file_sink
import time:        58 |         58 |                         loguru._get_frame
import time:        69 |         69 |                           loguru._locks_machinery
import time:       147 |        216 |                         loguru._handler
import time:       192 |        192 |                         loguru._recattrs
import time:       131 |        131 |                         loguru._simple_sinks
import time:       621 |       3119 |                       loguru._logger
import time:      3218 |       6488 |                     loguru
import time:       566 |       7053 |                   compressed_tensors.logger
import time:       105 |        105 |                   compressed_tensors.base
import time:       168 |        168 |                               compressed_tensors.registry.registry
import time:        72 |        240 |                             compressed_tensors.registry
import time:      5231 |       5231 |                               annotated_types
import time:       316 |        316 |                               pydantic._internal._validators
import time:      5797 |       5797 |                               pydantic.types
import time:      1551 |      12894 |                             pydantic.fields
import time:       134 |        134 |                             pydantic.plugin._loader
import time:      7687 |      20953 |                           compressed_tensors.config.base
import time:       779 |        779 |                           compressed_tensors.config.dense
import time:       661 |        661 |                           compressed_tensors.config.sparse_24_bitmask
import time:       588 |        588 |                           compressed_tensors.config.sparse_bitmask
import time:        95 |      23075 |                         compressed_tensors.config
import time:       331 |        331 |                               compressed_tensors.utils.helpers
import time:        81 |         81 |                               compressed_tensors.utils.internal
import time:       179 |        179 |                               compressed_tensors.utils.match
import time:       124 |        124 |                                 compressed_tensors.utils.type
import time:        72 |        196 |                               compressed_tensors.utils.module
import time:       172 |        172 |                                   transformers.file_utils
import time:       185 |        356 |                                 compressed_tensors.utils.safetensors_load
import time:        73 |        429 |                               compressed_tensors.utils.mtp
import time:       115 |        115 |                                       compressed_tensors.distributed.assign
import time:        94 |         94 |                                         compressed_tensors.distributed.utils
import time:       135 |        135 |                                         compressed_tensors.offload.utils
import time:       112 |        340 |                                       compressed_tensors.distributed.module_parallel
import time:       117 |        571 |                                     compressed_tensors.distributed
import time:        15 |        586 |                                   compressed_tensors.distributed.utils
import time:       403 |        403 |                                     compressed_tensors.offload.cache.base
import time:        67 |         67 |                                       compressed_tensors.offload.cache.utils
import time:       161 |        228 |                                     compressed_tensors.offload.cache.cpu
import time:       166 |        166 |                                     compressed_tensors.offload.cache.device
import time:       165 |        165 |                                     compressed_tensors.offload.cache.disk
import time:       114 |        114 |                                     compressed_tensors.offload.cache.dist_cpu
import time:        93 |         93 |                                     compressed_tensors.offload.cache.dist_device
import time:        91 |         91 |                                     compressed_tensors.offload.cache.dist_disk
import time:       130 |       1386 |                                   compressed_tensors.offload.cache
import time:       114 |        114 |                                       compressed_tensors.offload.convert.helpers
import time:        72 |         72 |                                         compressed_tensors.offload.module
import time:        95 |         95 |                                         compressed_tensors.utils.binary_search
import time:       168 |        334 |                                       compressed_tensors.offload.dispatch
import time:       178 |        625 |                                     compressed_tensors.offload.convert.from_accelerate
import time:       140 |        140 |                                     compressed_tensors.offload.convert.to_accelerate
import time:       107 |        872 |                                   compressed_tensors.offload.convert
import time:        82 |         82 |                                   compressed_tensors.offload.dist_utils
import time:       121 |        121 |                                   compressed_tensors.offload.load
import time:       226 |       3269 |                                 compressed_tensors.offload
import time:        85 |       3353 |                               compressed_tensors.utils.offload
import time:        75 |         75 |                               compressed_tensors.utils.permutations_24
import time:        94 |         94 |                               compressed_tensors.utils.semi_structured_conversions
import time:       110 |       4844 |                             compressed_tensors.utils
import time:      5127 |       9970 |                           compressed_tensors.quantization.quant_args
import time:      1047 |       1047 |                             compressed_tensors.quantization.quant_scheme
import time:        87 |         87 |                                 compressed_tensors.quantization.utils.mxfp_utils
import time:       205 |        292 |                               compressed_tensors.quantization.utils.helpers
import time:       114 |        406 |                             compressed_tensors.quantization.utils
import time:      1595 |       3047 |                           compressed_tensors.quantization.quant_config
import time:       209 |        209 |                           compressed_tensors.quantization.quant_metadata
import time:       134 |        134 |                               compressed_tensors.quantization.lifecycle.forward_helpers
import time:       183 |        316 |                             compressed_tensors.quantization.lifecycle.forward
import time:       246 |        246 |                                 compressed_tensors.modeling.kvcache
import time:       115 |        115 |                                 compressed_tensors.modeling.attention
import time:        82 |        443 |                               compressed_tensors.modeling
import time:       147 |        590 |                             compressed_tensors.quantization.lifecycle.initialize
import time:        76 |         76 |                             compressed_tensors.quantization.lifecycle.compressed
import time:       106 |        106 |                             compressed_tensors.quantization.lifecycle.apply
import time:        52 |         52 |                             compressed_tensors.quantization.lifecycle.helpers
import time:       103 |       1240 |                           compressed_tensors.quantization.lifecycle
import time:       137 |      14601 |                         compressed_tensors.quantization
import time:       102 |      37777 |                       compressed_tensors.compressors.format
import time:       188 |      37965 |                     compressed_tensors.compressors.base
import time:       129 |        129 |                       compressed_tensors.compressors.dense.base
import time:        80 |        208 |                     compressed_tensors.compressors.dense
import time:      1332 |       1332 |                           compressed_tensors.transform.transform_args
import time:       883 |        883 |                           compressed_tensors.transform.transform_scheme
import time:       371 |        371 |                           compressed_tensors.transform.transform_config
import time:        86 |         86 |                             compressed_tensors.transform.factory
import time:       215 |        301 |                           compressed_tensors.transform.factory.base
import time:        63 |         63 |                               compressed_tensors.transform.utils
import time:       143 |        206 |                             compressed_tensors.transform.utils.hadamard
import time:        73 |         73 |                             compressed_tensors.transform.utils.matrix
import time:       144 |        422 |                           compressed_tensors.transform.factory.hadamard
import time:       128 |        128 |                           compressed_tensors.transform.factory.matrix_multiply
import time:        82 |         82 |                           compressed_tensors.transform.factory.random_hadamard
import time:        80 |         80 |                           compressed_tensors.transform.apply
import time:       126 |       3720 |                         compressed_tensors.transform
import time:       219 |       3939 |                       compressed_tensors.compressors.model_compressors.model_compressor
import time:        71 |       4010 |                     compressed_tensors.compressors.model_compressors
import time:       311 |        311 |                         compressed_tensors.compressors.mx_utils
import time:       136 |        136 |                               compressed_tensors.compressors.nvfp4.helpers
import time:       143 |        278 |                             compressed_tensors.compressors.nvfp4.base
import time:        73 |        351 |                           compressed_tensors.compressors.nvfp4
import time:        17 |        367 |                         compressed_tensors.compressors.nvfp4.base
import time:       126 |        804 |                       compressed_tensors.compressors.mxfp4.base
import time:        76 |        879 |                     compressed_tensors.compressors.mxfp4
import time:       158 |        158 |                             compressed_tensors.compressors.naive_quantized.base
import time:        63 |        220 |                           compressed_tensors.compressors.naive_quantized
import time:        14 |        234 |                         compressed_tensors.compressors.naive_quantized.base
import time:       118 |        351 |                       compressed_tensors.compressors.mxfp8.base
import time:        74 |        424 |                     compressed_tensors.compressors.mxfp8
import time:        92 |         92 |                         compressed_tensors.compressors.pack_quantized.helpers
import time:       123 |        214 |                       compressed_tensors.compressors.pack_quantized.base
import time:        72 |        286 |                     compressed_tensors.compressors.pack_quantized
import time:       101 |      43870 |                   compressed_tensors.compressors
import time:        63 |         63 |                   compressed_tensors.version
import time:       176 |      51265 |                 compressed_tensors
import time:        13 |      51277 |               compressed_tensors.config
import time:       133 |        133 |                 sglang.srt.layers.quantization.compressed_tensors.schemes.compressed_tensors_scheme
import time:       300 |        300 |                 sglang.srt.layers.quantization.compressed_tensors.schemes.compressed_tensors_w4a4_mxint4_moe
import time:        92 |         92 |                     flashinfer
import time:       207 |        298 |                   sglang.srt.layers.quantization.fp4_utils
import time:      2318 |       2318 |                         sglang.srt.layers.moe.flashinfer_trtllm_moe
import time:      2533 |       4850 |                       sglang.srt.layers.moe.moe_runner.flashinfer_trtllm
import time:       219 |        219 |                         sglang.srt.layers.quantization.mxfp4_tensor
import time:       742 |        960 |                       sglang.srt.layers.quantization.fp8_utils
import time:       117 |        117 |                       sglang.srt.layers.quantization.kv_cache
import time:       440 |        440 |                       sglang.srt.layers.quantization.marlin_utils_fp8
import time:       595 |       6960 |                     sglang.srt.layers.quantization.fp8
import time:       530 |        530 |                     sglang.srt.layers.quantization.marlin_utils_fp4
import time:      1596 |       1596 |                     sglang.srt.layers.radix_attention
import time:       123 |        123 |                     flashinfer
import time:      1127 |      10333 |                   sglang.srt.layers.quantization.modelopt_quant
import time:       130 |      10759 |                 sglang.srt.layers.quantization.compressed_tensors.schemes.compressed_tensors_w4a4_nvfp4
import time:       183 |        183 |                 sglang.srt.layers.quantization.compressed_tensors.schemes.compressed_tensors_w4a4_nvfp4_moe
import time:       166 |        166 |                   sglang.srt.layers.quantization.w4afp8
import time:       147 |        312 |                 sglang.srt.layers.quantization.compressed_tensors.schemes.compressed_tensors_w4a8_fp8_moe
import time:       127 |        127 |                 sglang.srt.layers.quantization.compressed_tensors.schemes.compressed_tensors_w4a8_int8_moe
import time:       122 |        122 |                 sglang.srt.layers.quantization.compressed_tensors.schemes.compressed_tensors_w8a8_fp8
import time:       254 |        254 |                 sglang.srt.layers.quantization.compressed_tensors.schemes.compressed_tensors_w8a8_fp8_moe
import time:       133 |        133 |                 sglang.srt.layers.quantization.compressed_tensors.schemes.compressed_tensors_w8a8_int8
import time:       104 |        104 |                 sglang.srt.layers.quantization.compressed_tensors.schemes.compressed_tensors_w8a8_int8_moe
import time:        87 |         87 |                 sglang.srt.layers.quantization.compressed_tensors.schemes.compressed_tensors_w8a16_fp8
import time:       172 |        172 |                 sglang.srt.layers.quantization.compressed_tensors.schemes.compressed_tensors_wNa16
import time:        62 |         62 |                       sglang.srt.hardware_backend.gpu
import time:        84 |        145 |                     sglang.srt.hardware_backend.gpu.quantization
import time:        68 |         68 |                         sglang.srt.lora
import time:       128 |        196 |                       sglang.srt.lora.marlin_lora_temp
import time:        80 |         80 |                       sglang.srt.lora.marlin_lora_temp.sgl_backend
import time:      1509 |       1785 |                     sglang.srt.layers.moe.moe_runner.marlin
import time:        76 |         76 |                     sglang.kernels.ops.quantization.gptq_marlin_repack
import time:       547 |       2551 |                   sglang.srt.hardware_backend.gpu.quantization.gptq_kernels
import time:       327 |       2878 |                 sglang.srt.layers.quantization.compressed_tensors.schemes.compressed_tensors_wNa16_moe
import time:       144 |      15701 |               sglang.srt.layers.quantization.compressed_tensors.schemes
import time:       151 |        151 |               sglang.srt.layers.quantization.compressed_tensors.utils
import time:       604 |      67787 |             sglang.srt.layers.quantization.compressed_tensors.compressed_tensors
import time:      4726 |       4726 |                 gguf.constants
import time:       355 |        355 |                 gguf.lazy
import time:       687 |        687 |                   gguf.quants
import time:       548 |       1235 |                 gguf.gguf_reader
import time:      1430 |       1430 |                 gguf.gguf_writer
import time:       382 |        382 |                 gguf.tensor_mapping
import time:       540 |        540 |                         mistral_common
import time:       131 |        671 |                       mistral_common.tokens
import time:        87 |        758 |                     mistral_common.tokens.tokenizers
import time:       167 |        167 |                     mistral_common.exceptions
import time:        63 |         63 |                         mistral_common.protocol
import time:        84 |        146 |                       mistral_common.protocol.fim
import time:       327 |        327 |                         mistral_common.base
import time:       664 |        990 |                       mistral_common.protocol.base
import time:       506 |       1642 |                     mistral_common.protocol.fim.request
import time:        96 |         96 |                       mistral_common.protocol.instruct
import time:        64 |         64 |                         mistral_common.deprecation
import time:       115 |        115 |                         mistral_common.image
import time:       115 |        115 |                         mistral_common.imports
import time:      3339 |       3632 |                       mistral_common.protocol.instruct.chunk
import time:      1663 |       1663 |                       mistral_common.protocol.instruct.tool_calls
import time:      4249 |       9638 |                     mistral_common.protocol.instruct.messages
import time:        77 |         77 |                         mistral_common.protocol.instruct.converters
import time:      3130 |       3207 |                       mistral_common.protocol.instruct.request
import time:        80 |         80 |                           mistral_common.protocol.speech
import time:      1815 |       1815 |                           mistral_common.tokens.tokenizers.audio
import time:       842 |       2737 |                         mistral_common.protocol.speech.request
import time:       107 |        107 |                           mistral_common.protocol.transcription
import time:       397 |        397 |                               pydantic_extra_types.color
import time:       117 |        513 |                             pydantic_extra_types
import time:       314 |        314 |                               pycountry.db
import time:       918 |       1232 |                             pycountry
import time:     16572 |      18315 |                           pydantic_extra_types.language_code
import time:      1137 |      19559 |                         mistral_common.protocol.transcription.request
import time:        85 |         85 |                             numpy.core.multiarray
import time:       113 |        113 |                             cv2.load_config_py3
import time:        75 |         75 |                             cv2.version
import time:       130 |        130 |                             cv2.mat_wrapper
import time:        97 |         97 |                             cv2.misc.version
import time:     11017 |      11514 |                           cv2
import time:       941 |      12454 |                         mistral_common.tokens.tokenizers.image
import time:      2800 |       2800 |                         mistral_common.tokens.tokenizers.model_settings_builder
import time:      1691 |      39239 |                       mistral_common.tokens.tokenizers.base
import time:      2045 |      44490 |                     mistral_common.protocol.instruct.normalize
import time:       101 |        101 |                               attrs.converters
import time:        53 |         53 |                               attrs.exceptions
import time:        47 |         47 |                               attrs.filters
import time:        46 |         46 |                               attrs.setters
import time:        48 |         48 |                               attrs.validators
import time:       187 |        480 |                             attrs
import time:       617 |        617 |                                     rpds.rpds
import time:       310 |        927 |                                   rpds
import time:        88 |         88 |                                     referencing._attrs
import time:      2306 |       2393 |                                   referencing.exceptions
import time:       263 |        263 |                                   referencing.typing
import time:      4090 |       7672 |                                 referencing._core
import time:       110 |       7781 |                               referencing
import time:        10 |       7791 |                             referencing.exceptions
import time:       214 |        214 |                             jsonschema._utils
import time:       627 |       9111 |                           jsonschema.exceptions
import time:       165 |        165 |                           fqdn
import time:       110 |        110 |                           rfc3987
import time:        93 |         93 |                           rfc3986_validator
import time:        83 |         83 |                           rfc3987_syntax
import time:        78 |         78 |                           rfc3339_validator
import time:        81 |         81 |                           webcolors
import time:        78 |         78 |                           jsonpointer
import time:        79 |         79 |                           uri_template
import time:        90 |         90 |                           isoduration
import time:       402 |      10364 |                         jsonschema._format
import time:       521 |        521 |                         jsonschema._types
import time:       837 |        837 |                             referencing.jsonschema
import time:       142 |        142 |                             jsonschema_specifications._core
import time:      2718 |       3697 |                           jsonschema_specifications
import time:       188 |        188 |                           jsonschema._keywords
import time:       122 |        122 |                           jsonschema._legacy_keywords
import time:       136 |        136 |                             jsonschema.protocols
import time:        95 |        230 |                           jsonschema._typing
import time:      3087 |       7323 |                         jsonschema.validators
import time:       185 |      18391 |                       jsonschema
import time:       479 |      18870 |                     mistral_common.protocol.instruct.validator
import time:       342 |        342 |                             tiktoken._tiktoken
import time:       355 |        697 |                           tiktoken.core
import time:       155 |        155 |                               tiktoken_ext
import time:       101 |        255 |                             tiktoken.registry
import time:       102 |        356 |                           tiktoken.model
import time:       129 |       1181 |                         tiktoken
import time:       461 |       1642 |                       mistral_common.tokens.tokenizers.tekken
import time:      1572 |       3213 |                     mistral_common.tokens.tokenizers.instruct
import time:       304 |        304 |                     mistral_common.tokens.tokenizers.sentencepiece
import time:       156 |        156 |                     mistral_common.tokens.tokenizers.utils
import time:       353 |      79586 |                   mistral_common.tokens.tokenizers.mistral
import time:      1198 |      80784 |                 gguf.vocab
import time:      1079 |       1079 |                 gguf.utility
import time:      1403 |       1403 |                 gguf.metadata
import time:       240 |      91628 |               gguf
import time:       488 |      92115 |             sglang.srt.layers.quantization.gguf
import time:       211 |        211 |                     sglang.srt.hardware_backend.cpu.quantization.gptq_kernels
import time:       109 |        109 |                       sglang.srt.layers.quantization.gptq.schemes.gptq_scheme
import time:       132 |        241 |                     sglang.srt.layers.quantization.gptq.schemes.gptq_linear
import time:       155 |        605 |                   sglang.srt.layers.quantization.gptq.schemes.gptq_cpu
import time:        89 |         89 |                   sglang.srt.layers.quantization.gptq.schemes.gptq_marlin
import time:       114 |        114 |                   sglang.srt.layers.quantization.gptq.schemes.gptq_moe
import time:       100 |        908 |                 sglang.srt.layers.quantization.gptq.schemes
import time:       395 |       1302 |               sglang.srt.layers.quantization.gptq.gptq
import time:       129 |       1430 |             sglang.srt.layers.quantization.gptq
import time:      1121 |       1121 |             sglang.srt.layers.quantization.humming
import time:       116 |        116 |             sglang.srt.layers.quantization.mlx
import time:        53 |         53 |               sglang.srt.layers.quantization.modelslim
import time:       123 |        123 |                 sglang.srt.layers.quantization.modelslim.schemes.modelslim_scheme
import time:       134 |        134 |                 sglang.srt.layers.quantization.modelslim.schemes.modelslim_mxfp8
import time:        87 |         87 |                 sglang.srt.layers.quantization.modelslim.schemes.modelslim_mxfp4_w4a8
import time:        73 |         73 |                 sglang.srt.layers.quantization.modelslim.schemes.modelslim_mxfp4
import time:        95 |         95 |                 sglang.srt.layers.quantization.modelslim.schemes.modelslim_mxfp8_moe
import time:       113 |        113 |                 sglang.srt.layers.quantization.modelslim.schemes.modelslim_w4a4_int4
import time:        90 |         90 |                 sglang.srt.layers.quantization.modelslim.schemes.modelslim_w4a4_int4_moe
import time:        70 |         70 |                 sglang.srt.layers.quantization.modelslim.schemes.modelslim_w4a4_mxfp4_moe
import time:        92 |         92 |                 sglang.srt.layers.quantization.modelslim.schemes.modelslim_w4a8_int8_moe
import time:        67 |         67 |                 sglang.srt.layers.quantization.modelslim.schemes.modelslim_w4a8_mxfp4_moe
import time:        79 |         79 |                 sglang.srt.layers.quantization.modelslim.schemes.modelslim_w8a8_int8
import time:       158 |        158 |                 sglang.srt.layers.quantization.modelslim.schemes.modelslim_w8a8_int8_moe
import time:       119 |       1295 |               sglang.srt.layers.quantization.modelslim.schemes
import time:       312 |       1659 |             sglang.srt.layers.quantization.modelslim.modelslim
import time:       209 |        209 |             sglang.srt.layers.quantization.moe_wna16
import time:       118 |        118 |                     aiter.jit
import time:        75 |         75 |                         build_targets
import time:        50 |         50 |                                 distutils
import time:       236 |        236 |                                   jaraco
import time:       206 |        206 |                                       more_itertools.recipes
import time:       782 |        988 |                                     more_itertools.more
import time:       175 |       1163 |                                   more_itertools
import time:       244 |       1641 |                                 jaraco.functools
import time:       105 |        105 |                                     distutils.compat
import time:        61 |         61 |                                         distutils.compilers
import time:        78 |        139 |                                       distutils.compilers.C
import time:        63 |         63 |                                       distutils._log
import time:        80 |         80 |                                         distutils.compat.py39
import time:       101 |        101 |                                           distutils.compilers.C.errors
import time:       126 |        226 |                                         distutils.errors
import time:       122 |        427 |                                       distutils._modified
import time:        90 |         90 |                                         distutils.file_util
import time:       186 |        275 |                                       distutils.dir_util
import time:        51 |         51 |                                         distutils.debug
import time:        95 |        146 |                                       distutils.spawn
import time:       143 |        143 |                                       distutils.util
import time:       485 |       1674 |                                     distutils.compilers.C.base
import time:       100 |       1878 |                                   distutils.compat.numpy
import time:        80 |       1957 |                                 distutils.ccompiler
import time:       649 |       4295 |                               distutils.sysconfig
import time:       106 |        106 |                                 distutils.command
import time:       105 |        105 |                                     distutils.archive_util
import time:       215 |        320 |                                   distutils.cmd
import time:       304 |        304 |                                           packaging._elffile
import time:       274 |        578 |                                         packaging._manylinux
import time:       204 |        204 |                                         packaging._musllinux
import time:       323 |       1104 |                                       packaging.tags
import time:       389 |       1492 |                                     packaging.utils
import time:       303 |        303 |                                     distutils.fancy_getopt
import time:       458 |       2252 |                                   distutils.dist
import time:       113 |        113 |                                   distutils.extension
import time:       114 |       2796 |                                 distutils.core
import time:        84 |         84 |                                 distutils.command._framework_compat
import time:       421 |       3406 |                               distutils.command.install
import time:       123 |        123 |                               distutils.command.install_egg_info
import time:       555 |       8378 |                             _distutils_hack.override
import time:       158 |        158 |                                 distutils.filelist
import time:        89 |        247 |                               setuptools.monkey
import time:        95 |         95 |                               distutils.log
import time:        98 |        439 |                             setuptools.logging
import time:        63 |         63 |                               setuptools._imp
import time:       128 |        190 |                             setuptools.depends
import time:       108 |        108 |                               setuptools._path
import time:       277 |        385 |                             setuptools.discovery
import time:      1965 |       1965 |                                     packaging.specifiers
import time:      2443 |       4407 |                                   packaging._tokenizer
import time:       461 |       4868 |                                 packaging._parser
import time:       419 |       5286 |                               packaging.markers
import time:       265 |        265 |                                   jaraco.context
import time:       997 |       1262 |                                 jaraco.text
import time:        87 |         87 |                                 setuptools._importlib
import time:        61 |         61 |                                 setuptools._itertools
import time:       116 |        116 |                                 setuptools.errors
import time:       160 |       1684 |                               setuptools._entry_points
import time:       110 |        110 |                                 packaging.requirements
import time:       116 |        225 |                               setuptools._reqs
import time:       133 |        133 |                                 setuptools.warnings
import time:       224 |        356 |                               setuptools._static
import time:       149 |        149 |                                 distutils.command.bdist
import time:        88 |        236 |                               setuptools.command
import time:    232125 |     232125 |                                   packaging.licenses._spdx
import time:       376 |     232500 |                                 packaging.licenses
import time:       664 |     233163 |                               setuptools._normalization
import time:       343 |        343 |                                   setuptools.config.expand
import time:       685 |       1028 |                                 setuptools.config.setupcfg
import time:       315 |       1342 |                               setuptools.config
import time:       168 |        168 |                                   setuptools.extension
import time:       538 |        706 |                                 setuptools.config._apply_pyprojecttoml
import time:       281 |        986 |                               setuptools.config.pyprojecttoml
import time:       553 |     243827 |                             setuptools.dist
import time:       718 |        718 |                             setuptools.version
import time:       209 |        209 |                             setuptools._core_metadata
import time:       404 |     254547 |                           setuptools
import time:       211 |        211 |                           _cpp_extension_versioner
import time:       126 |        126 |                           file_baton
import time:        84 |         84 |                           hipify
import time:        88 |         88 |                             hipify.constants
import time:      2478 |       2478 |                             hipify.cuda_to_hip_mappings
import time:    377488 |     380053 |                           hipify.hipify_python
import time:       478 |        478 |                                   distutils.command.build_ext
import time:        99 |         99 |                                     distutils.dep_util
import time:       231 |        231 |                                     __builtin__
import time:    372823 |     373152 |                                   Cython.Distutils.old_build_ext
import time:       184 |     373814 |                                 Cython.Distutils.build_ext
import time:       226 |        226 |                                 Cython.Distutils.extension
import time:       135 |     374173 |                               Cython.Distutils
import time:        19 |     374192 |                             Cython.Distutils.build_ext
import time:       207 |        207 |                               __builtin__
import time:       101 |        101 |                                 __builtin__
import time:       111 |        111 |                                   __builtin__
import time:       389 |        500 |                                 Cython.Utils
import time:        86 |         86 |                                 Cython.Compiler.DebugFlags
import time:       191 |        191 |                                 Cython.Compiler.Options
import time:       227 |       1102 |                               Cython.Compiler.Errors
import time:       733 |        733 |                               Cython.Compiler.StringEncoding
import time:       212 |        212 |                                     Cython.Plex.Actions
import time:        97 |         97 |                                           Cython.Plex.Transitions
import time:       138 |        235 |                                         Cython.Plex.Machines
import time:       112 |        346 |                                       Cython.Plex.DFA
import time:       141 |        141 |                                       Cython.Plex.Errors
import time:       223 |        223 |                                       Cython.Plex.Regexps
import time:       228 |        936 |                                     Cython.Plex.Lexicons
import time:       174 |        174 |                                     Cython.Plex.Scanners
import time:       136 |       1456 |                                   Cython.Plex
import time:       114 |       1569 |                                 Cython.Plex.Scanners
import time:       107 |        107 |                                 Cython.Compiler.Lexicon
import time:        57 |         57 |                                 Cython.Compiler.Future
import time:       567 |       2298 |                               Cython.Compiler.Scanning
import time:       130 |        130 |                                 __builtin__
import time:       169 |        169 |                                 Cython.Compiler.Naming
import time:       119 |        119 |                                       cStringIO
import time:        96 |        215 |                                     Cython.StringIOTree
import time:        93 |         93 |                                     __builtin__
import time:      1189 |       1495 |                                   Cython.Compiler.Code
import time:      1593 |       3087 |                                 Cython.Compiler.PyrexTypes
import time:       869 |        869 |                                 Cython.Compiler.TypeSlots
import time:       826 |       5080 |                               Cython.Compiler.Symtab
import time:       533 |       9950 |                             Cython.Compiler.Main
import time:       130 |        130 |                             dl
import time:       588 |     384858 |                           setuptools.command.build_ext
import time:     11594 |    1031469 |                         cpp_extension
import time:       315 |        315 |                         torch_guard
import time:      6749 |    1038606 |                       chip_info
import time:    197544 |    1236149 |                     aiter.jit.core
import time:       104 |        104 |                     aiter.utility
import time:       112 |        112 |                         aiter.jit.utils
import time:       494 |        606 |                       aiter.jit.utils.chip_info
import time:        87 |         87 |                         aiter.ops
[aiter] WARNING: NUMA balancing is enabled, which may cause errors. It is recommended to disable NUMA balancing by running "sudo sh -c 'echo 0 > /proc/sys/kernel/numa_balancing'" for more details: https://rocm.docs.amd.com/en/latest/how-to/system-optimization/mi300x.html#disable-numa-auto-balancing
[aiter] import [module_aiter_core] under /tmp/amdpilot-repo-j-a97c2728157d/cache/aiter/module_aiter_core.so
import time:      4603 |       4689 |                       aiter.ops.enum
import time:      1202 |       1202 |                       aiter.utility.aiter_types
import time:    215203 |     221698 |                     aiter.utility.dtypes
import time:      2542 |       2542 |                     aiter.ops.norm
import time:       243 |        243 |                       aiter.jit.utils.torch_guard
import time:       191 |        191 |                         aiter.utility.mx_types
import time:      5205 |       5395 |                       aiter.utility.fp4_utils
import time:        56 |         56 |                               aiter.ops.triton._triton_kernels
import time:        64 |         64 |                                 aiter.ops.triton._triton_kernels.quant
import time:      6032 |       6096 |                               aiter.ops.triton._triton_kernels.quant.fused_fp8_quant
import time:     13182 |      13182 |                               aiter.ops.triton._triton_kernels.quant.quant
import time:      2524 |      21856 |                             aiter.ops.triton._triton_kernels.activation
import time:        90 |         90 |                               aiter.ops.triton.utils
import time:       172 |        262 |                             aiter.ops.triton.utils.logger
import time:        51 |         51 |                               aiter.ops.triton.utils._triton
import time:     10439 |      10439 |                               aiter.ops.triton.utils._triton.arch_info
import time:       164 |      10653 |                             aiter.ops.triton.utils.types
import time:       739 |      33509 |                           aiter.ops.triton.quant.fused_fp8_quant
import time:       181 |        181 |                                   aiter.ops.triton._gluon_kernels
import time:       120 |        301 |                                 aiter.ops.triton._gluon_kernels.gfx1250
import time:       129 |        429 |                               aiter.ops.triton._gluon_kernels.gfx1250.quant
import time:       135 |        135 |                               triton.experimental
import time:       349 |        349 |                                 triton.experimental.gluon._runtime
import time:      5390 |       5390 |                                           triton.experimental.gluon.language._layouts
import time:      1243 |       6632 |                                         triton.experimental.gluon.language._core
import time:       285 |        285 |                                         triton.experimental.gluon.language._math
import time:      1412 |       1412 |                                         triton.experimental.gluon.language._standard
import time:       652 |        652 |                                               triton.language.semantic
import time:      2732 |       2732 |                                               triton.compiler.code_generator
import time:       556 |       3939 |                                             triton.experimental.gluon.language._semantic
import time:       173 |        173 |                                                     triton.experimental.gluon.language.nvidia.ampere.async_copy
import time:       694 |        694 |                                                     triton.experimental.gluon.language.nvidia.ampere.mbarrier
import time:       120 |        986 |                                                   triton.experimental.gluon.language.nvidia.ampere
import time:       159 |        159 |                                                   triton.experimental.gluon.language.nvidia.hopper.cluster
import time:       104 |        104 |                                                   triton.experimental.gluon.language.nvidia.hopper.mbarrier
import time:      1147 |       1147 |                                                   triton.experimental.gluon.language.nvidia.hopper.tma
import time:       261 |       2655 |                                                 triton.experimental.gluon.language.nvidia.hopper
import time:        12 |       2666 |                                               triton.experimental.gluon.language.nvidia.hopper.tma
import time:       213 |       2879 |                                             triton.experimental.gluon.language.nvidia.blackwell.tma
import time:       255 |        255 |                                             triton.experimental.gluon.language.nvidia.blackwell.clc
import time:      2182 |       9253 |                                           triton.experimental.gluon.language.nvidia.blackwell
import time:       124 |       9376 |                                         triton.experimental.gluon.language.nvidia
import time:      1171 |       1171 |                                           triton.experimental.gluon.language.amd._layouts
import time:       124 |        124 |                                             triton.experimental.gluon.language.amd._ops
import time:       417 |        541 |                                           triton.experimental.gluon.language.amd.cdna3
import time:       187 |        187 |                                             triton.experimental.gluon.language.amd.cdna4.async_copy
import time:       616 |        802 |                                           triton.experimental.gluon.language.amd.cdna4
import time:       104 |        104 |                                           triton.experimental.gluon.language.amd.rdna3
import time:        88 |         88 |                                           triton.experimental.gluon.language.amd.rdna4
import time:      1349 |       1349 |                                             triton.experimental.gluon.language.amd.gfx1250._layouts
import time:       785 |        785 |                                             triton.experimental.gluon.language.amd.gfx1250.tdm
import time:       148 |        148 |                                             triton.experimental.gluon.language.amd.gfx1250.async_copy
import time:       137 |        137 |                                             triton.experimental.gluon.language.amd.gfx1250.mbarrier
import time:        78 |         78 |                                             triton.experimental.gluon.language.amd.gfx1250.cluster
import time:       418 |       2913 |                                           triton.experimental.gluon.language.amd.gfx1250
import time:       102 |        102 |                                           triton.experimental.gluon.language.amd.warp_pipeline
import time:       170 |       5886 |                                         triton.experimental.gluon.language.amd
import time:        79 |         79 |                                         triton.experimental.gluon.language.extra
import time:       190 |      23858 |                                       triton.experimental.gluon.language
import time:        13 |      23870 |                                     triton.experimental.gluon.language._layouts
import time:      1068 |      24938 |                                   triton.experimental.gluon.nvidia.hopper
import time:        93 |         93 |                                   triton.experimental.gluon.nvidia.blackwell
import time:       179 |      25209 |                                 triton.experimental.gluon.nvidia
import time:       482 |        482 |                                   triton.experimental.gluon.amd.gfx1250
import time:       143 |        624 |                                 triton.experimental.gluon.amd
import time:       172 |      26352 |                               triton.experimental.gluon
import time:      6841 |      33757 |                             aiter.ops.triton._gluon_kernels.gfx1250.quant.fused_mxfp4_quant
import time:     11369 |      11369 |                             aiter.ops.triton._triton_kernels.quant.fused_mxfp4_quant
import time:      5148 |      50272 |                           aiter.ops.triton.quant.fused_mxfp4_quant
import time:      2376 |       2376 |                             aiter.ops.triton._triton_kernels.quant.fused_mxfp8_quant
import time:       863 |       3239 |                           aiter.ops.triton.quant.fused_mxfp8_quant
import time:      1518 |       1518 |                           aiter.ops.triton.quant.quant
import time:       183 |      88719 |                         aiter.ops.triton.quant
import time:       236 |        236 |                             iris
import time:       155 |        390 |                           aiter.ops.triton.comms.all_gather
import time:       103 |        493 |                         aiter.ops.triton.comms
import time:       218 |      89429 |                       aiter.ops.triton
import time:     11258 |     106324 |                     aiter.ops.quant
import time:        96 |         96 |                           dateutil._version
import time:       168 |        264 |                         dateutil
import time:        94 |         94 |                           pandas.compat._constants
import time:        71 |         71 |                               pandas.util
import time:      2040 |       2110 |                             pandas.util.version
import time:       162 |       2272 |                           pandas.compat.numpy
import time:       160 |        160 |                               pyarrow._generated_version
import time:       471 |        471 |                                   cloudpickle.cloudpickle
import time:       234 |        704 |                                 cloudpickle
import time:       146 |        146 |                                 pyarrow.util
import time:     14912 |      15761 |                               pyarrow.lib
import time:       226 |        226 |                               pyarrow.ipc
import time:       682 |        682 |                               pyarrow.types
import time:       460 |      17286 |                             pyarrow
import time:       202 |      17487 |                           pandas.compat.pyarrow
import time:       149 |      20000 |                         pandas.compat
import time:      1778 |       1778 |                             pandas._typing
import time:       129 |        129 |                             pandas.util._exceptions
import time:       566 |       2472 |                           pandas._config.config
import time:       209 |        209 |                           pandas._config.dates
import time:        98 |         98 |                           pandas._config.display
import time:       156 |       2934 |                         pandas._config
import time:        74 |         74 |                           pandas.core
import time:       216 |        216 |                                 pandas._libs.pandas_parser
import time:        92 |         92 |                                 pandas._libs.pandas_datetime
import time:       246 |        246 |                                               pandas._libs._cyutility
import time:       187 |        433 |                                             pandas._libs.tslibs.ccalendar
import time:       255 |        255 |                                             pandas._libs.tslibs.np_datetime
import time:       669 |       1356 |                                           pandas._libs.tslibs.dtypes
import time:       132 |        132 |                                             pandas._libs.tslibs.base
import time:       390 |        390 |                                                 pandas._libs.tslibs.nattype
import time:       365 |        365 |                                                     zoneinfo._zoneinfo
import time:       140 |        140 |                                                     pandas.compat._optional
import time:       775 |        775 |                                                         six
import time:        35 |         35 |                                                         six.moves
import time:       170 |        170 |                                                         dateutil.tz._common
import time:       134 |        134 |                                                         dateutil.tz._factories
import time:        21 |         21 |                                                           six.moves.winreg
import time:       145 |        166 |                                                         dateutil.tz.win
import time:       608 |       1886 |                                                       dateutil.tz.tz
import time:       112 |       1997 |                                                     dateutil.tz
import time:       531 |       3031 |                                                   pandas._libs.tslibs.timezones
import time:       178 |        178 |                                                     pandas._libs.properties
import time:       175 |        352 |                                                   pandas.util._decorators
import time:       606 |        606 |                                                     _strptime
import time:       123 |        123 |                                                     pandas._config.localization
import time:       393 |       1121 |                                                   pandas._libs.tslibs.fields
import time:       712 |       5215 |                                                 pandas._libs.tslibs.timedeltas
import time:       313 |        313 |                                                 pandas._libs.tslibs.tzconversion
import time:       752 |       6668 |                                               pandas._libs.tslibs.timestamps
import time:       100 |        100 |                                               dateutil.easter
import time:      1460 |       8227 |                                             pandas._libs.tslibs.offsets
import time:        76 |         76 |                                                   dateutil._common
import time:       706 |        782 |                                                 dateutil.parser._parser
import time:       295 |        295 |                                                 dateutil.parser.isoparser
import time:       164 |       1240 |                                               dateutil.parser
import time:       547 |        547 |                                               pandas._libs.tslibs.strptime
import time:       455 |       2241 |                                             pandas._libs.tslibs.parsing
import time:       333 |      10930 |                                           pandas._libs.tslibs.conversion
import time:       517 |        517 |                                           pandas._libs.tslibs.period
import time:       236 |        236 |                                           pandas._libs.tslibs.vectorized
import time:       156 |      13193 |                                         pandas._libs.tslibs
import time:        24 |      13216 |                                       pandas._libs.tslibs.nattype
import time:       183 |        183 |                                       pandas._libs.ops_dispatch
import time:       410 |      13808 |                                     pandas._libs.missing
import time:       993 |      14801 |                                   pandas._libs.hashtable
import time:       775 |        775 |                                   pandas._libs.algos
import time:       589 |      16164 |                                 pandas._libs.interval
import time:        95 |      16565 |                               pandas._libs
import time:        15 |      16580 |                             pandas._libs.tslibs
import time:      1269 |      17848 |                           pandas.errors
import time:       622 |      18543 |                         pandas.core.config_init
import time:        80 |         80 |                             pandas.core.dtypes
import time:       750 |        750 |                             pandas._libs.lib
import time:       320 |        320 |                               pandas.core.dtypes.generic
import time:       217 |        536 |                             pandas.core.dtypes.base
import time:       123 |        123 |                             pandas.core.dtypes.inference
import time:      1061 |       2548 |                           pandas.core.dtypes.dtypes
import time:       234 |        234 |                             pandas.core.dtypes.common
import time:       206 |        439 |                           pandas.core.dtypes.missing
import time:        83 |         83 |                                 pandas.io
import time:       340 |        423 |                               pandas.io._util
import time:       428 |        850 |                             pandas.core.dtypes.cast
import time:       105 |        105 |                               pandas.core.dtypes.astype
import time:       119 |        223 |                             pandas.core.dtypes.concat
import time:        69 |         69 |                               pandas.core.array_algos
import time:       268 |        268 |                                   pandas.core.col
import time:       192 |        460 |                                 pandas.core.common
import time:       158 |        618 |                               pandas.core.construction
import time:       220 |        906 |                             pandas.core.array_algos.take
import time:       140 |        140 |                               pandas.core.indexers.utils
import time:        98 |        238 |                             pandas.core.indexers
import time:       313 |       2528 |                           pandas.core.algorithms
import time:      3465 |       3465 |                                   pyarrow._compute
import time:       142 |        142 |                                   pyarrow._compute_docstrings
import time:        90 |         90 |                                   pyarrow.vendored
import time:       557 |        557 |                                   pyarrow.vendored.docscrape
import time:     17383 |      21636 |                                 pyarrow.compute
import time:       191 |      21826 |                               pandas.core.arrays.arrow.accessors
import time:       263 |        263 |                                 pandas.core.missing
import time:       266 |        266 |                                     pandas._libs.ops
import time:        86 |         86 |                                     pandas.core.roperator
import time:        88 |         88 |                                     pandas.core.computation
import time:       221 |        221 |                                       pandas.core.computation.check
import time:       178 |        398 |                                     pandas.core.computation.expressions
import time:        86 |         86 |                                     pandas.core.ops.missing
import time:        74 |         74 |                                     pandas.core.ops.dispatch
import time:        74 |         74 |                                     pandas.core.ops.invalid
import time:       263 |       1333 |                                   pandas.core.ops.array_ops
import time:       100 |        100 |                                   pandas.core.ops.common
import time:       123 |        123 |                                   pandas.core.ops.docstrings
import time:        82 |         82 |                                   pandas.core.ops.mask_ops
import time:       117 |       1754 |                                 pandas.core.ops
import time:       281 |        281 |                                 pandas.core.arraylike
import time:       202 |        202 |                                 pandas.core.arrays._arrow_string_mixins
import time:        74 |         74 |                                 pandas.core.arrays._utils
import time:       141 |        141 |                                     pandas.util._validators
import time:       242 |        383 |                                   pandas.compat.numpy.function
import time:        92 |         92 |                                   pandas.core.array_algos.quantile
import time:       168 |        168 |                                   pandas.core.sorting
import time:       482 |       1123 |                                 pandas.core.arrays.base
import time:       896 |        896 |                                   pandas.core.nanops
import time:       107 |        107 |                                   pandas.core.array_algos.masked_accumulations
import time:        98 |         98 |                                   pandas.core.array_algos.masked_reductions
import time:        67 |         67 |                                   pandas.core.array_algos.transforms
import time:        79 |         79 |                                     pandas.core.util
import time:       218 |        218 |                                     pandas._libs.hashing
import time:       152 |        449 |                                   pandas.core.util.hashing
import time:       573 |       2187 |                                 pandas.core.arrays.masked
import time:       199 |        199 |                                   pandas._libs.arrays
import time:       167 |        167 |                                     pandas.core.arrays.numeric
import time:       163 |        329 |                                   pandas.core.arrays.floating
import time:       208 |        208 |                                   pandas.core.arrays.integer
import time:       349 |        349 |                                     pandas.core.arrays._mixins
import time:        88 |         88 |                                       pandas.core.strings
import time:       310 |        397 |                                     pandas.core.strings.object_array
import time:       276 |       1021 |                                   pandas.core.arrays.numpy_
import time:        88 |         88 |                                   pandas.io.formats
import time:       152 |        152 |                                     pandas.io.formats.console
import time:       282 |        433 |                                   pandas.io.formats.printing
import time:       355 |       2631 |                                 pandas.core.arrays.string_
import time:        76 |         76 |                                   pandas.tseries
import time:       272 |        348 |                                 pandas.tseries.frequencies
import time:      1088 |       9946 |                               pandas.core.arrays.arrow.array
import time:       107 |      31878 |                             pandas.core.arrays.arrow
import time:       180 |        180 |                             pandas.core.arrays.boolean
import time:       151 |        151 |                               pandas.core.accessor
import time:       297 |        297 |                               pandas.core.base
import time:       709 |       1156 |                             pandas.core.arrays.categorical
import time:       311 |        311 |                               pandas._libs.tslib
import time:        80 |         80 |                                 pandas.core.array_algos.datetimelike_accumulations
import time:       673 |        752 |                               pandas.core.arrays.datetimelike
import time:       102 |        102 |                               pandas.core.arrays._ranges
import time:        89 |         89 |                               pandas.tseries.offsets
import time:       458 |       1709 |                             pandas.core.arrays.datetimes
import time:       345 |        345 |                               pandas.core.arrays.timedeltas
import time:       986 |       1330 |                             pandas.core.arrays.interval
import time:       437 |        437 |                             pandas.core.arrays.period
import time:       414 |        414 |                                   pandas._libs.sparse
import time:       432 |        845 |                                 pandas.core.arrays.sparse.array
import time:       207 |       1052 |                               pandas.core.arrays.sparse.accessor
import time:        94 |       1145 |                             pandas.core.arrays.sparse
import time:       255 |        255 |                             pandas.core.arrays.string_arrow
import time:       113 |      38200 |                           pandas.core.arrays
import time:       100 |        100 |                           pandas.core.flags
import time:       327 |        327 |                                 pandas._libs.internals
import time:       106 |        106 |                                   pandas.core._numba
import time:        94 |         94 |                                   pandas.core.util.numba_
import time:       164 |        362 |                                 pandas.core._numba.executor
import time:       577 |       1265 |                               pandas.core.apply
import time:       108 |        108 |                                 pandas.errors.cow
import time:       190 |        190 |                                     pandas._libs.indexing
import time:        82 |         82 |                                       pandas.core.indexes
import time:       631 |        631 |                                         pandas._libs.index
import time:       208 |        208 |                                         pandas._libs.writers
import time:       427 |        427 |                                         pandas._libs.join
import time:       105 |        105 |                                         pandas.core.array_algos.putmask
import time:       108 |        108 |                                         pandas.core.indexes.frozen
import time:       560 |        560 |                                         pandas.core.strings.accessor
import time:      1191 |       3227 |                                       pandas.core.indexes.base
import time:       157 |        157 |                                         pandas.core.indexes.extension
import time:       311 |        468 |                                       pandas.core.indexes.category
import time:       354 |        354 |                                           pandas.core.indexes.range
import time:        82 |         82 |                                             pandas.core.tools
import time:       132 |        213 |                                           pandas.core.tools.timedeltas
import time:       382 |        948 |                                         pandas.core.indexes.datetimelike
import time:        84 |         84 |                                         pandas.core.tools.times
import time:       901 |       1932 |                                       pandas.core.indexes.datetimes
import time:       774 |        774 |                                         pandas.core.indexes.multi
import time:       281 |        281 |                                         pandas.core.indexes.timedeltas
import time:       333 |       1387 |                                       pandas.core.indexes.interval
import time:       429 |        429 |                                       pandas.core.indexes.period
import time:       195 |       7716 |                                     pandas.core.indexes.api
import time:       889 |       8794 |                                   pandas.core.indexing
import time:       142 |        142 |                                   pandas.core.sample
import time:        93 |         93 |                                   pandas.core.array_algos.replace
import time:       549 |        549 |                                       pandas.core.internals.blocks
import time:       161 |        709 |                                     pandas.core.internals.api
import time:       287 |        287 |                                         pandas.core.internals.ops
import time:       639 |        926 |                                       pandas.core.internals.managers
import time:       206 |       1132 |                                     pandas.core.internals.concat
import time:        99 |       1939 |                                   pandas.core.internals
import time:       112 |        112 |                                     pandas.core.methods
import time:        81 |         81 |                                       pandas.core.reshape
import time:       243 |        324 |                                     pandas.core.reshape.concat
import time:      1281 |       1281 |                                       pandas.io.common
import time:       685 |       1965 |                                     pandas.io.formats.format
import time:       218 |       2618 |                                   pandas.core.methods.describe
import time:       119 |        119 |                                   pandas.core.shared_docs
import time:        81 |         81 |                                         pandas._libs.window
import time:       468 |        548 |                                       pandas._libs.window.aggregations
import time:       223 |        223 |                                         pandas._libs.window.indexers
import time:       230 |        453 |                                       pandas.core.indexers.objects
import time:       121 |        121 |                                       pandas.core.window.common
import time:       118 |        118 |                                       pandas.core.window.numba_
import time:        82 |         82 |                                       pandas.core.window.online
import time:       597 |        597 |                                       pandas.core.window.rolling
import time:       445 |       2362 |                                     pandas.core.window.ewm
import time:       187 |        187 |                                     pandas.core.window.expanding
import time:        98 |       2645 |                                   pandas.core.window
import time:      1369 |      17716 |                                 pandas.core.generic
import time:       248 |        248 |                                 pandas.core.internals.construction
import time:       216 |        216 |                                 pandas.core.methods.selectn
import time:       109 |        109 |                                   pandas.core.tools.numeric
import time:       135 |        244 |                                 pandas.core.reshape.melt
import time:       254 |        254 |                                   pandas._libs.reshape
import time:       856 |        856 |                                   pandas.core.indexes.accessors
import time:       131 |        131 |                                     pandas.arrays
import time:       567 |        698 |                                   pandas.core.tools.datetimes
import time:       558 |        558 |                                   pandas.io.formats.info
import time:       280 |        280 |                                     pandas.plotting._core
import time:       166 |        166 |                                     pandas.plotting._misc
import time:       114 |        558 |                                   pandas.plotting
import time:      2860 |       5781 |                                 pandas.core.series
import time:      3596 |      27907 |                               pandas.core.frame
import time:       805 |        805 |                               pandas.core.groupby.base
import time:       641 |        641 |                                 pandas._libs.groupby
import time:       164 |        164 |                                 pandas.core.groupby.numba_
import time:        76 |         76 |                                     pandas.core.groupby.categorical
import time:       301 |        377 |                                   pandas.core.groupby.grouper
import time:       426 |        803 |                                 pandas.core.groupby.ops
import time:       200 |        200 |                                 pandas.core.groupby.indexing
import time:      1006 |       2811 |                               pandas.core.groupby.groupby
import time:      1125 |      33911 |                             pandas.core.groupby.generic
import time:        85 |      33996 |                           pandas.core.groupby
import time:       169 |      77976 |                         pandas.core.api
import time:       102 |        102 |                         pandas.tseries.api
import time:        60 |         60 |                                 pandas.core.computation.common
import time:       113 |        173 |                               pandas.core.computation.align
import time:       161 |        161 |                                 pandas.core.computation.scope
import time:       338 |        498 |                               pandas.core.computation.ops
import time:       135 |        805 |                             pandas.core.computation.engines
import time:       209 |        209 |                               pandas.core.computation.parsing
import time:       860 |       1069 |                             pandas.core.computation.expr
import time:       135 |       2008 |                           pandas.core.computation.eval
import time:        71 |       2078 |                         pandas.core.computation.api
import time:       138 |        138 |                           pandas.core.reshape.encoding
import time:       594 |        594 |                           pandas.core.reshape.merge
import time:       190 |        190 |                           pandas.core.reshape.pivot
import time:       147 |        147 |                           pandas.core.reshape.tile
import time:       119 |       1187 |                         pandas.core.reshape.api
import time:        99 |         99 |                           pandas.api.executors
import time:        72 |         72 |                           pandas.api.extensions
import time:        61 |         61 |                           pandas.api.indexers
import time:        57 |         57 |                               pandas.core.interchange
import time:       592 |        649 |                             pandas.core.interchange.dataframe_protocol
import time:       198 |        198 |                               pandas.core.interchange.utils
import time:       190 |        387 |                             pandas.core.interchange.from_dataframe
import time:        69 |       1105 |                           pandas.api.interchange
import time:        73 |         73 |                             pandas.core.dtypes.api
import time:        90 |        163 |                           pandas.api.types
import time:       597 |        597 |                             pandas.core.resample
import time:       186 |        186 |                                   pandas._libs.json
import time:       178 |        178 |                                   pandas.io.json._normalize
import time:       147 |        147 |                                   pandas.io.json._table_schema
import time:       393 |        393 |                                         pandas._libs.parsers
import time:       386 |        386 |                                           pandas.io.parsers.base_parser
import time:       158 |        544 |                                         pandas.io.parsers.arrow_parser_wrapper
import time:       148 |        148 |                                         pandas.io.parsers.c_parser_wrapper
import time:       360 |        360 |                                         pandas.io.parsers.python_parser
import time:       513 |       1956 |                                       pandas.io.parsers.readers
import time:       107 |       2062 |                                     pandas.io.parsers
import time:        16 |       2077 |                                   pandas.io.parsers.readers
import time:       548 |       3133 |                                 pandas.io.json._json
import time:        88 |       3221 |                               pandas.io.json
import time:        16 |       3236 |                             pandas.io.json._json
import time:       145 |        145 |                                 pandas.io.sas.sasreader
import time:       108 |        253 |                               pandas.io.sas
import time:        14 |        267 |                             pandas.io.sas.sasreader
import time:      1003 |       1003 |                             pandas.io.stata
import time:        96 |       5197 |                           pandas.api.typing
import time:       129 |       6822 |                         pandas.api
import time:       115 |        115 |                             pandas._testing._io
import time:        97 |         97 |                             pandas._testing._warnings
import time:       192 |        192 |                               pandas._libs.testing
import time:       263 |        455 |                             pandas._testing.asserters
import time:        75 |         75 |                             pandas._testing.compat
import time:        94 |         94 |                             pandas._testing.contexts
import time:       990 |       1822 |                           pandas._testing
import time:        87 |       1909 |                         pandas.testing
import time:       122 |        122 |                         pandas.util._print_versions
import time:        94 |         94 |                           pandas.io.clipboards
import time:       106 |        106 |                               pandas.io.excel._util
import time:       160 |        160 |                               pandas.io.excel._calamine
import time:       187 |        187 |                               pandas.io.excel._odfreader
import time:       342 |        342 |                               pandas.io.excel._openpyxl
import time:       109 |        109 |                               pandas.io.excel._pyxlsb
import time:       137 |        137 |                               pandas.io.excel._xlrd
import time:       410 |       1447 |                             pandas.io.excel._base
import time:       156 |        156 |                             pandas.io.excel._odswriter
import time:       149 |        149 |                             pandas.io.excel._xlsxwriter
import time:        92 |       1841 |                           pandas.io.excel
import time:        90 |         90 |                           pandas.io.feather_format
import time:       349 |        349 |                           pandas.io.html
import time:       160 |        160 |                           pandas.io.iceberg
import time:        90 |         90 |                           pandas.io.orc
import time:       162 |        162 |                           pandas.io.parquet
import time:       132 |        132 |                             pandas.compat.pickle_compat
import time:        87 |        219 |                           pandas.io.pickle
import time:       340 |        340 |                             pandas.core.computation.pytables
import time:      1378 |       1717 |                           pandas.io.pytables
import time:        92 |         92 |                           pandas.io.spss
import time:       563 |        563 |                           pandas.io.sql
import time:       276 |        276 |                           pandas.io.xml
import time:       130 |       5776 |                         pandas.io.api
import time:        84 |         84 |                         pandas.util._tester
import time:        56 |         56 |                         pandas._version_meson
import time:       358 |     138205 |                       pandas
import time:       824 |        824 |                       aiter.ops.gemm_op_common
import time:     10901 |     149929 |                     aiter.ops.gemm_op_a8w8
import time:       888 |        888 |                     aiter.ops.gemm_op_a16w16
import time:      4615 |       4615 |                     aiter.ops.gemm_op_a4w4
import time:      7496 |       7496 |                     aiter.ops.gemm_op_a6w6
import time:       768 |        768 |                     aiter.ops.gemm_op_a8w4
import time:      2178 |       2178 |                     aiter.ops.batched_gemm_op_a8w8
import time:      1341 |       1341 |                     aiter.ops.batched_gemm_op_bf16
import time:       507 |        507 |                           aiter.ops.opus._arch
import time:       963 |        963 |                           aiter.ops.opus.bmm_op
import time:       792 |        792 |                             aiter.ops.opus.common
import time:      3038 |       3829 |                           aiter.ops.opus.gemm_op_a16w16
import time:       406 |       5704 |                         aiter.ops.opus
import time:       513 |       6217 |                       aiter.ops.opus.gemm_op_a16w16
import time:       575 |       6791 |                     aiter.ops.deepgemm
import time:      2813 |       2813 |                     aiter.ops.aiter_operator
import time:      2273 |       2273 |                     aiter.ops.activation
import time:       274 |        274 |                         aiter.ops.triton.gluon
import time:       291 |        291 |                               csrc
import time:       188 |        479 |                             csrc.cpp_itfs
import time:       124 |        603 |                           csrc.cpp_itfs.pa
import time:      5908 |       5908 |                             csrc.cpp_itfs.utils
import time:      1012 |       6919 |                           csrc.cpp_itfs.torch_utils
import time:      1767 |       9287 |                         csrc.cpp_itfs.pa.pa_ps
import time:      1082 |       1082 |                                 flydsl.utils.env
import time:       109 |        109 |                                 flydsl.utils.logger
import time:       121 |       1310 |                               flydsl.utils
import time:        96 |         96 |                               flydsl.utils.file
import time:       557 |       1963 |                             flydsl.autotune
import time:       264 |       2226 |                           flydsl
import time:       666 |        666 |                             flydsl.compiler.backends.base
import time:       103 |        103 |                                   flydsl.runtime.device_runtime.base
import time:        99 |         99 |                                     flydsl.runtime.device
import time:       102 |        200 |                                   flydsl.runtime.device_runtime.rocm
import time:       192 |        494 |                                 flydsl.runtime.device_runtime
import time:       100 |        593 |                               flydsl.runtime
import time:        11 |        603 |                             flydsl.runtime.device
import time:      9492 |      10760 |                           flydsl.compiler.backends
import time:        60 |         60 |                             flydsl._mlir
import time:     21731 |      21731 |                                     flydsl._mlir._mlir_libs._mlir
import time:      3779 |      25510 |                                   flydsl._mlir._mlir_libs
import time:        19 |      25528 |                                 flydsl._mlir._mlir_libs._mlir
import time:        11 |      25539 |                               flydsl._mlir._mlir_libs._mlir.ir
import time:       306 |      25845 |                             flydsl._mlir.ir
import time:       793 |        793 |                             flydsl._mlir._mlir_libs._mlirDialectsFly
import time:       254 |        254 |                             flydsl._mlir.extras
import time:       508 |        508 |                             flydsl._mlir.extras.types
import time:       152 |        152 |                                   flydsl._mlir.dialects
import time:       562 |        562 |                                       flydsl._mlir.dialects._ods_common
import time:      2269 |       2830 |                                     flydsl._mlir.dialects._arith_ops_gen
import time:       844 |        844 |                                     flydsl._mlir.dialects._arith_enum_gen
import time:       414 |       4087 |                                   flydsl._mlir.dialects.arith
import time:       248 |        248 |                                   flydsl.expr.meta
import time:       392 |        392 |                                       flydsl.expr.utils.print_typst
import time:       133 |        525 |                                     flydsl.expr.utils
import time:      1520 |       1520 |                                       flydsl._mlir.dialects._math_ops_gen
import time:       106 |       1626 |                                     flydsl._mlir.dialects.math
import time:       454 |       2604 |                                   flydsl.expr.utils.arith
import time:      2316 |       9405 |                                 flydsl.expr.numeric
import time:      4310 |       4310 |                                     flydsl._mlir.dialects._gpu_ops_gen
import time:      1204 |       1204 |                                     flydsl._mlir.dialects._gpu_enum_gen
import time:       467 |        467 |                                     flydsl._mlir._mlir_libs._mlirDialectsGPU
import time:       118 |        118 |                                     flydsl._mlir.extras.meta
import time:       565 |       6662 |                                   flydsl._mlir.dialects.gpu
import time:      1995 |       1995 |                                     flydsl._mlir.dialects._vector_ops_gen
import time:       396 |        396 |                                     flydsl._mlir.dialects._vector_enum_gen
import time:       184 |       2575 |                                   flydsl._mlir.dialects.vector
import time:      3923 |       3923 |                                       flydsl._mlir.dialects._fly_ops_gen
import time:       517 |        517 |                                       flydsl._mlir.dialects._fly_enum_gen
import time:       174 |       4612 |                                     flydsl._mlir.dialects.fly
import time:        98 |         98 |                                     flydsl.expr.enum
import time:      1297 |       6006 |                                   flydsl.expr.primitive
import time:      1896 |      17138 |                                 flydsl.expr.typing
import time:       363 |        363 |                                   flydsl.compiler.protocol
import time:       932 |        932 |                                   flydsl.expr.math
import time:       997 |        997 |                                   flydsl.expr.struct
import time:       262 |       2552 |                                 flydsl.expr.gpu
import time:       232 |        232 |                                 flydsl.expr.derived
import time:       279 |        279 |                                 flydsl.expr.arith
import time:       219 |      29822 |                               flydsl.expr
import time:        26 |      29847 |                             flydsl.expr.numeric
import time:       653 |      57957 |                           flydsl.compiler.jit_argument
import time:       387 |        387 |                               flydsl._mlir.dialects._func_ops_gen
import time:       355 |        742 |                             flydsl._mlir.dialects.func
import time:        81 |         81 |                             flydsl._mlir.passmanager
import time:       880 |        880 |                                 flydsl._mlir.dialects._scf_ops_gen
import time:       466 |       1346 |                               flydsl._mlir.dialects.scf
import time:      1331 |       2677 |                             flydsl.compiler.ast_rewriter
import time:       950 |        950 |                             flydsl.compiler.diagnostics
import time:       326 |        326 |                                 flydsl._mlir._mlir_libs._mlirExecutionEngine
import time:       105 |        430 |                               flydsl._mlir.execution_engine
import time:       405 |        835 |                             flydsl.compiler.jit_executor
import time:        69 |         69 |                               flydsl.compiler.mlir_utils
import time:       485 |        554 |                             flydsl.compiler.kernel_function
import time:        84 |         84 |                             flydsl.compiler.link_utils
import time:      1274 |       7193 |                           flydsl.compiler.jit_function
import time:       148 |      78283 |                         flydsl.compiler
import time:     14985 |      14985 |                           flydsl._mlir.dialects._rocdl_ops_gen
import time:       243 |      15228 |                         flydsl._mlir.dialects.rocdl
import time:        73 |         73 |                           flydsl.expr.rocdl.utils
import time:       171 |        243 |                         flydsl.expr.rocdl.cdna3
import time:     11235 |      11235 |                             flydsl._mlir.dialects._llvm_ops_gen
import time:      3510 |       3510 |                             flydsl._mlir.dialects._llvm_enum_gen
import time:       661 |        661 |                             flydsl._mlir._mlir_libs._mlirDialectsLLVM
import time:       226 |      15630 |                           flydsl._mlir.dialects.llvm
import time:       177 |        177 |                             flydsl._mlir.dialects._fly_rocdl_ops_gen
import time:       214 |        214 |                             flydsl._mlir.dialects._fly_rocdl_enum_gen
import time:       539 |        539 |                             flydsl._mlir._mlir_libs._mlirDialectsFlyROCDL
import time:       140 |       1069 |                           flydsl._mlir.dialects.fly_rocdl
import time:       108 |      16806 |                         flydsl.expr.rocdl.cdna4
import time:       119 |        119 |                         flydsl.expr.rocdl.cdna5
import time:        69 |         69 |                         flydsl.expr.rocdl.rdna3
import time:        53 |         53 |                         flydsl.expr.rocdl.rdna4
import time:        70 |         70 |                         flydsl.expr.rocdl.enum
import time:       165 |        165 |                         flydsl.expr.rocdl.universal
import time:        79 |         79 |                         flydsl.expr.rocdl.inline_asm
import time:      1413 |       1413 |                             flydsl._mlir.dialects._memref_ops_gen
import time:       143 |       1556 |                           flydsl._mlir.dialects.memref
import time:       203 |       1758 |                         flydsl.utils.smem_allocator
import time:       268 |        268 |                             aiter.ops.flydsl.moe_common
import time:       105 |        105 |                             aiter.ops.flydsl.utils
import time:        95 |         95 |                                 aiter.ops.flydsl.kernels
import time:       303 |        303 |                                 aiter.ops.flydsl.kernels.buffer_ops
import time:       344 |        344 |                                     flydsl._mlir.dialects._builtin_ops_gen
import time:       286 |        630 |                                   flydsl._mlir.dialects.builtin
import time:       117 |        747 |                                 aiter.ops.flydsl.kernels.kernels_common
import time:       176 |        176 |                                   aiter.ops.flydsl.kernels.vector
import time:       308 |        484 |                                 aiter.ops.flydsl.kernels.tensor_shim
import time:       750 |       2377 |                               aiter.ops.flydsl.kernels.flash_attn_func_gfx1201
import time:        78 |         78 |                                 aiter.ops.flydsl.kernels.fmha_gfx1250
import time:       990 |        990 |                                 flydsl.expr.rocdl.tdm_ops
import time:      1650 |       1650 |                                   aiter.ops.flydsl.kernels.fmha_gfx1250.fmha_schedule
import time:       559 |       2208 |                                 aiter.ops.flydsl.kernels.fmha_gfx1250.fmha_core_loop
import time:       265 |        265 |                                 aiter.ops.flydsl.kernels.fmha_gfx1250.fmha_prologue
import time:       926 |       4466 |                               aiter.ops.flydsl.kernels.fmha_gfx1250.fmha_kernel
import time:       341 |       7183 |                             aiter.ops.flydsl.fmha_kernels
import time:       378 |        378 |                                   aiter.ops.flydsl.kernels.splitk_hgemm
import time:       466 |        844 |                                 aiter.ops.flydsl.kernels.small_m_hgemm
import time:        75 |        918 |                               aiter.ops.flydsl.kernels.hgemm_dispatch
import time:   2433190 |    2434108 |                             aiter.ops.flydsl.gemm_kernels
import time:       340 |        340 |                               aiter.ops.flydsl.kernels.mqa_logits
import time:       727 |       1067 |                             aiter.ops.flydsl.kernels.mqa_logits.fp8_mqa_logits
import time:        96 |         96 |                               aiter.ops.flydsl.kernels.mqa_logits.pa_mqa_logits_fp4_common
import time:      1715 |       1810 |                             aiter.ops.flydsl.kernels.mqa_logits.pa_mqa_logits_fp4
import time:      1397 |       1397 |                             aiter.ops.flydsl.kernels.mqa_logits.pa_mqa_logits_fp4_prefill
import time:       413 |        413 |                                 flydsl.expr.rocdl.cluster
import time:       451 |        864 |                               aiter.ops.flydsl.kernels.gemm_common_gfx1250
import time:       229 |        229 |                               aiter.ops.flydsl.kernels.quant_utils
import time:       914 |       2005 |                             aiter.ops.flydsl.kernels.qk_norm_rope_quant
import time:       616 |        616 |                               aiter.ops.flydsl.kernels.mla_reduce
import time:       208 |        823 |                             aiter.ops.flydsl.mla_reduce_kernels
import time:      5672 |       5672 |                             aiter.ops.flydsl.moe_kernels
import time:    243160 |    2697593 |                           aiter.ops.flydsl
import time:        31 |    2697624 |                         aiter.ops.flydsl.kernels
import time:       130 |        130 |                         triton.experimental.gluon.language.amd.cdna3.sched_barrier
import time:     38572 |    2858754 |                       aiter.ops.triton.gluon.pa_decode_gluon
import time:      3590 |       3590 |                       csrc.cpp_itfs.pa.pa
import time:      3335 |       3335 |                       csrc.cpp_itfs.pa.pa_ragged
import time:      3247 |       3247 |                       csrc.cpp_itfs.pa.pa_v1
import time:     13121 |    2882044 |                     aiter.ops.attention
import time:      1331 |       1331 |                     aiter.ops.custom
import time:     10289 |      10289 |                     aiter.ops.custom_all_reduce
import time:      1054 |       1054 |                     aiter.ops.quick_all_reduce
import time:      7508 |       7508 |                     aiter.ops.moe_op
import time:       587 |        587 |                     aiter.ops.moe_sorting
import time:       937 |        937 |                     aiter.ops.moe_sorting_opus
import time:      1982 |       1982 |                     aiter.ops.moe_mxfp4_aux
import time:      1269 |       1269 |                     aiter.ops.mla_sparse_prefill
import time:      2679 |       2679 |                     aiter.ops.pa_sparse_prefill_opus
import time:       784 |        784 |                     aiter.ops.pos_encoding
import time:      3927 |       3927 |                     aiter.ops.cache
import time:      5567 |       5567 |                     aiter.ops.rmsnorm
import time:       112 |        112 |                         aiter.dist
import time:     11202 |      11314 |                       aiter.dist.parallel_state
import time:       435 |      11749 |                     aiter.ops.communication
import time:     10493 |      10493 |                     aiter.ops.rope
import time:      4364 |       4364 |                     aiter.ops.topk
import time:      1006 |       1006 |                     aiter.ops.topk_plain
import time:       168 |        168 |                       aiter.jit.utils.mha_recipes
import time:     19136 |      19303 |                     aiter.ops.mha
import time:      1197 |       1197 |                     aiter.ops.vsa_sparse_attention
import time:     27495 |      27495 |                     aiter.ops.gradlib
import time:      1168 |       1168 |                     aiter.ops.trans_ragged_layout
import time:      2555 |       2555 |                     aiter.ops.sample
import time:       761 |        761 |                     aiter.ops.fused_qk_norm_mrope_cache_quant
import time:       985 |        985 |                     aiter.ops.fused_qknorm_idxrqknorm
import time:      6227 |       6227 |                     aiter.ops.fused_qk_norm_rope_cache_quant
import time:      1586 |       1586 |                     aiter.ops.fused_qk_rmsnorm_group_quant
import time:       960 |        960 |                     aiter.ops.inverse_rope_group_quant
import time:      1058 |       1058 |                     aiter.ops.groupnorm
import time:      4910 |       4910 |                     aiter.ops.mhc
import time:       538 |        538 |                     aiter.ops.causal_conv1d_update
import time:       788 |        788 |                     aiter.ops.fused_split_gdr_update
import time:      1146 |       1146 |                     aiter.ops.gdr_decode_packed_bf16
import time:      6690 |       6690 |                     aiter.mla
import time:       264 |        264 |                         iris
import time:       133 |        396 |                       aiter.ops.triton.comms.all_gather
import time:       116 |        511 |                     aiter.ops.triton.comms
import time:      1556 |    4773008 |                   aiter
import time:        11 |    4773018 |                 aiter.ops
import time:      2092 |    4775110 |               aiter.ops.shuffle
import time:      1000 |    4776109 |             sglang.srt.layers.quantization.mxfp4
import time:       216 |        216 |             sglang.srt.layers.quantization.npu_mxfp4
import time:       122 |        122 |             sglang.srt.layers.quantization.npu_mxfp4_w4a4
import time:       315 |        315 |             sglang.srt.layers.quantization.nvfp4_online
import time:      1117 |       1117 |                   petit_kernel.ops
import time:       300 |       1416 |                 petit_kernel
import time:       135 |       1551 |               sglang.srt.layers.quantization.petit_utils
import time:       287 |       1837 |             sglang.srt.layers.quantization.petit
import time:        89 |         89 |               sglang.srt.layers.quantization.quark
import time:       129 |        129 |                 sglang.srt.layers.quantization.quark.schemes.quark_scheme
import time:       168 |        168 |                   sglang.srt.layers.quantization.dequantization
import time:        96 |         96 |                   sglang.srt.layers.quantization.online_quantization
import time:       325 |        325 |                   sglang.srt.layers.quantization.quark.utils
import time:       118 |        118 |                       aiter.ops.triton.gemm
import time:       121 |        238 |                     aiter.ops.triton.gemm.fused
import time:       121 |        121 |                         aiter.ops.triton._triton_kernels.gemm
import time:       125 |        245 |                       aiter.ops.triton._triton_kernels.gemm.basic
import time:       538 |        538 |                       aiter.ops.triton.utils._triton.kernel_repr
import time:      1998 |       1998 |                       aiter.ops.triton.utils._triton.pid_preprocessing
import time:       746 |        746 |                         aiter.ops.triton.utils.config_utils
import time:      1198 |       1943 |                       aiter.ops.triton.utils.gemm_config_utils
import time:      6144 |      10866 |                     aiter.ops.triton._triton_kernels.gemm.basic.gemm_afp4wfp4
import time:       128 |        128 |                       aiter.ops.triton._triton_kernels.gemm.fused
import time:      6394 |       6521 |                     aiter.ops.triton._triton_kernels.gemm.fused.fused_gemm_afp4wfp4_split_cat
import time:       125 |        125 |                       aiter.ops.triton.gemm.basic
import time:       137 |        137 |                         aiter.ops.triton._triton_kernels.common
import time:      1913 |       2050 |                       aiter.ops.triton._triton_kernels.common.splitk_reduce
import time:       401 |        401 |                       aiter.ops.triton.utils.common_utils
import time:      2542 |       5116 |                     aiter.ops.triton.gemm.basic.gemm_afp4wfp4
import time:      1301 |      24040 |                   aiter.ops.triton.gemm.fused.fused_gemm_afp4wfp4_split_cat
import time:      2345 |       2345 |                   aiter.ops.triton.gemm_afp4wfp4
import time:      3613 |       3613 |                       aiter.ops.triton._triton_kernels.gemm.basic.gemm_a16wfp4
import time:      1927 |       5540 |                     aiter.ops.triton.gemm.basic.gemm_a16wfp4
import time:       482 |       6021 |                   aiter.ops.triton.gemm_afp4wfp4_pre_quant_atomic
import time:      1021 |      34013 |                 sglang.srt.layers.quantization.quark.schemes.quark_w4a4_mxfp4
import time:       363 |        363 |                 sglang.srt.layers.quantization.quark.schemes.quark_w4a4_mxfp4_moe
import time:       206 |        206 |                 sglang.srt.layers.quantization.quark.schemes.quark_w4a8_mxfp4_moe
import time:       171 |        171 |                 sglang.srt.layers.quantization.quark.schemes.quark_w8a8_fp8
import time:       147 |        147 |                 sglang.srt.layers.quantization.quark.schemes.quark_w8a8_fp8_moe
import time:       107 |      35133 |               sglang.srt.layers.quantization.quark.schemes
import time:       600 |      35820 |             sglang.srt.layers.quantization.quark.quark
import time:       105 |        105 |               sglang.srt.layers.int4fp8_utils
import time:       313 |        417 |             sglang.srt.layers.quantization.quark_int4fp8_moe
import time:       158 |        158 |             sglang.srt.layers.quantization.w8a8_fp8
import time:       314 |        314 |             sglang.srt.layers.quantization.w8a8_int8
import time:       353 |    5287125 |           sglang.srt.layers.quantization
import time:       353 |        353 |             sglang.kernels.ops.kv_canary.consts
import time:       151 |        151 |             sglang.srt.arg_groups.argparse_actions
import time:        84 |         84 |               sglang.srt.function_call
import time:        46 |         46 |                   sglang.srt.entrypoints
import time:        90 |        136 |                 sglang.srt.entrypoints.openai
import time:    328070 |     328070 |                             openai._types
import time:       275 |        275 |                                 openai._utils._utils
import time:       221 |        496 |                               openai._utils._logs
import time:       120 |        120 |                               openai._utils._sync
import time:       146 |        146 |                               openai._utils._proxy
import time:       498 |        498 |                                 openai._utils._datetime_parse
import time:        92 |        589 |                               openai._utils._compat
import time:       132 |        132 |                               openai._utils._typing
import time:        87 |         87 |                               openai._utils._streams
import time:       192 |        192 |                                 openai._files
import time:       198 |        390 |                               openai._utils._transform
import time:        98 |         98 |                               openai._utils._reflection
import time:       330 |       2384 |                             openai._utils
import time:       429 |        429 |                             openai._compat
import time:        94 |         94 |                             openai._constants
import time:       135 |        135 |                             pydantic._internal._serializers
import time:      3757 |     334866 |                           openai._models
import time:       322 |        322 |                           openai.types.batch_error
import time:       435 |        435 |                           openai.types.batch_usage
import time:       116 |        116 |                               openai.types.shared.metadata
import time:       106 |        106 |                                 openai.types.shared.reasoning_effort
import time:       304 |        410 |                               openai.types.shared.reasoning
import time:       108 |        108 |                                 openai.types.shared.chat_model
import time:       125 |        233 |                               openai.types.shared.all_models
import time:       250 |        250 |                               openai.types.shared.error_object
import time:       395 |        395 |                                 openai.types.shared.comparison_filter
import time:       233 |        627 |                               openai.types.shared.compound_filter
import time:        95 |         95 |                               openai.types.shared.responses_model
import time:        63 |         63 |                                 openai.types.shared.function_parameters
import time:       260 |        323 |                               openai.types.shared.function_definition
import time:       198 |        198 |                               openai.types.shared.response_format_text
import time:       350 |        350 |                               openai.types.shared.custom_tool_input_format
import time:       185 |        185 |                               openai.types.shared.response_format_json_object
import time:       434 |        434 |                               openai.types.shared.response_format_json_schema
import time:       187 |        187 |                               openai.types.shared.response_format_text_python
import time:       180 |        180 |                               openai.types.shared.response_format_text_grammar
import time:       196 |       3775 |                             openai.types.shared
import time:        20 |       3794 |                           openai.types.shared.metadata
import time:       188 |        188 |                           openai.types.batch_request_counts
import time:       772 |     340375 |                         openai.types.batch
import time:       219 |        219 |                         openai.types.image
import time:       221 |        221 |                         openai.types.model
import time:        72 |         72 |                           openai.types.video_size
import time:        61 |         61 |                           openai.types.video_model
import time:        58 |         58 |                           openai.types.video_seconds
import time:       162 |        162 |                           openai.types.video_create_error
import time:       355 |        707 |                         openai.types.video
import time:       307 |        307 |                           openai.types.file_object
import time:       285 |        592 |                         openai.types.upload
import time:       207 |        207 |                         openai.types.embedding
import time:        68 |         68 |                         openai.types.chat_model
import time:       538 |        538 |                           openai.types.completion_usage
import time:       436 |        436 |                           openai.types.completion_choice
import time:       261 |       1234 |                         openai.types.completion
import time:      1443 |       1443 |                         openai.types.moderation
import time:       100 |        100 |                         openai.types.audio_model
import time:        70 |         70 |                         openai.types.image_model
import time:        51 |         51 |                         openai.types.file_content
import time:       182 |        182 |                         openai.types.file_deleted
import time:        83 |         83 |                         openai.types.file_purpose
import time:       557 |        557 |                         openai.types.vector_store
import time:       180 |        180 |                         openai.types.model_deleted
import time:        77 |         77 |                         openai.types.embedding_model
import time:       675 |        675 |                         openai.types.images_response
import time:       167 |        167 |                         openai.types.eval_list_params
import time:       120 |        120 |                         openai.types.file_list_params
import time:        75 |         75 |                         openai.types.moderation_model
import time:        87 |         87 |                         openai.types.batch_list_params
import time:       303 |        303 |                         openai.types.image_edit_params
import time:       109 |        109 |                         openai.types.video_list_params
import time:        97 |         97 |                               openai.types.shared_params.metadata
import time:       120 |        120 |                               openai.types.shared_params.reasoning
import time:        66 |         66 |                               openai.types.shared_params.chat_model
import time:       123 |        123 |                                 openai.types.shared_params.comparison_filter
import time:       110 |        233 |                               openai.types.shared_params.compound_filter
import time:        76 |         76 |                               openai.types.shared_params.responses_model
import time:        61 |         61 |                               openai.types.shared_params.reasoning_effort
import time:        51 |         51 |                                 openai.types.shared_params.function_parameters
import time:       104 |        155 |                               openai.types.shared_params.function_definition
import time:        80 |         80 |                               openai.types.shared_params.response_format_text
import time:       134 |        134 |                               openai.types.shared_params.custom_tool_input_format
import time:        79 |         79 |                               openai.types.shared_params.response_format_json_object
import time:       130 |        130 |                               openai.types.shared_params.response_format_json_schema
import time:       109 |       1336 |                             openai.types.shared_params
import time:        16 |       1352 |                           openai.types.shared_params.metadata
import time:       302 |        302 |                                 openai.types.graders.python_grader
import time:       590 |        590 |                                         openai.types.responses.web_search_tool
import time:       270 |        270 |                                         openai.types.responses.custom_tool
import time:       231 |        231 |                                         openai.types.responses.computer_tool
import time:       242 |        242 |                                         openai.types.responses.function_tool
import time:       426 |        426 |                                         openai.types.responses.file_search_tool
import time:       446 |        446 |                                         openai.types.responses.web_search_preview_tool
import time:      1944 |       4145 |                                       openai.types.responses.tool
import time:       227 |        227 |                                         openai.types.responses.response_error
import time:       383 |        383 |                                         openai.types.responses.response_usage
import time:       226 |        226 |                                           openai.types.responses.response_input_file
import time:       175 |        175 |                                           openai.types.responses.response_input_text
import time:       243 |        243 |                                           openai.types.responses.response_input_image
import time:       267 |        910 |                                         openai.types.responses.response_prompt
import time:        87 |         87 |                                         openai.types.responses.response_status
import time:       180 |        180 |                                         openai.types.responses.tool_choice_mcp
import time:       168 |        168 |                                         openai.types.responses.tool_choice_types
import time:       159 |        159 |                                         openai.types.responses.tool_choice_custom
import time:       304 |        304 |                                                 openai.types.responses.response_input_audio
import time:       162 |        466 |                                               openai.types.responses.response_input_content
import time:        69 |        534 |                                             openai.types.responses.response_input_message_content_list
import time:       230 |        763 |                                           openai.types.responses.easy_input_message
import time:       977 |        977 |                                             openai.types.responses.response_output_text
import time:       926 |        926 |                                             openai.types.responses.response_output_refusal
import time:       293 |       2194 |                                           openai.types.responses.response_output_message
import time:       530 |        530 |                                           openai.types.responses.response_reasoning_item
import time:       228 |        228 |                                           openai.types.responses.response_custom_tool_call
import time:      1467 |       1467 |                                           openai.types.responses.response_computer_tool_call
import time:       254 |        254 |                                           openai.types.responses.response_function_tool_call
import time:       745 |        745 |                                           openai.types.responses.response_function_web_search
import time:       466 |        466 |                                           openai.types.responses.response_file_search_tool_call
import time:       277 |        277 |                                           openai.types.responses.response_custom_tool_call_output
import time:       510 |        510 |                                           openai.types.responses.response_code_interpreter_tool_call
import time:       206 |        206 |                                               openai.types.responses.response_input_file_content
import time:       185 |        185 |                                               openai.types.responses.response_input_text_content
import time:       226 |        226 |                                               openai.types.responses.response_input_image_content
import time:       105 |        721 |                                             openai.types.responses.response_function_call_output_item
import time:        89 |        809 |                                           openai.types.responses.response_function_call_output_item_list
import time:       265 |        265 |                                           openai.types.responses.response_computer_tool_call_output_screenshot
import time:      2317 |      10821 |                                         openai.types.responses.response_input_item
import time:       245 |        245 |                                         openai.types.responses.tool_choice_allowed
import time:        95 |         95 |                                         openai.types.responses.tool_choice_options
import time:      1129 |       1129 |                                         openai.types.responses.response_output_item
import time:       266 |        266 |                                             openai.types.responses.response_format_text_json_schema_config
import time:       108 |        373 |                                           openai.types.responses.response_format_text_config
import time:       219 |        591 |                                         openai.types.responses.response_text_config
import time:       183 |        183 |                                         openai.types.responses.tool_choice_function
import time:      1067 |      16239 |                                       openai.types.responses.response
import time:       237 |        237 |                                         openai.types.responses.web_search_tool_param
import time:       311 |        311 |                                               openai.types.chat.chat_completion_audio
import time:       283 |        283 |                                                 openai.types.chat.chat_completion_message_custom_tool_call
import time:       267 |        267 |                                                 openai.types.chat.chat_completion_message_function_tool_call
import time:       123 |        672 |                                               openai.types.chat.chat_completion_message_tool_call
import time:       602 |       1584 |                                             openai.types.chat.chat_completion_message
import time:       349 |        349 |                                             openai.types.chat.chat_completion_token_logprob
import time:       662 |       2595 |                                           openai.types.chat.chat_completion
import time:       115 |        115 |                                           openai.types.chat.chat_completion_role
import time:      1110 |       1110 |                                           openai.types.chat.chat_completion_chunk
import time:       161 |        161 |                                           openai.types.chat.completion_list_params
import time:       368 |        368 |                                             openai.types.chat.parsed_function_tool_call
import time:       736 |       1104 |                                           openai.types.chat.parsed_chat_completion
import time:       220 |        220 |                                           openai.types.chat.chat_completion_deleted
import time:        83 |         83 |                                           openai.types.chat.chat_completion_modality
import time:       155 |        155 |                                             openai.types.chat.chat_completion_audio_param
import time:        98 |         98 |                                                 openai.types.chat.chat_completion_content_part_text_param
import time:       107 |        204 |                                               openai.types.chat.chat_completion_tool_message_param
import time:       121 |        121 |                                                   openai.types.chat.chat_completion_content_part_image_param
import time:       116 |        116 |                                                   openai.types.chat.chat_completion_content_part_input_audio_param
import time:       134 |        370 |                                                 openai.types.chat.chat_completion_content_part_param
import time:        99 |        468 |                                               openai.types.chat.chat_completion_user_message_param
import time:       110 |        110 |                                               openai.types.chat.chat_completion_system_message_param
import time:       105 |        105 |                                               openai.types.chat.chat_completion_function_message_param
import time:       102 |        102 |                                                 openai.types.chat.chat_completion_content_part_refusal_param
import time:       135 |        135 |                                                   openai.types.chat.chat_completion_message_custom_tool_call_param
import time:       112 |        112 |                                                   openai.types.chat.chat_completion_message_function_tool_call_param
import time:        85 |        331 |                                                 openai.types.chat.chat_completion_message_tool_call_union_param
import time:       190 |        621 |                                               openai.types.chat.chat_completion_assistant_message_param
import time:       205 |        205 |                                               openai.types.chat.chat_completion_developer_message_param
import time:       107 |       1818 |                                             openai.types.chat.chat_completion_message_param
import time:       224 |        224 |                                               openai.types.chat.chat_completion_custom_tool_param
import time:        96 |         96 |                                               openai.types.chat.chat_completion_function_tool_param
import time:        85 |        404 |                                             openai.types.chat.chat_completion_tool_union_param
import time:        83 |         83 |                                             openai.types.chat.chat_completion_stream_options_param
import time:        94 |         94 |                                             openai.types.chat.chat_completion_prediction_content_param
import time:       100 |        100 |                                               openai.types.chat.chat_completion_named_tool_choice_param
import time:        87 |         87 |                                                 openai.types.chat.chat_completion_allowed_tools_param
import time:        83 |        169 |                                               openai.types.chat.chat_completion_allowed_tool_choice_param
import time:        96 |         96 |                                               openai.types.chat.chat_completion_named_tool_choice_custom_param
import time:        91 |        454 |                                             openai.types.chat.chat_completion_tool_choice_option_param
import time:        86 |         86 |                                             openai.types.chat.chat_completion_function_call_option_param
import time:       609 |       3699 |                                           openai.types.chat.completion_create_params
import time:        97 |         97 |                                           openai.types.chat.completion_update_params
import time:        60 |         60 |                                           openai.types.chat.chat_completion_tool_param
import time:       218 |        218 |                                           openai.types.chat.chat_completion_function_tool
import time:       194 |        194 |                                             openai.types.chat.chat_completion_content_part_text
import time:       328 |        328 |                                             openai.types.chat.chat_completion_content_part_image
import time:       388 |        909 |                                           openai.types.chat.chat_completion_store_message
import time:        76 |         76 |                                           openai.types.chat.chat_completion_reasoning_effort
import time:        58 |         58 |                                           openai.types.chat.chat_completion_message_tool_call_param
import time:       219 |      10715 |                                         openai.types.chat
import time:       131 |        131 |                                         openai.types.responses.custom_tool_param
import time:       121 |        121 |                                         openai.types.responses.computer_tool_param
import time:       118 |        118 |                                         openai.types.responses.function_tool_param
import time:       162 |        162 |                                         openai.types.responses.file_search_tool_param
import time:       152 |        152 |                                         openai.types.responses.web_search_preview_tool_param
import time:       626 |      12260 |                                       openai.types.responses.tool_param
import time:       268 |        268 |                                         openai.types.responses.response_input_message_item
import time:       225 |        225 |                                         openai.types.responses.response_function_tool_call_item
import time:       427 |        427 |                                         openai.types.responses.response_computer_tool_call_output_item
import time:       384 |        384 |                                         openai.types.responses.response_function_tool_call_output_item
import time:      1379 |       2682 |                                       openai.types.responses.response_item
import time:      1877 |       1877 |                                       openai.types.responses.parsed_response
import time:       324 |        324 |                                       openai.types.responses.response_item_list
import time:       106 |        106 |                                       openai.types.responses.response_includable
import time:       258 |        258 |                                       openai.types.responses.response_error_event
import time:       136 |        136 |                                             openai.types.responses.response_input_file_param
import time:        99 |         99 |                                             openai.types.responses.response_input_text_param
import time:       132 |        132 |                                             openai.types.responses.response_input_audio_param
import time:       112 |        112 |                                             openai.types.responses.response_input_image_param
import time:       106 |        582 |                                           openai.types.responses.response_input_message_content_list_param
import time:       112 |        694 |                                         openai.types.responses.easy_input_message_param
import time:       458 |        458 |                                           openai.types.responses.response_output_text_param
import time:       103 |        103 |                                           openai.types.responses.response_output_refusal_param
import time:       142 |        702 |                                         openai.types.responses.response_output_message_param
import time:       188 |        188 |                                         openai.types.responses.response_reasoning_item_param
import time:       112 |        112 |                                         openai.types.responses.response_custom_tool_call_param
import time:       486 |        486 |                                         openai.types.responses.response_computer_tool_call_param
import time:       126 |        126 |                                         openai.types.responses.response_function_tool_call_param
import time:       242 |        242 |                                         openai.types.responses.response_function_web_search_param
import time:       182 |        182 |                                         openai.types.responses.response_file_search_tool_call_param
import time:       190 |        190 |                                         openai.types.responses.response_custom_tool_call_output_param
import time:       206 |        206 |                                         openai.types.responses.response_code_interpreter_tool_call_param
import time:       110 |        110 |                                           openai.types.responses.response_input_file_content_param
import time:        82 |         82 |                                           openai.types.responses.response_input_text_content_param
import time:       108 |        108 |                                           openai.types.responses.response_input_image_content_param
import time:       107 |        406 |                                         openai.types.responses.response_function_call_output_item_list_param
import time:       100 |        100 |                                         openai.types.responses.response_computer_tool_call_output_screenshot_param
import time:       862 |       4489 |                                       openai.types.responses.response_input_param
import time:       293 |        293 |                                       openai.types.responses.response_failed_event
import time:       163 |        163 |                                       openai.types.responses.response_prompt_param
import time:       245 |        245 |                                       openai.types.responses.response_queued_event
import time:       234 |        234 |                                         openai.types.responses.response_created_event
import time:       233 |        233 |                                         openai.types.responses.response_completed_event
import time:       541 |        541 |                                         openai.types.responses.response_text_done_event
import time:       220 |        220 |                                         openai.types.responses.response_audio_done_event
import time:       190 |        190 |                                         openai.types.responses.response_incomplete_event
import time:       476 |        476 |                                         openai.types.responses.response_text_delta_event
import time:       250 |        250 |                                         openai.types.responses.response_audio_delta_event
import time:       196 |        196 |                                         openai.types.responses.response_in_progress_event
import time:       209 |        209 |                                         openai.types.responses.response_refusal_done_event
import time:       209 |        209 |                                         openai.types.responses.response_refusal_delta_event
import time:       190 |        190 |                                         openai.types.responses.response_mcp_call_failed_event
import time:       216 |        216 |                                         openai.types.responses.response_output_item_done_event
import time:       357 |        357 |                                         openai.types.responses.response_content_part_done_event
import time:       214 |        214 |                                         openai.types.responses.response_output_item_added_event
import time:       409 |        409 |                                         openai.types.responses.response_content_part_added_event
import time:       206 |        206 |                                         openai.types.responses.response_mcp_call_completed_event
import time:       210 |        210 |                                         openai.types.responses.response_reasoning_text_done_event
import time:       191 |        191 |                                         openai.types.responses.response_mcp_call_in_progress_event
import time:       205 |        205 |                                         openai.types.responses.response_reasoning_text_delta_event
import time:       192 |        192 |                                         openai.types.responses.response_audio_transcript_done_event
import time:       188 |        188 |                                         openai.types.responses.response_mcp_list_tools_failed_event
import time:       177 |        177 |                                         openai.types.responses.response_audio_transcript_delta_event
import time:       195 |        195 |                                         openai.types.responses.response_mcp_call_arguments_done_event
import time:       185 |        185 |                                         openai.types.responses.response_image_gen_call_completed_event
import time:       197 |        197 |                                         openai.types.responses.response_mcp_call_arguments_delta_event
import time:       232 |        232 |                                         openai.types.responses.response_mcp_list_tools_completed_event
import time:       212 |        212 |                                         openai.types.responses.response_image_gen_call_generating_event
import time:       195 |        195 |                                         openai.types.responses.response_web_search_call_completed_event
import time:       185 |        185 |                                         openai.types.responses.response_web_search_call_searching_event
import time:       205 |        205 |                                         openai.types.responses.response_file_search_call_completed_event
import time:       184 |        184 |                                         openai.types.responses.response_file_search_call_searching_event
import time:       181 |        181 |                                         openai.types.responses.response_image_gen_call_in_progress_event
import time:       183 |        183 |                                         openai.types.responses.response_mcp_list_tools_in_progress_event
import time:       193 |        193 |                                         openai.types.responses.response_custom_tool_call_input_done_event
import time:       343 |        343 |                                         openai.types.responses.response_reasoning_summary_part_done_event
import time:       207 |        207 |                                         openai.types.responses.response_reasoning_summary_text_done_event
import time:       187 |        187 |                                         openai.types.responses.response_web_search_call_in_progress_event
import time:       196 |        196 |                                         openai.types.responses.response_custom_tool_call_input_delta_event
import time:       229 |        229 |                                         openai.types.responses.response_file_search_call_in_progress_event
import time:       209 |        209 |                                         openai.types.responses.response_function_call_arguments_done_event
import time:       205 |        205 |                                         openai.types.responses.response_image_gen_call_partial_image_event
import time:       218 |        218 |                                         openai.types.responses.response_output_text_annotation_added_event
import time:       323 |        323 |                                         openai.types.responses.response_reasoning_summary_part_added_event
import time:       259 |        259 |                                         openai.types.responses.response_reasoning_summary_text_delta_event
import time:       197 |        197 |                                         openai.types.responses.response_function_call_arguments_delta_event
import time:       192 |        192 |                                         openai.types.responses.response_code_interpreter_call_code_done_event
import time:       183 |        183 |                                         openai.types.responses.response_code_interpreter_call_completed_event
import time:       216 |        216 |                                         openai.types.responses.response_code_interpreter_call_code_delta_event
import time:       182 |        182 |                                         openai.types.responses.response_code_interpreter_call_in_progress_event
import time:       185 |        185 |                                         openai.types.responses.response_code_interpreter_call_interpreting_event
import time:       604 |      11970 |                                       openai.types.responses.response_stream_event
import time:       151 |        151 |                                       openai.types.responses.tool_choice_mcp_param
import time:       139 |        139 |                                       openai.types.responses.input_item_list_params
import time:       102 |        102 |                                         openai.types.responses.tool_choice_types_param
import time:       105 |        105 |                                         openai.types.responses.tool_choice_custom_param
import time:       108 |        108 |                                         openai.types.responses.tool_choice_allowed_param
import time:       116 |        116 |                                             openai.types.responses.response_format_text_json_schema_config_param
import time:        73 |        188 |                                           openai.types.responses.response_format_text_config_param
import time:        94 |        282 |                                         openai.types.responses.response_text_config_param
import time:        90 |         90 |                                         openai.types.responses.tool_choice_function_param
import time:        76 |         76 |                                         openai.types.responses.response_conversation_param
import time:       569 |       1329 |                                       openai.types.responses.response_create_params
import time:       784 |        784 |                                         openai.types.responses.response_input_item_param
import time:       245 |       1028 |                                       openai.types.responses.input_token_count_params
import time:       177 |        177 |                                       openai.types.responses.response_retrieve_params
import time:       246 |        246 |                                       openai.types.responses.input_token_count_response
import time:        85 |         85 |                                       openai.types.responses.response_input_content_param
import time:        70 |         70 |                                       openai.types.responses.response_function_call_output_item_param
import time:       453 |      58720 |                                     openai.types.responses
import time:        16 |      58735 |                                   openai.types.responses.response_input_text
import time:       968 |      59702 |                                 openai.types.graders.label_model_grader
import time:      1079 |       1079 |                                 openai.types.graders.score_model_grader
import time:       304 |        304 |                                 openai.types.graders.string_check_grader
import time:       291 |        291 |                                 openai.types.graders.text_similarity_grader
import time:       282 |      61959 |                               openai.types.graders.multi_grader
import time:       127 |        127 |                                 openai.types.graders.python_grader_param
import time:       308 |        308 |                                 openai.types.graders.label_model_grader_param
import time:       377 |        377 |                                 openai.types.graders.score_model_grader_param
import time:       128 |        128 |                                 openai.types.graders.string_check_grader_param
import time:       123 |        123 |                                 openai.types.graders.text_similarity_grader_param
import time:       159 |       1219 |                               openai.types.graders.multi_grader_param
import time:        94 |      63271 |                             openai.types.graders
import time:        15 |      63285 |                           openai.types.graders.python_grader_param
import time:       518 |      65154 |                         openai.types.eval_create_params
import time:       251 |        251 |                           openai.types.eval_custom_data_source_config
import time:       331 |        331 |                           openai.types.eval_stored_completions_data_source_config
import time:      1519 |       2100 |                         openai.types.eval_list_response
import time:       136 |        136 |                         openai.types.eval_update_params
import time:       146 |        146 |                         openai.types.file_create_params
import time:        84 |         84 |                         openai.types.video_remix_params
import time:       148 |        148 |                         openai.types.batch_create_params
import time:       123 |        123 |                         openai.types.video_create_params
import time:       878 |        878 |                         openai.types.eval_create_response
import time:       194 |        194 |                         openai.types.eval_delete_response
import time:       928 |        928 |                         openai.types.eval_update_response
import time:       182 |        182 |                         openai.types.upload_create_params
import time:       210 |        210 |                         openai.types.vector_store_deleted
import time:        86 |         86 |                         openai.types.audio_response_format
import time:       113 |        113 |                         openai.types.container_list_params
import time:       282 |        282 |                         openai.types.image_generate_params
import time:       209 |        209 |                         openai.types.video_delete_response
import time:       926 |        926 |                         openai.types.eval_retrieve_response
import time:       175 |        175 |                           openai.types.other_file_chunking_strategy_object
import time:       159 |        159 |                             openai.types.static_file_chunking_strategy
import time:       183 |        341 |                           openai.types.static_file_chunking_strategy_object
import time:       117 |        632 |                         openai.types.file_chunking_strategy
import time:       478 |        478 |                           openai.types.image_gen_completed_event
import time:       246 |        246 |                           openai.types.image_gen_partial_image_event
import time:       112 |        834 |                         openai.types.image_gen_stream_event
import time:       117 |        117 |                         openai.types.upload_complete_params
import time:       138 |        138 |                         openai.types.container_create_params
import time:       447 |        447 |                         openai.types.container_list_response
import time:       169 |        169 |                         openai.types.embedding_create_params
import time:       450 |        450 |                           openai.types.image_edit_completed_event
import time:       246 |        246 |                           openai.types.image_edit_partial_image_event
import time:       106 |        802 |                         openai.types.image_edit_stream_event
import time:       327 |        327 |                         openai.types.completion_create_params
import time:        89 |         89 |                             openai.types.moderation_text_input_param
import time:       131 |        131 |                             openai.types.moderation_image_url_input_param
import time:        76 |        296 |                           openai.types.moderation_multi_modal_input_param
import time:       114 |        409 |                         openai.types.moderation_create_params
import time:       105 |        105 |                         openai.types.vector_store_list_params
import time:       354 |        354 |                         openai.types.container_create_response
import time:       383 |        383 |                         openai.types.create_embedding_response
import time:       239 |        239 |                         openai.types.moderation_create_response
import time:        88 |         88 |                             openai.types.auto_file_chunking_strategy_param
import time:        82 |         82 |                               openai.types.static_file_chunking_strategy_param
import time:        88 |        169 |                             openai.types.static_file_chunking_strategy_object_param
import time:        75 |        331 |                           openai.types.file_chunking_strategy_param
import time:       161 |        492 |                         openai.types.vector_store_create_params
import time:       153 |        153 |                         openai.types.vector_store_search_params
import time:       120 |        120 |                         openai.types.vector_store_update_params
import time:       367 |        367 |                         openai.types.container_retrieve_response
import time:       351 |        351 |                         openai.types.vector_store_search_response
import time:       166 |        166 |                         openai.types.websocket_connection_options
import time:       154 |        154 |                         openai.types.image_create_variation_params
import time:        92 |         92 |                         openai.types.video_download_content_params
import time:       552 |     427171 |                       openai.types
import time:       273 |        273 |                         openai._exceptions
import time:       236 |        236 |                         openai._qs
import time:        65 |         65 |                         openai._version
import time:       260 |        260 |                         openai._streaming
import time:       777 |        777 |                             distro.distro
import time:       232 |       1008 |                           distro
import time:       601 |        601 |                           openai._response
import time:       289 |        289 |                           openai._legacy_response
import time:       218 |        218 |                           httpx_aiohttp
import time:      1613 |       3727 |                         openai._base_client
import time:       583 |       5143 |                       openai._client
import time:       141 |        141 |                       openai._utils._resources_proxy
import time:        99 |         99 |                           openai.lib._pydantic
import time:       160 |        258 |                         openai.lib._tools
import time:       176 |        176 |                           openai.lib._parsing._completions
import time:        77 |        252 |                         openai.lib._parsing
import time:        86 |        595 |                       openai.lib
import time:       352 |        352 |                       openai.lib.azure
import time:        69 |         69 |                       openai.version
import time:       222 |        222 |                       openai.lib._old_api
import time:       703 |        703 |                             openai.types.beta.thread
import time:       234 |        234 |                                 openai.types.beta.function_tool
import time:       665 |        665 |                                 openai.types.beta.file_search_tool
import time:       219 |        219 |                                 openai.types.beta.code_interpreter_tool
import time:       109 |       1227 |                               openai.types.beta.assistant_tool
import time:       101 |        101 |                               openai.types.beta.assistant_response_format_option
import time:       683 |       2009 |                             openai.types.beta.assistant
import time:       217 |        217 |                             openai.types.beta.thread_deleted
import time:       309 |        309 |                             openai.types.beta.chatkit_workflow
import time:       193 |        193 |                             openai.types.beta.assistant_deleted
import time:       124 |        124 |                             openai.types.beta.function_tool_param
import time:       244 |        244 |                               openai.types.beta.file_search_tool_param
import time:        95 |         95 |                               openai.types.beta.code_interpreter_tool_param
import time:        88 |        426 |                             openai.types.beta.assistant_tool_param
import time:       113 |        113 |                                     openai.types.beta.threads.run_status
import time:       173 |        173 |                                         openai.types.beta.assistant_tool_choice_function
import time:       223 |        396 |                                       openai.types.beta.assistant_tool_choice
import time:       111 |        507 |                                     openai.types.beta.assistant_tool_choice_option
import time:       344 |        344 |                                     openai.types.beta.threads.required_action_function_tool_call
import time:      2607 |       3570 |                                   openai.types.beta.threads.run
import time:       323 |        323 |                                       openai.types.beta.threads.file_path_annotation
import time:       310 |        310 |                                       openai.types.beta.threads.file_citation_annotation
import time:       145 |        776 |                                     openai.types.beta.threads.annotation
import time:       248 |       1023 |                                   openai.types.beta.threads.text
import time:       183 |        183 |                                       openai.types.beta.threads.text_content_block
import time:       194 |        194 |                                       openai.types.beta.threads.refusal_content_block
import time:       270 |        270 |                                         openai.types.beta.threads.image_url
import time:       201 |        470 |                                       openai.types.beta.threads.image_url_content_block
import time:       177 |        177 |                                         openai.types.beta.threads.image_file
import time:       197 |        373 |                                       openai.types.beta.threads.image_file_content_block
import time:       151 |       1370 |                                     openai.types.beta.threads.message_content
import time:      1109 |       2478 |                                   openai.types.beta.threads.message
import time:       341 |        341 |                                       openai.types.beta.threads.file_path_delta_annotation
import time:       433 |        433 |                                       openai.types.beta.threads.file_citation_delta_annotation
import time:       138 |        911 |                                     openai.types.beta.threads.annotation_delta
import time:       282 |       1192 |                                   openai.types.beta.threads.text_delta
import time:       222 |        222 |                                       openai.types.beta.threads.text_delta_block
import time:       207 |        207 |                                       openai.types.beta.threads.refusal_delta_block
import time:       173 |        173 |                                         openai.types.beta.threads.image_url_delta
import time:       211 |        383 |                                       openai.types.beta.threads.image_url_delta_block
import time:       171 |        171 |                                         openai.types.beta.threads.image_file_delta
import time:       219 |        389 |                                       openai.types.beta.threads.image_file_delta_block
import time:       148 |       1346 |                                     openai.types.beta.threads.message_content_delta
import time:       305 |       1650 |                                   openai.types.beta.threads.message_delta
import time:       137 |        137 |                                   openai.types.beta.threads.image_url_param
import time:       256 |        256 |                                   openai.types.beta.threads.message_deleted
import time:       131 |        131 |                                   openai.types.beta.threads.run_list_params
import time:       102 |        102 |                                   openai.types.beta.threads.image_file_param
import time:       389 |        389 |                                               openai.types.beta.threads.runs.function_tool_call
import time:       690 |        690 |                                               openai.types.beta.threads.runs.file_search_tool_call
import time:       589 |        589 |                                               openai.types.beta.threads.runs.code_interpreter_tool_call
import time:       102 |       1769 |                                             openai.types.beta.threads.runs.tool_call
import time:       232 |       2000 |                                           openai.types.beta.threads.runs.tool_calls_step_details
import time:       269 |        269 |                                           openai.types.beta.threads.runs.message_creation_step_details
import time:       662 |       2930 |                                         openai.types.beta.threads.runs.run_step
import time:       332 |        332 |                                               openai.types.beta.threads.runs.function_tool_call_delta
import time:       198 |        198 |                                               openai.types.beta.threads.runs.file_search_tool_call_delta
import time:       194 |        194 |                                                 openai.types.beta.threads.runs.code_interpreter_logs
import time:       378 |        378 |                                                 openai.types.beta.threads.runs.code_interpreter_output_image
import time:       378 |        949 |                                               openai.types.beta.threads.runs.code_interpreter_tool_call_delta
import time:        96 |       1573 |                                             openai.types.beta.threads.runs.tool_call_delta
import time:       191 |       1764 |                                           openai.types.beta.threads.runs.tool_call_delta_object
import time:       319 |        319 |                                           openai.types.beta.threads.runs.run_step_delta_message_delta
import time:       217 |       2299 |                                         openai.types.beta.threads.runs.run_step_delta
import time:        83 |         83 |                                         openai.types.beta.threads.runs.run_step_include
import time:       149 |        149 |                                         openai.types.beta.threads.runs.step_list_params
import time:       206 |        206 |                                         openai.types.beta.threads.runs.run_step_delta_event
import time:       120 |        120 |                                         openai.types.beta.threads.runs.step_retrieve_params
import time:       161 |       5944 |                                       openai.types.beta.threads.runs
import time:        17 |       5960 |                                     openai.types.beta.threads.runs.run_step_include
import time:       113 |        113 |                                       openai.types.beta.threads.text_content_block_param
import time:       112 |        112 |                                       openai.types.beta.threads.image_url_content_block_param
import time:       101 |        101 |                                       openai.types.beta.threads.image_file_content_block_param
import time:       151 |        475 |                                     openai.types.beta.threads.message_content_part_param
import time:        78 |         78 |                                         openai.types.beta.assistant_tool_choice_function_param
import time:       105 |        182 |                                       openai.types.beta.assistant_tool_choice_param
import time:       119 |        300 |                                     openai.types.beta.assistant_tool_choice_option_param
import time:       114 |        114 |                                     openai.types.beta.assistant_response_format_option_param
import time:       444 |       7292 |                                   openai.types.beta.threads.run_create_params
import time:       112 |        112 |                                   openai.types.beta.threads.run_update_params
import time:       359 |        359 |                                   openai.types.beta.threads.message_delta_event
import time:       138 |        138 |                                   openai.types.beta.threads.message_list_params
import time:       202 |        202 |                                   openai.types.beta.threads.message_create_params
import time:        98 |         98 |                                   openai.types.beta.threads.message_update_params
import time:       173 |        173 |                                   openai.types.beta.threads.run_submit_tool_outputs_params
import time:       199 |      19105 |                                 openai.types.beta.threads
import time:        15 |      19119 |                               openai.types.beta.threads.message_content_part_param
import time:       391 |      19510 |                             openai.types.beta.thread_create_params
import time:       175 |        175 |                             openai.types.beta.thread_update_params
import time:       102 |        102 |                             openai.types.beta.assistant_list_params
import time:      2484 |       2484 |                             openai.types.beta.assistant_stream_event
import time:       414 |        414 |                             openai.types.beta.assistant_create_params
import time:       288 |        288 |                             openai.types.beta.assistant_update_params
import time:       718 |        718 |                             openai.types.beta.thread_create_and_run_params
import time:       184 |      27848 |                           openai.types.beta
import time:       351 |      28199 |                         openai.lib.streaming._assistants
import time:        89 |      28287 |                       openai.lib.streaming
import time:       586 |        586 |                       openai._module_client
import time:       497 |     463058 |                     openai
import time:        12 |     463070 |                   openai.types
import time:        17 |     463086 |                 openai.types.responses
import time:       202 |        202 |                       tvm_ffi.libinfo
import time:      2697 |       2697 |                               ml_dtypes._ml_dtypes_ext
import time:       635 |       3331 |                             ml_dtypes._finfo
import time:       148 |        148 |                             ml_dtypes._iinfo
import time:       222 |       3699 |                           ml_dtypes
import time:       186 |        186 |                             cuda
import time:        21 |        206 |                           cuda.bindings
import time:      2809 |       6714 |                         tvm_ffi.core
import time:       323 |       7036 |                       tvm_ffi.registry
import time:       341 |        341 |                       tvm_ffi._dtype
import time:       276 |        276 |                           tvm_ffi._ffi_api
import time:       480 |        755 |                         tvm_ffi.container
import time:       113 |        868 |                       tvm_ffi._convert
import time:       164 |        164 |                       tvm_ffi.error
import time:       102 |        102 |                       tvm_ffi._tensor
import time:       241 |        241 |                       tvm_ffi.module
import time:       113 |        113 |                       tvm_ffi.stream
import time:       123 |        123 |                       tvm_ffi.structural
import time:        65 |         65 |                       tvm_ffi.serialization
import time:       384 |        384 |                       tvm_ffi.access_path
import time:        94 |         94 |                           tvm_ffi.dataclasses._utils
import time:        81 |         81 |                           tvm_ffi.dataclasses.field
import time:       168 |        342 |                         tvm_ffi.dataclasses.c_class
import time:        86 |        428 |                       tvm_ffi.dataclasses
import time:       114 |        114 |                         tvm_ffi.cpp.dtype
import time:       132 |        132 |                             tvm_ffi.utils.kwargs_wrapper
import time:        84 |         84 |                             tvm_ffi.utils.lockfile
import time:        92 |        307 |                           tvm_ffi.utils
import time:       280 |        587 |                         tvm_ffi.cpp.extension
import time:        79 |        779 |                       tvm_ffi.cpp
import time:       149 |        149 |                         torch_c_dlpack_ext
import time:       689 |        838 |                       tvm_ffi._optional_torch_c_dlpack
import time:        77 |         77 |                       tvm_ffi._version
import time:      1463 |      13215 |                     tvm_ffi
import time:       147 |      13361 |                   xgrammar.exception
import time:      1139 |       1139 |                   xgrammar.load_binding
import time:     21053 |      21053 |                   xgrammar.structural_tag
import time:       605 |        605 |                         xgrammar.tvm_ffi_binding._ffi_api
import time:        82 |        686 |                       xgrammar.tvm_ffi_binding
import time:       187 |        187 |                         xgrammar.tvm_ffi_binding.config._ffi_api
import time:        97 |        284 |                       xgrammar.tvm_ffi_binding.config
import time:       162 |        162 |                         xgrammar.tvm_ffi_binding.kernels._ffi_api
import time:        75 |        237 |                       xgrammar.tvm_ffi_binding.kernels
import time:       169 |        169 |                         xgrammar.tvm_ffi_binding.testing._ffi_api
import time:        69 |        237 |                       xgrammar.tvm_ffi_binding.testing
import time:       151 |        151 |                         xgrammar.tvm_ffi_binding.testing.grammar_functor._ffi_api
import time:        69 |        220 |                       xgrammar.tvm_ffi_binding.testing.grammar_functor
import time:       177 |       1838 |                     xgrammar.base
import time:       204 |        204 |                       xgrammar.grammar
import time:       333 |        333 |                       xgrammar.tokenizer_info
import time:       168 |        704 |                     xgrammar.compiler
import time:       455 |        455 |                     xgrammar.matcher
import time:       270 |       3265 |                   xgrammar.testing
import time:      2352 |       2352 |                     xgrammar.openai_tool_call_schema
import time:       692 |       3044 |                   xgrammar.builtin_structural_tag
import time:       130 |        130 |                   xgrammar.config
import time:        77 |         77 |                   xgrammar.contrib
import time:       185 |        185 |                   xgrammar.contrib.hf
import time:       319 |      42569 |                 xgrammar
import time:     75664 |     581454 |               sglang.srt.entrypoints.openai.protocol
import time:        88 |         88 |                           partial_json_parser.core
import time:        91 |         91 |                             partial_json_parser.core.exceptions
import time:       278 |        278 |                             partial_json_parser.core.options
import time:       214 |        583 |                           partial_json_parser.core.complete
import time:       222 |        222 |                           partial_json_parser.core.myelin
import time:       218 |       1110 |                         partial_json_parser.core.api
import time:       197 |       1306 |                       partial_json_parser
import time:         9 |       1315 |                     partial_json_parser.core
import time:        14 |       1329 |                   partial_json_parser.core.exceptions
import time:      1076 |       1076 |                   sglang.srt.function_call.core_types
import time:       283 |        283 |                   sglang.srt.function_call.utils
import time:       263 |       2949 |                 sglang.srt.function_call.base_format_detector
import time:       288 |       3236 |               sglang.srt.function_call.apertus2509_detector
import time:       166 |        166 |               sglang.srt.function_call.cohere_command4_detector
import time:       126 |        126 |               sglang.srt.function_call.deepseekv3_detector
import time:       140 |        140 |                 sglang.srt.function_call.deepseekv32_detector
import time:        98 |        238 |               sglang.srt.function_call.deepseekv4_detector
import time:       109 |        109 |               sglang.srt.function_call.deepseekv31_detector
import time:       182 |        182 |                 json_repair
import time:       165 |        346 |               sglang.srt.function_call.dots_detector
import time:       148 |        148 |               sglang.srt.function_call.gemma4_detector
import time:       383 |        383 |               sglang.srt.function_call.gigachat3_detector
import time:       421 |        421 |               sglang.srt.function_call.glm4_moe_detector
import time:       326 |        326 |               sglang.srt.function_call.glm47_moe_detector
import time:        59 |         59 |                   sglang.srt.parser
import time:       800 |        858 |                 sglang.srt.parser.harmony_parser
import time:       288 |       1146 |               sglang.srt.function_call.gpt_oss_detector
import time:       130 |        130 |               sglang.srt.function_call.hermes_detector
import time:       354 |        354 |               sglang.srt.function_call.hunyuan_detector
import time:       536 |        536 |                 sglang.srt.parser.inkling_tokenizer
import time:       199 |        735 |               sglang.srt.function_call.inkling_detector
import time:       140 |        140 |               sglang.srt.function_call.internlm_detector
import time:       453 |        453 |               sglang.srt.function_call.k2_v3_detector
import time:       198 |        198 |               sglang.srt.function_call.kimik2_detector
import time:        65 |         65 |                 sglang.srt.function_call.kimik3_format
import time:       296 |        296 |                 sglang.srt.function_call.kimik3_structural_tag
import time:       400 |        760 |               sglang.srt.function_call.kimik3_detector
import time:       280 |        280 |               sglang.srt.function_call.lfm2_detector
import time:       214 |        214 |               sglang.srt.function_call.ling3_detector
import time:       111 |        111 |               sglang.srt.function_call.llama32_detector
import time:       119 |        119 |               sglang.srt.function_call.mimo_detector
import time:       148 |        148 |                 lxml
import time:       455 |        455 |                   lxml._elementpath
import time:       183 |        183 |                   rnc2rng
import time:      3822 |       4459 |                 lxml.etree
import time:       358 |       4965 |               sglang.srt.function_call.minicpm5_detector
import time:       254 |        254 |               sglang.srt.function_call.minimax_m2
import time:       327 |        327 |               sglang.srt.function_call.minimax_m3
import time:       299 |        299 |               sglang.srt.function_call.mistral_detector
import time:       127 |        127 |                 sglang.srt.function_call.muse_glimmer_format
import time:       295 |        422 |               sglang.srt.function_call.muse_glimmer_detector
import time:       371 |        371 |               sglang.srt.function_call.poolside_v1_detector
import time:       140 |        140 |               sglang.srt.function_call.pythonic_detector
import time:       193 |        193 |               sglang.srt.function_call.qwen3_coder_detector
import time:       110 |        110 |               sglang.srt.function_call.qwen25_detector
import time:       713 |        713 |               sglang.srt.function_call.spark25_detector
import time:       175 |        175 |               sglang.srt.function_call.step3_detector
import time:       122 |        122 |               sglang.srt.function_call.trinity_detector
import time:       497 |     600248 |             sglang.srt.function_call.function_call_parser
import time:       318 |        318 |               sglang.srt.entrypoints.openai.encoding_dsv4
import time:      1922 |       2239 |             sglang.srt.parser.reasoning_parser
import time:      3621 |       3621 |             sglang.srt.speculative.decoupled_spec_io
import time:       186 |        186 |             sglang.srt.arg_groups.choices
import time:       124 |        124 |             sglang.srt.arg_groups.fields.device
import time:       127 |        127 |             sglang.srt.arg_groups.fields.disagg
import time:       426 |        426 |             sglang.srt.arg_groups.fields.exec_
import time:       101 |        101 |                 sglang.srt.utils.aio_rwlock
import time:       235 |        335 |               sglang.srt.lora.lora_registry
import time:       121 |        455 |             sglang.srt.arg_groups.fields.lora
import time:       116 |        116 |             sglang.srt.arg_groups.fields.memory
import time:        93 |         93 |             sglang.srt.arg_groups.fields.mm
import time:       128 |        128 |             sglang.srt.arg_groups.fields.model
import time:       137 |        137 |             sglang.srt.arg_groups.fields.observability
import time:       124 |        124 |             sglang.srt.arg_groups.fields.schedule
import time:       128 |        128 |             sglang.srt.arg_groups.fields.serving
import time:       115 |        115 |             sglang.srt.arg_groups.fields.spec
import time:     21734 |     630496 |           sglang.srt.server_args
import time:      8766 |       8766 |                 sglang.srt.configs.internvl
import time:       168 |        168 |                 sglang.srt.utils.runai_utils
import time:     12364 |      21296 |               sglang.srt.utils.hf_transformers.common
import time:       114 |        114 |                 sglang.srt.configs.model_config_parser_registry
import time:       208 |        208 |                   sglang.srt.connector.base_connector
import time:        75 |         75 |                         sglang.srt.connector.serde.serde
import time:       126 |        200 |                       sglang.srt.connector.serde.safe_serde
import time:        79 |        279 |                     sglang.srt.connector.serde
import time:        90 |         90 |                     sglang.srt.connector.utils
import time:       156 |        523 |                   sglang.srt.connector.redis
import time:       110 |        110 |                   sglang.srt.connector.remote_instance
import time:       103 |        103 |                   sglang.srt.connector.s3
import time:       204 |       1147 |                 sglang.srt.connector
import time:       166 |        166 |                 sglang.srt.utils.hf_transformers.gguf_native
import time:      3516 |       3516 |                 sglang.srt.utils.hf_transformers.mistral_utils
import time:       246 |       5186 |               sglang.srt.utils.hf_transformers.config
import time:       107 |        107 |                   sglang.srt.utils.patch_tokenizer
import time:       193 |        300 |                 sglang.srt.utils.hf_transformers.tokenizer
import time:       164 |        464 |               sglang.srt.utils.hf_transformers.processor
import time:       116 |      27060 |             sglang.srt.utils.hf_transformers
import time:       113 |      27173 |           sglang.srt.utils.hf_transformers_utils
import time:       875 |    6023656 |         sglang.srt.configs.model_config
import time:       173 |    6026785 |       sglang.srt.dllm.config
import time:       100 |        100 |         sglang.srt.utils.msgspec_utils
import time:       661 |        761 |       sglang.srt.utils.weight_versions
import time:       308 |        308 |       sglang.srt.beam_search.batch_tail
import time:        61 |         61 |         sglang.srt.constrained
import time:      1153 |       1214 |       sglang.srt.constrained.base_grammar_backend
import time:        65 |         65 |         sglang.srt.disaggregation
import time:       657 |        657 |         sglang.srt.disaggregation.base.conn
import time:       131 |        852 |       sglang.srt.disaggregation.base
import time:        54 |         54 |           sglang.srt.mem_cache
import time:      1009 |       1009 |           sglang.kernels.ops.memory.common
import time:       330 |        330 |               sglang.srt.mem_cache.allocator.base
import time:       920 |        920 |                 sglang.kernels.ops.memory.allocator
import time:       174 |       1093 |               sglang.srt.mem_cache.allocator.paged
import time:       103 |        103 |               sglang.srt.mem_cache.allocator.token
import time:        92 |       1616 |             sglang.srt.mem_cache.allocator
import time:       143 |       1758 |           sglang.srt.mem_cache.allocator.page_interleave
import time:       110 |        110 |                     sglang.kernels.ops.attention.dsa.paged_mqa_logits
import time:        90 |        200 |                   sglang.kernels.ops.attention.dsa
import time:       864 |       1063 |                 sglang.kernels.ops.attention.dsa.quant_k_cache
import time:       740 |        740 |                 sglang.kernels.ops.kvcache.cache_move
import time:       713 |        713 |                 sglang.kernels.ops.kvcache.kvcache
import time:        88 |         88 |                 sglang.srt.constants
import time:      2618 |       2618 |                   sglang.srt.layers.quantization.kvfp4_tensor
import time:      1596 |       4213 |                 sglang.srt.layers.quantization.fp4_kv_cache_quant_method
import time:       133 |        133 |                 sglang.srt.mem_cache.allocator.mamba
import time:      1636 |       1636 |                   sglang.kernels.ops.attention.dsa.index_buf_accessor
import time:       141 |       1777 |                 sglang.srt.mem_cache.index_key_cache
import time:       196 |        196 |                       cuda
import time:        18 |        213 |                     cuda.bindings
import time:       115 |        115 |                     pynvml
import time:       402 |        729 |                   sglang.srt.utils.cuda_vmm_utils
import time:       192 |        921 |                 sglang.srt.mem_cache.kv_vmm_backing
import time:        79 |         79 |                   sglang.srt.mem_cache.layout
import time:       190 |        269 |                 sglang.srt.mem_cache.layout.page_major
import time:      1973 |       1973 |                   sglang.kernels.ops.kvcache.mla_buffer
import time:        60 |         60 |                     sglang.srt.mem_cache.cpp_utils
import time:       160 |        220 |                   sglang.srt.mem_cache.cpp_utils.native_hash
import time:       151 |        151 |                   sglang.srt.mem_cache.evict_policy
import time:       189 |       2531 |                 sglang.srt.mem_cache.utils
import time:       126 |        126 |                 sglang.srt.utils.async_probe
import time:       149 |        149 |                   torch_memory_saver
import time:       155 |        303 |                 sglang.srt.utils.torch_memory_saver_adapter
import time:      3906 |      16777 |               sglang.srt.mem_cache.memory_pool
import time:       118 |      16895 |             sglang.srt.mem_cache.base_swa_memory_pool
import time:       314 |        314 |             sglang.srt.utils.invariants
import time:       240 |      17448 |           sglang.srt.mem_cache.allocator.swa
import time:      1212 |       1212 |               sglang.srt.disaggregation.kv_events
import time:       120 |       1331 |             sglang.srt.mem_cache.events
import time:        96 |         96 |               sglang.srt.mem_cache.unified_cache
import time:       194 |        290 |             sglang.srt.mem_cache.unified_cache.component_type
import time:       708 |        708 |               sglang.srt.disaggregation.utils
import time:       118 |        118 |                 sglang.srt.utils.nvtx_utils
import time:       521 |        639 |               sglang.srt.observability.scheduler_stage_metrics
import time:       171 |        171 |               sglang.srt.utils.gauge_histogram
import time:      4235 |       5751 |             sglang.srt.observability.metrics_collector
import time:      2621 |       9991 |           sglang.srt.mem_cache.base_prefix_cache
import time:      2519 |       2519 |           sglang.srt.mem_cache.hicache_storage
import time:       399 |      33175 |         sglang.srt.mem_cache.common
import time:       225 |        225 |               sglang.srt.sampling.penaltylib.orchestrator
import time:       138 |        363 |             sglang.srt.sampling.penaltylib.frequency_penalty
import time:        99 |         99 |             sglang.srt.sampling.penaltylib.min_new_tokens
import time:        76 |         76 |             sglang.srt.sampling.penaltylib.presence_penalty
import time:      1323 |       1323 |             sglang.srt.sampling.penaltylib.repetition_penalty
import time:        99 |       1958 |           sglang.srt.sampling.penaltylib
import time:       382 |        382 |           sglang.srt.sampling.sampling_params
import time:      1074 |       3413 |         sglang.srt.sampling.sampling_batch_info
import time:       183 |      36769 |       sglang.srt.disaggregation.decode_schedule_batch_mixin
import time:        70 |         70 |         sglang.srt.dllm.mixin
import time:       242 |        312 |       sglang.srt.dllm.mixin.req
import time:       106 |        106 |       sglang.srt.managers.embed_types
import time:        66 |         66 |         sglang.srt.managers.scheduler_components
import time:       468 |        534 |       sglang.srt.managers.scheduler_components.new_token_ratio_tracker
import time:        71 |         71 |           sglang.srt.hardware_backend.npu.dsv4
import time:       158 |        228 |         sglang.srt.hardware_backend.npu.dsv4.dsv4_common_hooks
import time:       773 |       1001 |       sglang.srt.mem_cache.allocation
import time:        95 |         95 |       sglang.srt.mem_cache.allocation_sizing
import time:       965 |        965 |         sglang.srt.mem_cache.cache_init_params
import time:       303 |       1267 |       sglang.srt.mem_cache.radix_cache
import time:       119 |        119 |         sglang.srt.multimodal.transport
import time:       863 |        863 |         sglang.srt.multimodal.transport.memory_pool
import time:       257 |       1238 |       sglang.srt.multimodal.transport.cuda_ipc
import time:       190 |        190 |           opentelemetry
import time:       126 |        126 |             opentelemetry.context.context
import time:       160 |        160 |             opentelemetry.context.contextvars_context
import time:        75 |         75 |             opentelemetry.environment_variables
import time:       207 |        567 |           opentelemetry.context
import time:        52 |         52 |             opentelemetry.propagators
import time:       265 |        265 |               opentelemetry.propagators.textmap
import time:       162 |        427 |             opentelemetry.propagators.composite
import time:        49 |         49 |                   opentelemetry.util
import time:       419 |        467 |                 opentelemetry.util.re
import time:       339 |        806 |               opentelemetry.baggage
import time:       201 |       1006 |             opentelemetry.baggage.propagation
import time:        81 |         81 |                     opentelemetry.util.types
import time:       175 |        256 |                   opentelemetry.attributes
import time:       162 |        162 |                       opentelemetry.trace.status
import time:       581 |        743 |                     opentelemetry.trace.span
import time:       114 |        856 |                   opentelemetry.trace.propagation
import time:       161 |        161 |                   opentelemetry.util._decorator
import time:        81 |         81 |                   opentelemetry.util._once
import time:        73 |         73 |                   opentelemetry.util._providers
import time:       557 |       1982 |                 opentelemetry.trace
import time:        11 |       1992 |               opentelemetry.trace.propagation
import time:       287 |       2279 |             opentelemetry.trace.propagation.tracecontext
import time:       140 |       3902 |           opentelemetry.propagate
import time:        90 |         90 |                   opentelemetry.exporter
import time:        75 |        164 |                 opentelemetry.exporter.otlp
import time:        71 |        234 |               opentelemetry.exporter.otlp.proto
import time:        87 |         87 |               opentelemetry.exporter.otlp.proto.grpc.version
import time:       104 |        424 |             opentelemetry.exporter.otlp.proto.grpc
import time:        59 |         59 |                 grpc._cython
import time:       472 |        472 |                     grpc._typing
import time:       243 |        715 |                   grpc._observability
import time:      3141 |       3856 |                 grpc._cython.cygrpc
import time:       131 |       4044 |               grpc._compression
import time:       160 |        160 |               grpc._runtime_protos
import time:        64 |         64 |               grpc._grpcio_metadata
import time:       160 |        160 |               grpc_tools
import time:       134 |        134 |               grpc_health
import time:       109 |        109 |               grpc_reflection
import time:       234 |        234 |                   grpc.aio._metadata
import time:       131 |        131 |                   grpc.aio._typing
import time:       296 |        660 |                 grpc.aio._base_call
import time:       314 |        314 |                 grpc.aio._base_channel
import time:       212 |        212 |                 grpc.aio._base_server
import time:       174 |        174 |                   grpc._common
import time:       728 |        901 |                 grpc.aio._call
import time:        56 |         56 |                     grpc.aio._utils
import time:      1315 |       1371 |                   grpc.aio._interceptor
import time:       387 |       1757 |                 grpc.aio._channel
import time:       210 |        210 |                 grpc.aio._server
import time:       132 |       4183 |               grpc.aio
import time:      1042 |       9892 |             grpc
import time:       105 |        105 |                 opentelemetry.exporter.otlp.proto.common.version
import time:       103 |        208 |               opentelemetry.exporter.otlp.proto.common
import time:        62 |         62 |                         opentelemetry.proto
import time:        87 |        148 |                       opentelemetry.proto.common
import time:        76 |        223 |                     opentelemetry.proto.common.v1
import time:       208 |        208 |                     google.protobuf
import time:        72 |         72 |                       google.protobuf.internal
import time:        24 |         24 |                         google.protobuf.internal._api_implementation
import time:       179 |        179 |                         google.protobuf.message
import time:        91 |         91 |                         google.protobuf.internal.enum_type_wrapper
import time:        31 |         31 |                         google.protobuf.enable_deterministic_proto_serialization
import time:       925 |       1248 |                       google.protobuf.internal.api_implementation
import time:       469 |       1788 |                     google.protobuf.descriptor
import time:       240 |        240 |                       google.protobuf.descriptor_database
import time:       227 |        227 |                       google.protobuf.text_encoding
import time:        66 |         66 |                       google.protobuf.internal.python_edition_defaults
import time:       204 |        204 |                           encodings.raw_unicode_escape
import time:       649 |        649 |                             google.protobuf.internal.containers
import time:       141 |        141 |                               google.protobuf.internal.wire_format
import time:       285 |        426 |                             google.protobuf.internal.encoder
import time:       208 |       1282 |                           google.protobuf.internal.decoder
import time:       261 |        261 |                           google.protobuf.internal.type_checkers
import time:        79 |         79 |                           google.protobuf.unknown_fields
import time:      1059 |       2884 |                         google.protobuf.text_format
import time:       116 |        116 |                         google.protobuf.internal.extension_dict
import time:        71 |         71 |                         google.protobuf.internal.message_listener
import time:       124 |        124 |                           google.protobuf.internal.field_mask
import time:       332 |        455 |                         google.protobuf.internal.well_known_types
import time:       398 |       3921 |                       google.protobuf.internal.python_message
import time:       303 |       4756 |                     google.protobuf.descriptor_pool
import time:        78 |         78 |                         google.protobuf.pyext
import time:        99 |         99 |                         google.protobuf.pyext.cpp_message
import time:        95 |        271 |                       google.protobuf.message_factory
import time:       103 |        373 |                     google.protobuf.symbol_database
import time:        52 |         52 |                       google.protobuf.reflection
import time:        85 |        136 |                     google.protobuf.internal.builder
import time:       238 |       7718 |                   opentelemetry.proto.common.v1.common_pb2
import time:        75 |         75 |                       opentelemetry.proto.resource
import time:        87 |        161 |                     opentelemetry.proto.resource.v1
import time:       110 |        271 |                   opentelemetry.proto.resource.v1.resource_pb2
import time:       132 |        132 |                     opentelemetry.sdk
import time:        81 |         81 |                           opentelemetry.metrics._internal.observation
import time:      1673 |       1753 |                         opentelemetry.metrics._internal.instrument
import time:       683 |       2436 |                       opentelemetry.metrics._internal
import time:       108 |       2544 |                     opentelemetry.metrics
import time:       207 |        207 |                     opentelemetry.sdk.util
import time:       137 |        137 |                     opentelemetry.sdk.environment_variables
import time:       105 |        105 |                     opentelemetry.sdk.environment_variables._internal
import time:        72 |         72 |                       opentelemetry.sdk.version
import time:        62 |         62 |                         opentelemetry.semconv
import time:       718 |        780 |                       opentelemetry.semconv.resource
import time:       327 |       1178 |                     opentelemetry.sdk.resources
import time:       430 |        430 |                     opentelemetry.sdk.trace.sampling
import time:        59 |         59 |                           opentelemetry.semconv._incubating
import time:        77 |        135 |                         opentelemetry.semconv._incubating.attributes
import time:       374 |        509 |                       opentelemetry.semconv._incubating.attributes.otel_attributes
import time:        57 |         57 |                         opentelemetry.semconv._incubating.metrics
import time:       162 |        218 |                       opentelemetry.semconv._incubating.metrics.otel_metrics
import time:       159 |        885 |                     opentelemetry.sdk.trace._tracer_metrics
import time:        97 |         97 |                     opentelemetry.sdk.trace.id_generator
import time:       140 |        140 |                       opentelemetry.sdk.util.instrumentation
import time:       138 |        278 |                     opentelemetry.sdk.util._configurator
import time:        69 |         69 |                       opentelemetry.semconv.attributes
import time:        88 |        156 |                     opentelemetry.semconv.attributes.exception_attributes
import time:      1044 |       7188 |                   opentelemetry.sdk.trace
import time:       140 |      15316 |                 opentelemetry.exporter.otlp.proto.common._internal
import time:        68 |         68 |                       opentelemetry.proto.collector
import time:        87 |        154 |                     opentelemetry.proto.collector.trace
import time:        75 |        229 |                   opentelemetry.proto.collector.trace.v1
import time:        57 |         57 |                     opentelemetry.proto.trace
import time:        77 |        134 |                   opentelemetry.proto.trace.v1
import time:       210 |        210 |                   opentelemetry.proto.trace.v1.trace_pb2
import time:       131 |        702 |                 opentelemetry.proto.collector.trace.v1.trace_service_pb2
import time:       261 |      16278 |               opentelemetry.exporter.otlp.proto.common._internal.trace_encoder
import time:        61 |      16546 |             opentelemetry.exporter.otlp.proto.common.trace_encoder
import time:        60 |         60 |                 google.rpc
import time:       156 |        156 |                 google.protobuf.runtime_version
import time:       104 |        104 |                 google.protobuf.duration_pb2
import time:       286 |        605 |               google.rpc.error_details_pb2
import time:       120 |        120 |                 opentelemetry.semconv.attributes.error_attributes
import time:        55 |         55 |                 opentelemetry.semconv.attributes.server_attributes
import time:       491 |        664 |               opentelemetry.exporter.otlp.proto.common._exporter_metrics
import time:        62 |         62 |                   opentelemetry.proto.collector.logs
import time:        81 |        142 |                 opentelemetry.proto.collector.logs.v1
import time:        48 |         48 |                   opentelemetry.proto.logs
import time:        69 |        116 |                 opentelemetry.proto.logs.v1
import time:       182 |        182 |                 opentelemetry.proto.logs.v1.logs_pb2
import time:       151 |        589 |               opentelemetry.proto.collector.logs.v1.logs_service_pb2
import time:       332 |        332 |                 grpc._utilities
import time:       129 |        460 |               opentelemetry.proto.collector.logs.v1.logs_service_pb2_grpc
import time:        80 |         80 |                   opentelemetry.proto.collector.metrics
import time:        93 |        173 |                 opentelemetry.proto.collector.metrics.v1
import time:        75 |         75 |                   opentelemetry.proto.metrics
import time:       668 |        743 |                 opentelemetry.proto.metrics.v1
import time:       285 |        285 |                 opentelemetry.proto.metrics.v1.metrics_pb2
import time:       134 |       1333 |               opentelemetry.proto.collector.metrics.v1.metrics_service_pb2
import time:       126 |        126 |               opentelemetry.proto.collector.metrics.v1.metrics_service_pb2_grpc
import time:        96 |         96 |               opentelemetry.proto.collector.trace.v1.trace_service_pb2_grpc
import time:       292 |        292 |                       opentelemetry._logs.severity
import time:       258 |        549 |                     opentelemetry._logs._internal
import time:        78 |        626 |                   opentelemetry._logs
import time:       122 |        122 |                   opentelemetry.sdk._logs._internal._exceptions
import time:       107 |        107 |                   opentelemetry.sdk._logs._internal._logger_metrics
import time:        69 |         69 |                   opentelemetry.semconv._incubating.attributes.code_attributes
import time:      2228 |       3150 |                 opentelemetry.sdk._logs._internal
import time:        90 |       3239 |               opentelemetry.sdk._logs
import time:       288 |        288 |                     opentelemetry.sdk._shared_internal._processor_metrics
import time:       318 |        605 |                   opentelemetry.sdk._shared_internal
import time:       340 |        945 |                 opentelemetry.sdk._logs._internal.export
import time:       166 |        166 |                 opentelemetry.sdk._logs._internal.export.in_memory_log_exporter
import time:       125 |       1235 |               opentelemetry.sdk._logs.export
import time:       118 |        118 |                         opentelemetry.sdk.metrics._internal.exceptions
import time:       608 |        608 |                           opentelemetry.sdk.metrics._internal.exemplar.exemplar
import time:       147 |        147 |                           opentelemetry.sdk.metrics._internal.exemplar.exemplar_filter
import time:       323 |        323 |                           opentelemetry.sdk.metrics._internal.exemplar.exemplar_reservoir
import time:        88 |       1164 |                         opentelemetry.sdk.metrics._internal.exemplar
import time:       575 |        575 |                           opentelemetry.sdk.metrics._internal.measurement
import time:       476 |       1050 |                         opentelemetry.sdk.metrics._internal.instrument
import time:        74 |         74 |                                   opentelemetry.sdk.metrics._internal.exponential_histogram
import time:       217 |        291 |                                 opentelemetry.sdk.metrics._internal.exponential_histogram.buckets
import time:       109 |        109 |                                 opentelemetry.sdk.metrics._internal.exponential_histogram.mapping
import time:        92 |         92 |                                   opentelemetry.sdk.metrics._internal.exponential_histogram.mapping.errors
import time:        87 |         87 |                                   opentelemetry.sdk.metrics._internal.exponential_histogram.mapping.ieee_754
import time:       129 |        307 |                                 opentelemetry.sdk.metrics._internal.exponential_histogram.mapping.exponent_mapping
import time:        82 |         82 |                                 opentelemetry.sdk.metrics._internal.exponential_histogram.mapping.logarithm_mapping
import time:      4627 |       4627 |                                 opentelemetry.sdk.metrics._internal.point
import time:       579 |       5992 |                               opentelemetry.sdk.metrics._internal.aggregation
import time:       158 |        158 |                               opentelemetry.sdk.metrics._internal.view
import time:       102 |       6251 |                             opentelemetry.sdk.metrics._internal._view_instrument_match
import time:       491 |        491 |                             opentelemetry.sdk.metrics._internal.sdk_configuration
import time:       145 |       6886 |                           opentelemetry.sdk.metrics._internal.metric_reader_storage
import time:       161 |       7047 |                         opentelemetry.sdk.metrics._internal.measurement_consumer
import time:       495 |       9872 |                       opentelemetry.sdk.metrics._internal
import time:        15 |       9886 |                     opentelemetry.sdk.metrics._internal.aggregation
import time:       199 |        199 |                       opentelemetry.sdk.metrics._internal.export._metric_reader_metrics
import time:       350 |        548 |                     opentelemetry.sdk.metrics._internal.export
import time:       109 |      10543 |                   opentelemetry.sdk.metrics.export
import time:        94 |         94 |                   opentelemetry.sdk.metrics.view
import time:       109 |      10745 |                 opentelemetry.sdk.metrics
import time:        11 |      10755 |               opentelemetry.sdk.metrics.export
import time:       246 |        246 |               opentelemetry.sdk.trace.export
import time:       506 |        506 |               opentelemetry.semconv._incubating.attributes.rpc_attributes
import time:       107 |        107 |               opentelemetry.util._importlib_metadata
import time:       605 |      20560 |             opentelemetry.exporter.otlp.proto.grpc.exporter
import time:       194 |      47615 |           opentelemetry.exporter.otlp.proto.grpc.trace_exporter
import time:       102 |        102 |               opentelemetry.exporter.otlp.proto.http.version
import time:       174 |        276 |             opentelemetry.exporter.otlp.proto.http
import time:       113 |        113 |             opentelemetry.exporter.otlp.proto.http._common
import time:       157 |        157 |             opentelemetry.semconv.attributes.http_attributes
import time:       210 |        754 |           opentelemetry.exporter.otlp.proto.http.trace_exporter
import time:      1693 |      54720 |         sglang.srt.observability.trace
import time:       328 |        328 |         sglang.srt.observability.trace_async
import time:      3159 |      58206 |       sglang.srt.observability.req_time_stats
import time:       133 |        133 |       sglang.srt.utils.token_sequence_matcher
import time:      5526 |    6135100 |     sglang.srt.managers.schedule_batch
import time:       281 |    6794357 |   sglang.srt.beam_search.coordinator
import time:       231 |        231 |     sglang.srt.constrained.reasoner_grammar_backend
import time:       172 |        172 |     sglang.srt.distributed.communication_tags
import time:       215 |        617 |   sglang.srt.constrained.grammar_manager
import time:        77 |         77 |     sglang.srt.debug_utils
import time:      1344 |       1344 |           sglang.srt.debug_utils.source_patcher.types
import time:       105 |       1449 |         sglang.srt.debug_utils.source_patcher.source_editor
import time:       169 |       1617 |       sglang.srt.debug_utils.source_patcher.code_patcher
import time:        63 |       1680 |     sglang.srt.debug_utils.source_patcher
import time:       105 |       1861 |   sglang.srt.debug_utils.pr_fix_toggle
import time:      1364 |       1364 |                 aiohttp.web_response
import time:       967 |       2330 |               aiohttp.web_exceptions
import time:      1460 |       1460 |                 aiohttp.web_request
import time:       484 |       1944 |               aiohttp.web_log
import time:      2052 |       2052 |                   aiohttp.web_fileresponse
import time:       865 |        865 |                   aiohttp.web_routedef
import time:      1507 |       4423 |                 aiohttp.web_urldispatcher
import time:       141 |       4564 |               aiohttp.web_middlewares
import time:       938 |        938 |               aiohttp.web_protocol
import time:       144 |        144 |               aiohttp.web_server
import time:       446 |      10363 |             aiohttp.web_app
import time:       308 |        308 |             aiohttp.web_runner
import time:       886 |        886 |             aiohttp.web_ws
import time:       315 |      11872 |           aiohttp.web
import time:      1640 |      13511 |         sglang.srt.disaggregation.common.conn
import time:        89 |      13599 |       sglang.srt.disaggregation.common
import time:        16 |      13615 |     sglang.srt.disaggregation.common.conn
import time:      1015 |       1015 |         sglang.srt.managers.prefill_delayer
import time:      1071 |       1071 |             sglang.kernels.ops.attention.dsv4.index_buf_accessor
import time:       428 |        428 |             sglang.srt.mem_cache.deepseek_v4_compress_state
import time:       714 |       2212 |           sglang.srt.mem_cache.deepseek_v4_memory_pool
import time:       211 |        211 |           sglang.srt.mem_cache.hisparse_memory_pool
import time:       251 |       2673 |         sglang.srt.mem_cache.allocator.hisparse
import time:      1108 |       1108 |             sglang.kernels.ops.memory.virtual_slot
import time:       373 |        373 |               sglang.kernels.ops.kvcache.zero_pages
import time:       262 |        262 |               sglang.srt.mem_cache.swa_memory_pool
import time:      5169 |       5803 |             sglang.srt.mem_cache.unified_memory_pool
import time:       664 |       7574 |           sglang.srt.mem_cache.allocator.unified_sub_pool
import time:       417 |       7991 |         sglang.srt.mem_cache.allocator.unified_hybrid_swa
import time:       231 |        231 |         sglang.srt.mem_cache.allocator.unified_mamba
import time:       768 |      12676 |       sglang.srt.managers.schedule_policy
import time:       676 |      13352 |     sglang.srt.disaggregation.decode_hicache_mixin
import time:       176 |        176 |         sglang.srt.eplb
import time:       956 |       1132 |       sglang.srt.eplb.expert_distribution
import time:       622 |        622 |         sglang.kernels.ops.activation.softcap
import time:       122 |        122 |         sglang.srt.beam_search.logits_capture
import time:      2127 |       2127 |         sglang.srt.distributed.device_communicators.triton_symm_mem_ag
import time:       165 |        165 |         sglang.srt.layers.aux_hidden_states
import time:       624 |        624 |         sglang.srt.layers.logprob_processor
import time:       475 |        475 |           sglang.kernels.ops.embeddings.vocab_parallel_embedding
import time:       719 |        719 |                 sglang.srt.layers.cp.base
import time:        70 |         70 |                   sglang.srt.layers.cp.padding
import time:       533 |        603 |                 sglang.srt.layers.cp.interleave
import time:      1147 |       1147 |                 sglang.srt.layers.cp.zigzag
import time:       114 |       2581 |               sglang.srt.layers.cp
import time:       234 |       2814 |             sglang.srt.layers.cp.utils
import time:      1171 |       1171 |             sglang.srt.layers.flashinfer_comm_fusion
import time:      1666 |       5651 |           sglang.srt.layers.communicator
import time:      2063 |       8188 |         sglang.srt.layers.vocab_parallel_embedding
import time:       681 |        681 |         sglang.srt.sampling.sampling_observer
import time:      2799 |      15325 |       sglang.srt.layers.logits_processor
import time:       551 |        551 |           zmq._future
import time:       298 |        849 |         zmq.asyncio
import time:       138 |        138 |         sglang.srt.beam_search.types
import time:        85 |         85 |         sglang.srt.utils.field_validators
import time:        59 |         59 |           sglang.srt.utils.cuda_ipc_transport_utils
import time:       126 |        184 |         sglang.srt.utils.msgpack_utils
import time:     12875 |      14128 |       sglang.srt.managers.io_struct
import time:       106 |        106 |         sglang.srt.state_capturer
import time:       175 |        175 |                     sglang.srt.mem_cache.storage.backend_factory
import time:        66 |        240 |                   sglang.srt.mem_cache.storage
import time:      2547 |       2547 |                   sglang.srt.mem_cache.storage.mmap.mmap_allocator
import time:        94 |       2880 |                 sglang.srt.mem_cache.storage.mmap
import time:       179 |       3058 |               sglang.srt.mem_cache.pool_host.common
import time:       249 |       3307 |             sglang.srt.mem_cache.pool_host.base
import time:      1207 |       1207 |             sglang.srt.mem_cache.pool_host.group
import time:        95 |       4608 |           sglang.srt.mem_cache.pool_host
import time:        17 |       4624 |         sglang.srt.mem_cache.pool_host.common
import time:       506 |       5235 |       sglang.srt.state_capturer.base
import time:      1689 |      37507 |     sglang.srt.managers.utils
import time:      1345 |      65817 |   sglang.srt.disaggregation.decode
import time:       439 |        439 |       sglang.srt.mem_cache.l2_transfer
import time:      1043 |       1481 |     sglang.srt.managers.cache_controller
import time:        77 |         77 |       sglang.srt.mem_cache.hybrid_cache
import time:       149 |        149 |           sglang.kernels.ops.kvcache.hicache
import time:       489 |        638 |         sglang.srt.mem_cache.pool_host.mha
import time:       349 |        986 |       sglang.srt.mem_cache.hybrid_cache.hybrid_cache_controller
import time:       305 |        305 |         sglang.kernels.ops.kvcache.hisparse
import time:       105 |        105 |         sglang.srt.mem_cache.pool_host.hisparse
import time:       318 |        727 |       sglang.srt.mem_cache.memory_pool_host
import time:       166 |        166 |       sglang.srt.mem_cache.pool_host.dsa
import time:       104 |        104 |         sglang.kernels.ops.mamba.transfer_mamba
import time:       206 |        310 |       sglang.srt.mem_cache.pool_host.mamba
import time:       104 |        104 |         sglang.srt.mem_cache.pool_host.npu_memfabric
import time:       356 |        459 |       sglang.srt.mem_cache.pool_host.mla
import time:      1661 |       4383 |     sglang.srt.mem_cache.hybrid_cache.hybrid_pool_assembler
import time:       326 |       6189 |   sglang.srt.disaggregation.decode_kvcache_offload_manager
import time:       100 |        100 |     sglang.srt.disaggregation.encoder
import time:        76 |         76 |         uvicorn._ansi
import time:        81 |         81 |         uvicorn._compat
import time:      1100 |       1100 |         uvicorn._types
import time:       111 |        111 |         uvicorn.importer
import time:       144 |        144 |         uvicorn.logging
import time:        71 |         71 |           uvicorn.middleware
import time:       118 |        188 |         uvicorn.middleware.asgi2
import time:        90 |         90 |         uvicorn.middleware.message_logger
import time:       102 |        102 |         uvicorn.middleware.proxy_headers
import time:       201 |        201 |           a2wsgi
import time:       134 |        335 |         uvicorn.middleware.wsgi
import time:       564 |       2786 |       uvicorn.config
import time:       188 |        188 |         uvicorn.server
import time:        95 |         95 |             uvicorn._subprocess
import time:       142 |        236 |           uvicorn.supervisors.basereload
import time:       158 |        158 |           uvicorn.supervisors.multiprocess
import time:       138 |        138 |             watchfiles
import time:       187 |        324 |           uvicorn.supervisors.watchfilesreload
import time:        85 |         85 |           uvicorn.supervisors.statreload
import time:        91 |        892 |         uvicorn.supervisors
import time:       697 |       1776 |       uvicorn.main
import time:       224 |       4785 |     uvicorn
import time:       141 |        141 |       starlette.status
import time:       106 |        106 |           annotated_doc.main
import time:       132 |        238 |         annotated_doc
import time:       126 |        126 |           anyio._core._typedattr
import time:        91 |         91 |           anyio.abc._resources
import time:       808 |        808 |             fastapi.exceptions
import time:        91 |         91 |               fastapi.openapi
import time:        78 |         78 |                   fastapi.types
import time:       167 |        244 |                 fastapi._compat.shared
import time:        63 |         63 |                   fastapi.openapi.constants
import time:       822 |        885 |                 fastapi._compat.v2
import time:       116 |       1245 |               fastapi._compat
import time:        91 |         91 |               fastapi.logger
import time:       149 |        149 |               email_validator
import time:     47627 |      49201 |             fastapi.openapi.models
import time:       294 |        294 |             fastapi.datastructures
import time:      1737 |      52038 |           fastapi.params
import time:       115 |        115 |             fastapi.dependencies
import time:        66 |         66 |                   fastapi.security.base
import time:       250 |        316 |                 fastapi.security.api_key
import time:        60 |         60 |                   fastapi.security.utils
import time:       760 |        820 |                 fastapi.security.http
import time:       893 |        893 |                   fastapi.param_functions
import time:       563 |       1455 |                 fastapi.security.oauth2
import time:       129 |        129 |                 fastapi.security.open_id_connect_url
import time:       105 |       2822 |               fastapi.security
import time:        18 |       2840 |             fastapi.security.base
import time:      1070 |       4024 |           fastapi.dependencies.models
import time:       136 |        136 |             fastapi.background
import time:       647 |        647 |               anyio.lowlevel
import time:       571 |        571 |               anyio._core._tasks
import time:       116 |        116 |               anyio._core._testing
import time:      2215 |       3548 |             fastapi.concurrency
import time:       185 |        185 |             fastapi.utils
import time:      1047 |       4914 |           fastapi.dependencies.utils
import time:       586 |        586 |             pydantic.color
import time:       351 |        937 |           fastapi.encoders
import time:      1041 |       1041 |           fastapi.sse
import time:       281 |        281 |           starlette.staticfiles
import time:     42329 |     105777 |         fastapi.routing
import time:        68 |         68 |           fastapi.websockets
import time:       125 |        192 |         fastapi.exception_handlers
import time:        77 |         77 |           fastapi.middleware
import time:       137 |        213 |         fastapi.middleware.asyncexitstack
import time:       208 |        208 |         fastapi.openapi.docs
import time:       502 |        502 |           fastapi.responses
import time:       709 |       1210 |         fastapi.openapi.utils
import time:       134 |        134 |           starlette.middleware.errors
import time:        87 |         87 |           starlette.middleware.exceptions
import time:       180 |        400 |         starlette.applications
import time:       182 |        182 |         starlette.middleware.base
import time:      1174 |     109591 |       fastapi.applications
import time:        84 |         84 |       fastapi.requests
import time:       195 |     110009 |     fastapi
import time:        65 |         65 |         sglang.srt.multimodal.processors
import time:       729 |        729 |           sglang.srt.multimodal.cache.identity
import time:      1442 |       1442 |           sglang.srt.multimodal.cache.preprocess_cache
import time:       104 |       2274 |         sglang.srt.multimodal.cache
import time:       153 |        153 |         sglang.srt.multimodal.processors.executor
import time:      1772 |       4262 |       sglang.srt.multimodal.processors.base_processor
import time:       153 |       4414 |     sglang.srt.managers.multimodal_processor
import time:      1287 |     120593 |   sglang.srt.disaggregation.encoder.receiver
import time:      1096 |       1096 |     sglang.srt.disaggregation.common.staging_buffer
import time:       737 |       1833 |   sglang.srt.disaggregation.prefill
import time:      1012 |       1012 |   sglang.srt.distributed.parallel_state_wrapper
import time:       262 |        262 |   sglang.srt.dllm.mixin.scheduler
import time:       486 |        486 |   sglang.srt.lora.lora_drainer
import time:       380 |        380 |         sglang.srt.configs.modelopt_config
import time:      1215 |       1594 |       sglang.srt.configs.load_config
import time:        65 |         65 |               sglang.srt.batch_overlap
import time:       766 |        830 |             sglang.srt.batch_overlap.single_batch_overlap
import time:       469 |        469 |               sglang.srt.batch_overlap.operations
import time:       147 |        147 |                     sglang.srt.hardware_backend.npu.moe.finalize_routing
import time:       154 |        154 |                     sglang.srt.hardware_backend.npu.moe.init_routing
import time:       503 |        503 |                     sglang.srt.layers.moe.token_dispatcher.base
import time:       172 |        172 |                         triton_kernels
import time:       486 |        486 |                           triton.tools.tensor_descriptor
import time:       798 |       1284 |                         triton.tools.ragged_tma
import time:       413 |        413 |                         triton_kernels.target_info
import time:        57 |         57 |                         triton_kernels.tensor_details
import time:        51 |         51 |                             triton_kernels.tensor_details.bitmatrix_details
import time:       765 |        815 |                           triton_kernels.tensor_details.bitmatrix_details.sum_bitmatrix_rows
import time:      1194 |       2009 |                         triton_kernels.tensor_details.bitmatrix
import time:      1947 |       1947 |                         triton_kernels.tensor_details.ragged_tensor
import time:        60 |         60 |                             triton_kernels.tensor_details.layout_details
import time:       891 |        950 |                           triton_kernels.tensor_details.layout_details.base
import time:      3556 |       3556 |                           triton_kernels.tensor_details.layout_details.blackwell_scale
import time:        76 |         76 |                             triton_kernels.tensor_details.layout_details.torch_utils
import time:       863 |        938 |                           triton_kernels.tensor_details.layout_details.blackwell_value
import time:       978 |        978 |                           triton_kernels.tensor_details.layout_details.blackwell_value_shuffled
import time:      1304 |       1304 |                           triton_kernels.tensor_details.layout_details.hopper_scale
import time:        76 |         76 |                                 triton_kernels.numerics_details
import time:        82 |        157 |                               triton_kernels.numerics_details.mxfp_details
import time:      2133 |       2290 |                             triton_kernels.numerics_details.mxfp_details._downcast_to_mxfp
import time:      2205 |       4494 |                           triton_kernels.tensor_details.layout_details.hopper_value
import time:      1059 |       1059 |                           triton_kernels.tensor_details.layout_details.cdna4_scale
import time:      1008 |       1008 |                           triton_kernels.tensor_details.layout_details.gfx1250_scale
import time:       913 |        913 |                           triton_kernels.tensor_details.layout_details.strided
import time:       206 |      15402 |                         triton_kernels.tensor_details.layout
import time:      1005 |       1005 |                         triton_kernels.tensor_details.dtype
import time:      1093 |      23379 |                       triton_kernels.tensor
import time:        77 |         77 |                           triton_kernels.topk_details
import time:      1626 |       1703 |                         triton_kernels.topk_details._topk_forward
import time:       418 |        418 |                         triton_kernels.topk_details._topk_backward
import time:        54 |         54 |                             triton_kernels.distributed_details
import time:       588 |        641 |                           triton_kernels.distributed_details.mesh
import time:      1313 |       1954 |                         triton_kernels.distributed
import time:       282 |       4355 |                       triton_kernels.topk
import time:       908 |        908 |                         sglang.srt.eplb.expert_location
import time:       485 |       1393 |                       sglang.srt.eplb.expert_location_dispatch
import time:       222 |        222 |                       sglang.srt.state_capturer.routed_experts
import time:       842 |        842 |                       sglang.kernels.ops.moe.moe_topk_sigmoid
import time:       334 |        334 |                       sglang.kernels.ops.moe.fill_padded_rows
import time:      8176 |      38697 |                     sglang.srt.layers.moe.topk
import time:       440 |      39939 |                   sglang.srt.layers.moe.token_dispatcher.ascend_tp
import time:       206 |        206 |                     deep_ep
import time:      2215 |       2421 |                   sglang.srt.layers.moe.token_dispatcher.deepep
import time:       161 |        161 |                     deep_ep
import time:       566 |        726 |                   sglang.srt.layers.moe.token_dispatcher.deepep_v2
import time:       102 |        102 |                     sglang.srt.layers.moe.token_dispatcher.flashinfer_utils
import time:       133 |        133 |                       flashinfer
import time:       748 |        880 |                     sglang.srt.layers.moe.token_dispatcher.standard
import time:       137 |        137 |                     flashinfer
import time:       448 |       1565 |                   sglang.srt.layers.moe.token_dispatcher.flashinfer
import time:        60 |         60 |                       sglang.srt.elastic_ep
import time:       823 |        883 |                     sglang.srt.elastic_ep.elastic_ep
import time:       952 |       1835 |                   sglang.srt.layers.moe.token_dispatcher.mooncake
import time:      2191 |       2191 |                   sglang.srt.layers.moe.token_dispatcher.moriep
import time:       151 |        151 |                     nixl_ep
import time:       103 |        103 |                     nixl_ep
import time:       356 |        609 |                   sglang.srt.layers.moe.token_dispatcher.nixl
import time:       126 |        126 |                     pplx_kernels
import time:       533 |        659 |                   sglang.srt.layers.moe.token_dispatcher.pplx
import time:       165 |      50107 |                 sglang.srt.layers.moe.token_dispatcher
import time:       529 |      50636 |               sglang.srt.batch_overlap.operations_strategy
import time:       553 |      51656 |             sglang.srt.batch_overlap.two_batch_overlap
import time:       145 |        145 |               kt_kernel
import time:      2004 |       2149 |             sglang.srt.layers.moe.kt_ep_wrapper
import time:       516 |        516 |                   sglang.srt.model_loader.post_load
import time:       232 |        232 |                   sglang.srt.model_loader.remote_instance_weight_loader_utils
import time:       231 |        231 |                   sglang.srt.model_loader.utils
import time:       558 |        558 |                       fsspec.caching
import time:        84 |         84 |                       fsspec._version
import time:       139 |        139 |                       fsspec.callbacks
import time:       289 |        289 |                         fsspec.utils
import time:       149 |        149 |                           fsspec.config
import time:       106 |        106 |                           fsspec.dircache
import time:       102 |        102 |                           fsspec.transaction
import time:       612 |        968 |                         fsspec.spec
import time:       135 |        135 |                         isal
import time:       107 |        107 |                         lzmaffi
import time:       107 |        107 |                         snappy
import time:       106 |        106 |                           lz4
import time:         9 |        114 |                         lz4.frame
import time:       424 |        424 |                         backports
import time:        85 |         85 |                         backports.zstd
import time:       110 |        110 |                         zstandard
import time:       192 |       2526 |                       fsspec.compression
import time:       132 |        132 |                         fsspec.registry
import time:       214 |        346 |                       fsspec.core
import time:       104 |        104 |                       fsspec.exceptions
import time:       137 |        137 |                       fsspec.mapping
import time:      9178 |      13069 |                     fsspec
import time:       441 |        441 |                     sglang.srt.model_loader.checkpoint_quantization
import time:       301 |        301 |                     sglang.srt.model_loader.ci_weight_validation
import time:       152 |        152 |                     fastsafetensors
import time:      3167 |      17129 |                   sglang.srt.model_loader.weight_utils
import time:      2621 |      20727 |                 sglang.srt.model_loader.loader
import time:       116 |      20842 |               sglang.srt.model_loader
import time:        17 |      20858 |             sglang.srt.model_loader.weight_utils
import time:      1476 |      76967 |           sglang.srt.layers.moe.fused_moe_triton.layer
import time:      6675 |       6675 |               sglang.kernels.ops.moe.fused_moe_triton_kernels
import time:       186 |        186 |               sglang.srt.layers.moe.moe_runner.triton_utils.fused_moe_triton_config
import time:        95 |         95 |               sglang.srt.layers.moe.moe_runner.triton_utils.moe_align_block_size
import time:      5878 |      12832 |             sglang.srt.layers.moe.moe_runner.triton_utils.fused_moe
import time:       147 |      12978 |           sglang.srt.layers.moe.moe_runner.triton_utils
import time:       126 |      90070 |         sglang.srt.layers.moe.fused_moe_triton
import time:        18 |      90087 |       sglang.srt.layers.moe.fused_moe_triton.layer
import time:        68 |         68 |         sglang.srt.lora.backend
import time:      1446 |       1446 |           sglang.srt.lora.utils
import time:       168 |       1614 |         sglang.srt.lora.backend.lmhead_mixing
import time:       621 |       2302 |       sglang.srt.lora.backend.base_backend
import time:       136 |        136 |       sglang.srt.lora.backend.lora_registry
import time:       507 |        507 |       sglang.srt.lora.layers
import time:       138 |        138 |         sglang.srt.lora.lora_config
import time:       384 |        521 |       sglang.srt.lora.lora
import time:       167 |        167 |         sglang.srt.lora.eviction_policy
import time:       455 |        621 |       sglang.srt.lora.mem_pool
import time:      1468 |      97233 |     sglang.srt.lora.lora_manager
import time:       223 |      97456 |   sglang.srt.lora.lora_overlap_loader
import time:       102 |        102 |   sglang.srt.managers.disagg_service
import time:       703 |        703 |   sglang.srt.managers.hisparse_coordinator
import time:       853 |        853 |   sglang.srt.managers.load_snapshot
import time:        98 |         98 |   sglang.srt.managers.min_free_slots_delayer
import time:        77 |         77 |       sglang.srt.model_executor.graph_memory_usage
import time:       936 |       1012 |     sglang.srt.speculative.base_spec_worker
import time:       171 |        171 |     sglang.srt.state_capturer.indexer_topk
import time:      1398 |       2580 |   sglang.srt.managers.scheduler_components.batch_result_processor
import time:        94 |         94 |     sglang.srt.managers.scheduler_components.recv_skipper
import time:       484 |        484 |         sglang.srt.mem_cache.multimodal_cache
import time:        80 |         80 |             sglang.srt.multimodal.evs.evs_core
import time:       792 |        871 |           sglang.srt.multimodal.evs.evs_module
import time:       127 |        127 |           sglang.srt.multimodal.evs.evs_processor
import time:       110 |       1106 |         sglang.srt.multimodal.evs
import time:       693 |       2282 |       sglang.srt.managers.mm_schedule
import time:       642 |        642 |       sglang.srt.mem_cache.registry
import time:        98 |         98 |           sglang.srt.mem_cache.buffer_mode
import time:       233 |        233 |           sglang.srt.mem_cache.unified_cache.cache_action
import time:      1829 |       1829 |               sglang.srt.mem_cache.unified_cache.components.tree_component
import time:       241 |       2069 |             sglang.srt.mem_cache.unified_cache.components.full_component
import time:       294 |        294 |             sglang.srt.mem_cache.unified_cache.components.mamba_component
import time:       400 |        400 |             sglang.srt.mem_cache.unified_cache.components.swa_component
import time:        95 |       2857 |           sglang.srt.mem_cache.unified_cache.components
import time:       384 |        384 |           sglang.srt.mem_cache.unified_cache.unified_tree_core_interface
import time:       392 |       3962 |         sglang.srt.mem_cache.buffer_mode.pipeline
import time:       114 |        114 |         sglang.srt.mem_cache.buffer_mode.storage_existence_cache
import time:       411 |        411 |         sglang.srt.mem_cache.unified_cache.session_ref_tracker
import time:       168 |        168 |         sglang.srt.mem_cache.unified_cache.storage_attachment
import time:       143 |        143 |         sglang.srt.mem_cache.unified_cache.tree_core_registry
import time:       432 |        432 |         sglang.srt.mem_cache.unified_cache.unified_cache_linker
import time:      1073 |       1073 |         sglang.srt.mem_cache.unified_cache.unified_tree_core
import time:        89 |         89 |           sglang.srt.session
import time:       640 |        728 |         sglang.srt.session.streaming_session
import time:       809 |        809 |         sglang.srt.utils.rank_consensus_checker
import time:      1406 |       9242 |       sglang.srt.mem_cache.unified_radix_cache
import time:       864 |      13029 |     sglang.srt.mem_cache.kv_cache_builder
import time:        99 |         99 |           sglang.srt.compilation.torch_compile_decoration
import time:       170 |        170 |           sglang.srt.model_executor.runner.flashinfer_autotune
import time:       240 |        507 |         sglang.srt.model_executor.runner.base_runner
import time:       145 |        651 |       sglang.srt.model_executor.runner.base_cuda_graph_runner
import time:       247 |        247 |         sglang.srt.layers.attention.base_attn_backend
import time:       569 |        569 |         sglang.srt.layers.attention.graph_variants
import time:       320 |        320 |           sglang.srt.model_executor.input_buffers
import time:      1106 |       1426 |         sglang.srt.model_executor.cuda_graph_buffer_registry
import time:       124 |        124 |         sglang.srt.model_executor.runner.metadata_glue_graph
import time:       555 |        555 |         sglang.srt.model_executor.runner.shape_key
import time:       127 |        127 |             sglang.srt.model_executor.runner_backend.base_cuda_graph_backend
import time:       174 |        174 |                   cuda
import time:        14 |        187 |                 cuda.bindings
import time:       801 |        987 |               sglang.srt.model_executor.runner_backend.cuda_graph_dedup_mixin
import time:      1153 |       1153 |                   sglang.srt.model_executor.runner_utils.buffers
import time:       105 |        105 |                   sglang.srt.model_executor.runner_utils.capture_mode
import time:        72 |         72 |                   sglang.srt.model_executor.runner_utils.deepep_adapter
import time:       139 |        139 |                   sglang.srt.model_executor.runner_utils.pool
import time:        93 |         93 |                   sglang.srt.model_executor.runner_utils.shared_read_event
import time:       121 |       1680 |                 sglang.srt.model_executor.runner_utils
import time:        15 |       1695 |               sglang.srt.model_executor.runner_utils.pool
import time:       241 |       2922 |             sglang.srt.model_executor.runner_backend.breakable_cuda_graph_backend
import time:       132 |        132 |             sglang.srt.model_executor.runner_backend.full_cuda_graph_backend
import time:       483 |        483 |               sglang.srt.compilation.compile
import time:        90 |         90 |               sglang.srt.compilation.compile_phase
import time:       227 |        799 |             sglang.srt.model_executor.runner_backend.tc_piecewise_cuda_graph_backend
import time:        85 |         85 |             sglang.srt.model_executor.runner_backend.utils
import time:       110 |       4172 |           sglang.srt.model_executor.runner_backend
import time:        20 |       4192 |         sglang.srt.model_executor.runner_backend.breakable_cuda_graph_backend
import time:        62 |         62 |           sglang.srt.multiplex
import time:       490 |        552 |         sglang.srt.multiplex.pdmux_context
import time:       307 |        307 |         sglang.srt.speculative.ragged_verify
import time:       468 |        468 |         sglang.srt.utils.device_timer
import time:        96 |         96 |           sglang.srt.model_executor.step_span_utils
import time:        56 |         56 |           sglang.srt.utils.torch_npu_patch_utils
import time:       867 |       1018 |         sglang.srt.utils.profile_utils
import time:       158 |        158 |         kt_kernel
import time:       561 |      10173 |       sglang.srt.model_executor.runner.decode_cuda_graph_runner
import time:       150 |        150 |               xielu
import time:        31 |        180 |             xielu.ops
import time:      1154 |       1334 |           sglang.srt.layers.activation
import time:       496 |       1829 |         sglang.srt.layers.pooler
import time:       215 |       2044 |       sglang.srt.model_executor.runner.eager_runner
import time:       444 |        444 |         sglang.srt.layers.cp.bcg
import time:      1441 |       1441 |           sglang.kernels.ops.speculative.spec_tree
import time:       471 |       1911 |         sglang.srt.speculative.eagle_utils
import time:        94 |         94 |         sglang.srt.utils.aiter
import time:      1059 |       3507 |       sglang.srt.model_executor.runner.prefill_cuda_graph_runner
import time:       137 |      16509 |     sglang.srt.model_executor.runner
import time:      1551 |      31182 |   sglang.srt.managers.scheduler_components.dp_attn
import time:       224 |        224 |   sglang.srt.managers.scheduler_components.dynamic_chunk_sizer
import time:        98 |         98 |       sglang.srt.managers.scheduler_components.output_sender
import time:       681 |        778 |     sglang.srt.managers.scheduler_components.ipc_channels
import time:       125 |        903 |   sglang.srt.managers.scheduler_components.flush_wrapper
import time:       119 |        119 |   sglang.srt.managers.scheduler_components.idle_sleeper
import time:      1624 |       1624 |     sglang.srt.managers.scheduler_components.pool_stats_observer
import time:        95 |         95 |       sglang.srt.utils.cudacore_pyspy_dump_utils
import time:       201 |        295 |     sglang.srt.utils.watchdog
import time:       890 |       2808 |   sglang.srt.managers.scheduler_components.invariant_checker
import time:       994 |        994 |   sglang.srt.managers.scheduler_components.kv_events_publisher
import time:      1225 |       1225 |   sglang.srt.managers.scheduler_components.load_inquirer
import time:       186 |        186 |   sglang.srt.managers.scheduler_components.load_publisher
import time:       646 |        646 |   sglang.srt.managers.scheduler_components.logprob_result_processor
import time:        91 |         91 |   sglang.srt.managers.scheduler_components.memory_usage
import time:        76 |         76 |       sglang.srt.utils.log_utils
import time:        97 |        173 |     sglang.srt.utils.scheduler_status_logger
import time:      1473 |       1646 |   sglang.srt.managers.scheduler_components.metrics_reporter
import time:       103 |        103 |     sglang.srt.beam_search.output
import time:      2782 |       2885 |   sglang.srt.managers.scheduler_components.output_streamer
import time:       142 |        142 |     sglang.srt.utils.profile_merger
import time:       508 |        649 |   sglang.srt.managers.scheduler_components.profiler_manager
import time:      1140 |       1140 |       sglang.kernels.ops.memory.gpu_tensor_hash
import time:       523 |       1663 |     sglang.srt.managers.mm_utils
import time:      1177 |       2840 |   sglang.srt.managers.scheduler_components.request_receiver
import time:       705 |        705 |   sglang.srt.managers.scheduler_components.weight_updater
import time:        75 |         75 |     sglang.srt.utils.poll_based_barrier
import time:       278 |        353 |   sglang.srt.managers.scheduler_input_blocker
import time:       152 |        152 |     sglang.srt.sampling.sampling_observer_pp
import time:       707 |        859 |   sglang.srt.managers.scheduler_pp_mixin
import time:       164 |        164 |   sglang.srt.multiplex.multiplexing_mixin
import time:        81 |         81 |   sglang.srt.observability.startup_time
import time:        60 |         60 |     sglang.srt.rust_server
import time:       100 |        100 |     sglang.srt.rust_server.config
import time:       198 |        198 |     sglang.srt.rust_server.multimodal
import time:       108 |        108 |     sglang.srt.utils.flatten
import time:       210 |        675 |   sglang.srt.rust_server.server
import time:       175 |        175 |   sglang.srt.session.session_controller
import time:       809 |        809 |       sglang.kernels.ops.sampling.murmur_hash
import time:      1842 |       2651 |     sglang.srt.layers.sampler
import time:      3985 |       3985 |       sglang.kernels.ops.speculative.cache_locs
import time:       422 |        422 |       sglang.kernels.ops.speculative.eagle
import time:      2624 |       7030 |     sglang.srt.speculative.spec_utils
import time:       576 |        576 |     sglang.kernels.ops.sampling.renorm_triton
import time:      2768 |      13023 |   sglang.srt.speculative.dflash_utils
import time:       102 |        102 |   sglang.srt.speculative.uno_validation
import time:       101 |        101 |   sglang.srt.utils.triton_load_watch
import time:       260 |        260 |   sglang.srt.utils.numa_utils
import time:      3218 |   11058626 | sglang.srt.managers.scheduler
import time:       197 |        197 |           wcwidth.table_grapheme_overrides._registry
import time:        92 |        289 |         wcwidth.table_grapheme_overrides
import time:        52 |         52 |           wcwidth.bisearch
import time:        59 |         59 |             wcwidth.table_mc
import time:        52 |         52 |             wcwidth.table_wide
import time:        97 |         97 |             wcwidth.table_zero
import time:       223 |        223 |             wcwidth.table_grapheme
import time:        61 |         61 |             wcwidth.table_ambiguous
import time:       107 |        107 |             wcwidth.table_overrides
import time:        50 |         50 |             wcwidth.unicode_versions
import time:        55 |         55 |             wcwidth.table_term_programs
import time:       459 |       1159 |           wcwidth._constants
import time:       100 |       1310 |         wcwidth._wcwidth
import time:       126 |        126 |           wcwidth.table_vs15
import time:        54 |         54 |           wcwidth.table_vs16
import time:       127 |        307 |         wcwidth._wcswidth
import time:       417 |        417 |         wcwidth.text_sizing
import time:        94 |         94 |         wcwidth.control_codes
import time:       678 |        678 |           wcwidth.sgr_state
import time:      1273 |       1951 |         wcwidth.escape_sequences
import time:       182 |       4547 |       wcwidth._width
import time:       421 |        421 |       wcwidth.grapheme
import time:       412 |        412 |       wcwidth.hyperlink
import time:       482 |       5859 |     wcwidth._clip
import time:       103 |        103 |     wcwidth.align
import time:       165 |        165 |     wcwidth.textwrap
import time:        95 |         95 |     wcwidth.wcwidth
import time:       235 |       6455 |   wcwidth
import time:        61 |         61 |   tabulate.version
import time:      2367 |       8882 | tabulate
